/*
 Navicat Premium Data Transfer

 Source Server         : localhost
 Source Server Type    : MariaDB
 Source Server Version : 100207
 Source Host           : localhost:3306
 Source Schema         : nfinecorebase

 Target Server Type    : MariaDB
 Target Server Version : 100207
 File Encoding         : 65001

 Date: 25/02/2019 14:47:00
*/

SET NAMES utf8mb4;
SET FOREIGN_KEY_CHECKS = 0;

-- ----------------------------
-- Table structure for __efmigrationshistory
-- ----------------------------
DROP TABLE IF EXISTS `__efmigrationshistory`;
CREATE TABLE `__efmigrationshistory`  (
  `MigrationId` varchar(95) CHARACTER SET utf8 COLLATE utf8_general_ci NOT NULL,
  `ProductVersion` varchar(32) CHARACTER SET utf8 COLLATE utf8_general_ci NOT NULL,
  PRIMARY KEY (`MigrationId`) USING BTREE
) ENGINE = InnoDB CHARACTER SET = utf8 COLLATE = utf8_general_ci ROW_FORMAT = Dynamic;

-- ----------------------------
-- Records of __efmigrationshistory
-- ----------------------------
INSERT INTO `__efmigrationshistory` VALUES ('20190125150050_Init', '2.2.0-rtm-35687');
INSERT INTO `__efmigrationshistory` VALUES ('20190127132050_Init_WeixinManage', '2.2.0-rtm-35687');

-- ----------------------------
-- Table structure for sys_area
-- ----------------------------
DROP TABLE IF EXISTS `sys_area`;
CREATE TABLE `sys_area`  (
  `Id` bigint(20) NOT NULL AUTO_INCREMENT,
  `ParentId` bigint(20) NOT NULL,
  `Layers` int(11) NULL DEFAULT NULL,
  `EnCode` longtext CHARACTER SET utf8 COLLATE utf8_general_ci NULL,
  `SimpleSpelling` longtext CHARACTER SET utf8 COLLATE utf8_general_ci NULL,
  `SortCode` int(11) NULL DEFAULT NULL,
  `DeletedMark` bit(1) NULL DEFAULT NULL,
  `EnabledMark` bit(1) NULL DEFAULT NULL,
  `CreationTime` datetime(6) NULL DEFAULT NULL,
  `CreatorUserId` bigint(20) NULL DEFAULT NULL,
  `LastModificationTime` datetime(6) NULL DEFAULT NULL,
  `LastModifierUserId` bigint(20) NULL DEFAULT NULL,
  `DeletionTime` datetime(6) NULL DEFAULT NULL,
  `DeleterUserId` bigint(20) NULL DEFAULT NULL,
  `FullName` longtext CHARACTER SET utf8 COLLATE utf8_general_ci NULL,
  `Description` longtext CHARACTER SET utf8 COLLATE utf8_general_ci NULL,
  PRIMARY KEY (`Id`) USING BTREE
) ENGINE = InnoDB AUTO_INCREMENT = 832201 CHARACTER SET = utf8 COLLATE = utf8_general_ci ROW_FORMAT = Dynamic;

-- ----------------------------
-- Records of sys_area
-- ----------------------------
INSERT INTO `sys_area` VALUES (110000, 0, 1, '110000', 'bj', 110000, b'0', b'1', '2018-08-22 17:20:57.000000', NULL, NULL, NULL, NULL, NULL, '北京', NULL);
INSERT INTO `sys_area` VALUES (110100, 110000, NULL, NULL, NULL, 110100, b'0', b'1', NULL, NULL, '2018-08-22 17:41:03.961447', NULL, '2018-08-23 09:20:51.378557', NULL, '北京市', NULL);
INSERT INTO `sys_area` VALUES (120000, 0, 1, '120000', 'tj', 120000, b'0', b'1', '2018-08-22 17:20:57.000000', NULL, NULL, NULL, NULL, NULL, '天津', NULL);
INSERT INTO `sys_area` VALUES (120100, 120000, 2, '120100', 'tjs', 120100, b'0', b'1', '2018-08-22 17:20:57.000000', NULL, NULL, NULL, NULL, NULL, '天津市', NULL);
INSERT INTO `sys_area` VALUES (130000, 0, 1, '130000', 'hbs', 130000, b'0', b'1', '2018-08-22 17:20:57.000000', NULL, NULL, NULL, NULL, NULL, '河北省', NULL);
INSERT INTO `sys_area` VALUES (130100, 130000, 2, '130100', 'sjzs', 130100, b'0', b'1', '2018-08-22 17:20:57.000000', NULL, NULL, NULL, NULL, NULL, '石家庄市', NULL);
INSERT INTO `sys_area` VALUES (130200, 130000, 2, '130200', 'tss', 130200, b'0', b'1', '2018-08-22 17:20:57.000000', NULL, NULL, NULL, NULL, NULL, '唐山市', NULL);
INSERT INTO `sys_area` VALUES (130300, 130000, 2, '130300', 'qhds', 130300, b'0', b'1', '2018-08-22 17:20:57.000000', NULL, NULL, NULL, NULL, NULL, '秦皇岛市', NULL);
INSERT INTO `sys_area` VALUES (130400, 130000, 2, '130400', 'hds', 130400, b'0', b'1', '2018-08-22 17:20:57.000000', NULL, NULL, NULL, NULL, NULL, '邯郸市', NULL);
INSERT INTO `sys_area` VALUES (130500, 130000, 2, '130500', 'xts', 130500, b'0', b'1', '2018-08-22 17:20:57.000000', NULL, NULL, NULL, NULL, NULL, '邢台市', NULL);
INSERT INTO `sys_area` VALUES (130600, 130000, 2, '130600', 'bds', 130600, b'0', b'1', '2018-08-22 17:20:57.000000', NULL, NULL, NULL, NULL, NULL, '保定市', NULL);
INSERT INTO `sys_area` VALUES (130700, 130000, 2, '130700', 'zjks', 130700, b'0', b'1', '2018-08-22 17:20:57.000000', NULL, NULL, NULL, NULL, NULL, '张家口市', NULL);
INSERT INTO `sys_area` VALUES (130800, 130000, 2, '130800', 'cds', 130800, b'0', b'1', '2018-08-22 17:20:57.000000', NULL, NULL, NULL, NULL, NULL, '承德市', NULL);
INSERT INTO `sys_area` VALUES (130900, 130000, 2, '130900', 'czs', 130900, b'0', b'1', '2018-08-22 17:20:57.000000', NULL, NULL, NULL, NULL, NULL, '沧州市', NULL);
INSERT INTO `sys_area` VALUES (131000, 130000, 2, '131000', 'lfs', 131000, b'0', b'1', '2018-08-22 17:20:57.000000', NULL, NULL, NULL, NULL, NULL, '廊坊市', NULL);
INSERT INTO `sys_area` VALUES (131100, 130000, 2, '131100', 'hss', 131100, b'0', b'1', '2018-08-22 17:20:57.000000', NULL, NULL, NULL, NULL, NULL, '衡水市', NULL);
INSERT INTO `sys_area` VALUES (140000, 0, 1, '140000', 'sxs', 140000, b'0', b'1', '2018-08-22 17:20:57.000000', NULL, NULL, NULL, NULL, NULL, '山西省', NULL);
INSERT INTO `sys_area` VALUES (140100, 140000, 2, '140100', 'tys', 140100, b'0', b'1', '2018-08-22 17:20:57.000000', NULL, NULL, NULL, NULL, NULL, '太原市', NULL);
INSERT INTO `sys_area` VALUES (140200, 140000, 2, '140200', 'dts', 140200, b'0', b'1', '2018-08-22 17:20:57.000000', NULL, NULL, NULL, NULL, NULL, '大同市', NULL);
INSERT INTO `sys_area` VALUES (140300, 140000, 2, '140300', 'yqs', 140300, b'0', b'1', '2018-08-22 17:20:57.000000', NULL, NULL, NULL, NULL, NULL, '阳泉市', NULL);
INSERT INTO `sys_area` VALUES (140400, 140000, 2, '140400', 'czs', 140400, b'0', b'1', '2018-08-22 17:20:57.000000', NULL, NULL, NULL, NULL, NULL, '长治市', NULL);
INSERT INTO `sys_area` VALUES (140500, 140000, 2, '140500', 'jcs', 140500, b'0', b'1', '2018-08-22 17:20:57.000000', NULL, NULL, NULL, NULL, NULL, '晋城市', NULL);
INSERT INTO `sys_area` VALUES (140600, 140000, 2, '140600', 'szs', 140600, b'0', b'1', '2018-08-22 17:20:57.000000', NULL, NULL, NULL, NULL, NULL, '朔州市', NULL);
INSERT INTO `sys_area` VALUES (140700, 140000, 2, '140700', 'jzs', 140700, b'0', b'1', '2018-08-22 17:20:57.000000', NULL, NULL, NULL, NULL, NULL, '晋中市', NULL);
INSERT INTO `sys_area` VALUES (140800, 140000, 2, '140800', 'ycs', 140800, b'0', b'1', '2018-08-22 17:20:57.000000', NULL, NULL, NULL, NULL, NULL, '运城市', NULL);
INSERT INTO `sys_area` VALUES (140900, 140000, 2, '140900', 'xzs', 140900, b'0', b'1', '2018-08-22 17:20:57.000000', NULL, NULL, NULL, NULL, NULL, '忻州市', NULL);
INSERT INTO `sys_area` VALUES (141000, 140000, 2, '141000', 'lfs', 141000, b'0', b'1', '2018-08-22 17:20:57.000000', NULL, NULL, NULL, NULL, NULL, '临汾市', NULL);
INSERT INTO `sys_area` VALUES (141100, 140000, 2, '141100', 'lls', 141100, b'0', b'1', '2018-08-22 17:20:57.000000', NULL, NULL, NULL, NULL, NULL, '吕梁市', NULL);
INSERT INTO `sys_area` VALUES (150000, 0, 1, '150000', 'nmgzzq', 150000, b'0', b'1', '2018-08-22 17:20:57.000000', NULL, NULL, NULL, NULL, NULL, '内蒙古自治区', NULL);
INSERT INTO `sys_area` VALUES (150100, 150000, 2, '150100', 'hhhts', 150100, b'0', b'1', '2018-08-22 17:20:57.000000', NULL, NULL, NULL, NULL, NULL, '呼和浩特市', NULL);
INSERT INTO `sys_area` VALUES (150200, 150000, 2, '150200', 'bts', 150200, b'0', b'1', '2018-08-22 17:20:57.000000', NULL, NULL, NULL, NULL, NULL, '包头市', NULL);
INSERT INTO `sys_area` VALUES (150300, 150000, 2, '150300', 'whs', 150300, b'0', b'1', '2018-08-22 17:20:57.000000', NULL, NULL, NULL, NULL, NULL, '乌海市', NULL);
INSERT INTO `sys_area` VALUES (150400, 150000, 2, '150400', 'cfs', 150400, b'0', b'1', '2018-08-22 17:20:57.000000', NULL, NULL, NULL, NULL, NULL, '赤峰市', NULL);
INSERT INTO `sys_area` VALUES (150500, 150000, 2, '150500', 'tls', 150500, b'0', b'1', '2018-08-22 17:20:57.000000', NULL, NULL, NULL, NULL, NULL, '通辽市', NULL);
INSERT INTO `sys_area` VALUES (150600, 150000, 2, '150600', 'eedss', 150600, b'0', b'1', '2018-08-22 17:20:57.000000', NULL, NULL, NULL, NULL, NULL, '鄂尔多斯市', NULL);
INSERT INTO `sys_area` VALUES (150700, 150000, 2, '150700', 'hlbes', 150700, b'0', b'1', '2018-08-22 17:20:57.000000', NULL, NULL, NULL, NULL, NULL, '呼伦贝尔市', NULL);
INSERT INTO `sys_area` VALUES (150800, 150000, 2, '150800', 'bynes', 150800, b'0', b'1', '2018-08-22 17:20:57.000000', NULL, NULL, NULL, NULL, NULL, '巴彦淖尔市', NULL);
INSERT INTO `sys_area` VALUES (150900, 150000, 2, '150900', 'wlcbs', 150900, b'0', b'1', '2018-08-22 17:20:57.000000', NULL, NULL, NULL, NULL, NULL, '乌兰察布市', NULL);
INSERT INTO `sys_area` VALUES (152200, 150000, 2, '152200', 'xam', 152200, b'0', b'1', '2018-08-22 17:20:57.000000', NULL, NULL, NULL, NULL, NULL, '兴安盟', NULL);
INSERT INTO `sys_area` VALUES (152500, 150000, 2, '152500', 'xlglm', 152500, b'0', b'1', '2018-08-22 17:20:57.000000', NULL, NULL, NULL, NULL, NULL, '锡林郭勒盟', NULL);
INSERT INTO `sys_area` VALUES (152900, 150000, 2, '152900', 'alsm', 152900, b'0', b'1', '2018-08-22 17:20:57.000000', NULL, NULL, NULL, NULL, NULL, '阿拉善盟', NULL);
INSERT INTO `sys_area` VALUES (210000, 0, 1, '210000', 'lns', 210000, b'0', b'1', '2018-08-22 17:20:57.000000', NULL, NULL, NULL, NULL, NULL, '辽宁省', NULL);
INSERT INTO `sys_area` VALUES (210100, 210000, 2, '210100', 'sys', 210100, b'0', b'1', '2018-08-22 17:20:57.000000', NULL, NULL, NULL, NULL, NULL, '沈阳市', NULL);
INSERT INTO `sys_area` VALUES (210200, 210000, 2, '210200', 'dls', 210200, b'0', b'1', '2018-08-22 17:20:57.000000', NULL, NULL, NULL, NULL, NULL, '大连市', NULL);
INSERT INTO `sys_area` VALUES (210300, 210000, 2, '210300', 'ass', 210300, b'0', b'1', '2018-08-22 17:20:57.000000', NULL, NULL, NULL, NULL, NULL, '鞍山市', NULL);
INSERT INTO `sys_area` VALUES (210400, 210000, 2, '210400', 'fss', 210400, b'0', b'1', '2018-08-22 17:20:57.000000', NULL, NULL, NULL, NULL, NULL, '抚顺市', NULL);
INSERT INTO `sys_area` VALUES (210500, 210000, 2, '210500', 'bxs', 210500, b'0', b'1', '2018-08-22 17:20:57.000000', NULL, NULL, NULL, NULL, NULL, '本溪市', NULL);
INSERT INTO `sys_area` VALUES (210600, 210000, 2, '210600', 'dds', 210600, b'0', b'1', '2018-08-22 17:20:57.000000', NULL, NULL, NULL, NULL, NULL, '丹东市', NULL);
INSERT INTO `sys_area` VALUES (210700, 210000, 2, '210700', 'jzs', 210700, b'0', b'1', '2018-08-22 17:20:57.000000', NULL, NULL, NULL, NULL, NULL, '锦州市', NULL);
INSERT INTO `sys_area` VALUES (210800, 210000, 2, '210800', 'yks', 210800, b'0', b'1', '2018-08-22 17:20:57.000000', NULL, NULL, NULL, NULL, NULL, '营口市', NULL);
INSERT INTO `sys_area` VALUES (210900, 210000, 2, '210900', 'fxs', 210900, b'0', b'1', '2018-08-22 17:20:57.000000', NULL, NULL, NULL, NULL, NULL, '阜新市', NULL);
INSERT INTO `sys_area` VALUES (211000, 210000, 2, '211000', 'lys', 211000, b'0', b'1', '2018-08-22 17:20:57.000000', NULL, NULL, NULL, NULL, NULL, '辽阳市', NULL);
INSERT INTO `sys_area` VALUES (211100, 210000, 2, '211100', 'pjs', 211100, b'0', b'1', '2018-08-22 17:20:57.000000', NULL, NULL, NULL, NULL, NULL, '盘锦市', NULL);
INSERT INTO `sys_area` VALUES (211200, 210000, 2, '211200', 'tls', 211200, b'0', b'1', '2018-08-22 17:20:57.000000', NULL, NULL, NULL, NULL, NULL, '铁岭市', NULL);
INSERT INTO `sys_area` VALUES (211300, 210000, 2, '211300', 'zys', 211300, b'0', b'1', '2018-08-22 17:20:57.000000', NULL, NULL, NULL, NULL, NULL, '朝阳市', NULL);
INSERT INTO `sys_area` VALUES (211400, 210000, 2, '211400', 'hlds', 211400, b'0', b'1', '2018-08-22 17:20:57.000000', NULL, NULL, NULL, NULL, NULL, '葫芦岛市', NULL);
INSERT INTO `sys_area` VALUES (220000, 0, 1, '220000', 'jls', 220000, b'0', b'1', '2018-08-22 17:20:57.000000', NULL, NULL, NULL, NULL, NULL, '吉林省', NULL);
INSERT INTO `sys_area` VALUES (220100, 220000, 2, '220100', 'zcs', 220100, b'0', b'1', '2018-08-22 17:20:57.000000', NULL, NULL, NULL, NULL, NULL, '长春市', NULL);
INSERT INTO `sys_area` VALUES (220200, 220000, 2, '220200', 'jls', 220200, b'0', b'1', '2018-08-22 17:20:57.000000', NULL, NULL, NULL, NULL, NULL, '吉林市', NULL);
INSERT INTO `sys_area` VALUES (220300, 220000, 2, '220300', 'sps', 220300, b'0', b'1', '2018-08-22 17:20:57.000000', NULL, NULL, NULL, NULL, NULL, '四平市', NULL);
INSERT INTO `sys_area` VALUES (220400, 220000, 2, '220400', 'lys', 220400, b'0', b'1', '2018-08-22 17:20:57.000000', NULL, NULL, NULL, NULL, NULL, '辽源市', NULL);
INSERT INTO `sys_area` VALUES (220500, 220000, 2, '220500', 'ths', 220500, b'0', b'1', '2018-08-22 17:20:57.000000', NULL, NULL, NULL, NULL, NULL, '通化市', NULL);
INSERT INTO `sys_area` VALUES (220600, 220000, 2, '220600', 'bss', 220600, b'0', b'1', '2018-08-22 17:20:57.000000', NULL, NULL, NULL, NULL, NULL, '白山市', NULL);
INSERT INTO `sys_area` VALUES (220700, 220000, 2, '220700', 'sys', 220700, b'0', b'1', '2018-08-22 17:20:57.000000', NULL, NULL, NULL, NULL, NULL, '松原市', NULL);
INSERT INTO `sys_area` VALUES (220800, 220000, 2, '220800', 'bcs', 220800, b'0', b'1', '2018-08-22 17:20:57.000000', NULL, NULL, NULL, NULL, NULL, '白城市', NULL);
INSERT INTO `sys_area` VALUES (222400, 220000, 2, '222400', 'ybzxzzzz', 222400, b'0', b'1', '2018-08-22 17:20:57.000000', NULL, NULL, NULL, NULL, NULL, '延边朝鲜族自治州', NULL);
INSERT INTO `sys_area` VALUES (230000, 0, 1, '230000', 'hljs', 230000, b'0', b'1', '2018-08-22 17:20:57.000000', NULL, NULL, NULL, NULL, NULL, '黑龙江省', NULL);
INSERT INTO `sys_area` VALUES (230100, 230000, 2, '230100', 'hebs', 230100, b'0', b'1', '2018-08-22 17:20:57.000000', NULL, NULL, NULL, NULL, NULL, '哈尔滨市', NULL);
INSERT INTO `sys_area` VALUES (230200, 230000, 2, '230200', 'qqhes', 230200, b'0', b'1', '2018-08-22 17:20:57.000000', NULL, NULL, NULL, NULL, NULL, '齐齐哈尔市', NULL);
INSERT INTO `sys_area` VALUES (230300, 230000, 2, '230300', 'jxs', 230300, b'0', b'1', '2018-08-22 17:20:57.000000', NULL, NULL, NULL, NULL, NULL, '鸡西市', NULL);
INSERT INTO `sys_area` VALUES (230400, 230000, 2, '230400', 'hgs', 230400, b'0', b'1', '2018-08-22 17:20:57.000000', NULL, NULL, NULL, NULL, NULL, '鹤岗市', NULL);
INSERT INTO `sys_area` VALUES (230500, 230000, 2, '230500', 'syss', 230500, b'0', b'1', '2018-08-22 17:20:57.000000', NULL, NULL, NULL, NULL, NULL, '双鸭山市', NULL);
INSERT INTO `sys_area` VALUES (230600, 230000, 2, '230600', 'dqs', 230600, b'0', b'1', '2018-08-22 17:20:57.000000', NULL, NULL, NULL, NULL, NULL, '大庆市', NULL);
INSERT INTO `sys_area` VALUES (230700, 230000, 2, '230700', 'ycs', 230700, b'0', b'1', '2018-08-22 17:20:57.000000', NULL, NULL, NULL, NULL, NULL, '伊春市', NULL);
INSERT INTO `sys_area` VALUES (230800, 230000, 2, '230800', 'jmss', 230800, b'0', b'1', '2018-08-22 17:20:57.000000', NULL, NULL, NULL, NULL, NULL, '佳木斯市', NULL);
INSERT INTO `sys_area` VALUES (230900, 230000, 2, '230900', 'qths', 230900, b'0', b'1', '2018-08-22 17:20:57.000000', NULL, NULL, NULL, NULL, NULL, '七台河市', NULL);
INSERT INTO `sys_area` VALUES (231000, 230000, 2, '231000', 'mdjs', 231000, b'0', b'1', '2018-08-22 17:20:57.000000', NULL, NULL, NULL, NULL, NULL, '牡丹江市', NULL);
INSERT INTO `sys_area` VALUES (231100, 230000, 2, '231100', 'hhs', 231100, b'0', b'1', '2018-08-22 17:20:57.000000', NULL, NULL, NULL, NULL, NULL, '黑河市', NULL);
INSERT INTO `sys_area` VALUES (231200, 230000, 2, '231200', 'shs', 231200, b'0', b'1', '2018-08-22 17:20:57.000000', NULL, NULL, NULL, NULL, NULL, '绥化市', NULL);
INSERT INTO `sys_area` VALUES (232700, 230000, 2, '232700', 'dxaldq', 232700, b'0', b'1', '2018-08-22 17:20:57.000000', NULL, NULL, NULL, NULL, NULL, '大兴安岭地区', NULL);
INSERT INTO `sys_area` VALUES (310000, 0, 1, '310000', 'sh', 310000, b'0', b'1', '2018-08-22 17:20:57.000000', NULL, NULL, NULL, NULL, NULL, '上海', NULL);
INSERT INTO `sys_area` VALUES (310100, 310000, 2, '310100', 'shs', 310100, b'0', b'1', '2018-08-22 17:20:57.000000', NULL, NULL, NULL, NULL, NULL, '上海市', NULL);
INSERT INTO `sys_area` VALUES (320000, 0, 1, '320000', 'jss', 320000, b'0', b'1', '2018-08-22 17:20:57.000000', NULL, NULL, NULL, NULL, NULL, '江苏省', NULL);
INSERT INTO `sys_area` VALUES (320100, 320000, 2, '320100', 'njs', 320100, b'0', b'1', '2018-08-22 17:20:57.000000', NULL, NULL, NULL, NULL, NULL, '南京市', NULL);
INSERT INTO `sys_area` VALUES (320200, 320000, 2, '320200', 'wxs', 320200, b'0', b'1', '2018-08-22 17:20:57.000000', NULL, NULL, NULL, NULL, NULL, '无锡市', NULL);
INSERT INTO `sys_area` VALUES (320300, 320000, 2, '320300', 'xzs', 320300, b'0', b'1', '2018-08-22 17:20:57.000000', NULL, NULL, NULL, NULL, NULL, '徐州市', NULL);
INSERT INTO `sys_area` VALUES (320400, 320000, 2, '320400', 'czs', 320400, b'0', b'1', '2018-08-22 17:20:57.000000', NULL, NULL, NULL, NULL, NULL, '常州市', NULL);
INSERT INTO `sys_area` VALUES (320500, 320000, 2, '320500', 'szs', 320500, b'0', b'1', '2018-08-22 17:20:57.000000', NULL, NULL, NULL, NULL, NULL, '苏州市', NULL);
INSERT INTO `sys_area` VALUES (320600, 320000, 2, '320600', 'nts', 320600, b'0', b'1', '2018-08-22 17:20:57.000000', NULL, NULL, NULL, NULL, NULL, '南通市', NULL);
INSERT INTO `sys_area` VALUES (320700, 320000, 2, '320700', 'lygs', 320700, b'0', b'1', '2018-08-22 17:20:57.000000', NULL, NULL, NULL, NULL, NULL, '连云港市', NULL);
INSERT INTO `sys_area` VALUES (320800, 320000, 2, '320800', 'has', 320800, b'0', b'1', '2018-08-22 17:20:57.000000', NULL, NULL, NULL, NULL, NULL, '淮安市', NULL);
INSERT INTO `sys_area` VALUES (320900, 320000, 2, '320900', 'ycs', 320900, b'0', b'1', '2018-08-22 17:20:57.000000', NULL, NULL, NULL, NULL, NULL, '盐城市', NULL);
INSERT INTO `sys_area` VALUES (321000, 320000, 2, '321000', 'yzs', 321000, b'0', b'1', '2018-08-22 17:20:57.000000', NULL, NULL, NULL, NULL, NULL, '扬州市', NULL);
INSERT INTO `sys_area` VALUES (321100, 320000, 2, '321100', 'zjs', 321100, b'0', b'1', '2018-08-22 17:20:57.000000', NULL, NULL, NULL, NULL, NULL, '镇江市', NULL);
INSERT INTO `sys_area` VALUES (321200, 320000, 2, '321200', 'tzs', 321200, b'0', b'1', '2018-08-22 17:20:57.000000', NULL, NULL, NULL, NULL, NULL, '泰州市', NULL);
INSERT INTO `sys_area` VALUES (321300, 320000, 2, '321300', 'sqs', 321300, b'0', b'1', '2018-08-22 17:20:57.000000', NULL, NULL, NULL, NULL, NULL, '宿迁市', NULL);
INSERT INTO `sys_area` VALUES (330000, 0, 1, '330000', 'zjs', 330000, b'0', b'1', '2018-08-22 17:20:57.000000', NULL, NULL, NULL, NULL, NULL, '浙江省', NULL);
INSERT INTO `sys_area` VALUES (330100, 330000, 2, '330100', 'hzs', 330100, b'0', b'1', '2018-08-22 17:20:57.000000', NULL, NULL, NULL, NULL, NULL, '杭州市', NULL);
INSERT INTO `sys_area` VALUES (330200, 330000, 2, '330200', 'nbs', 330200, b'0', b'1', '2018-08-22 17:20:57.000000', NULL, NULL, NULL, NULL, NULL, '宁波市', NULL);
INSERT INTO `sys_area` VALUES (330300, 330000, 2, '330300', 'wzs', 330300, b'0', b'1', '2018-08-22 17:20:57.000000', NULL, NULL, NULL, NULL, NULL, '温州市', NULL);
INSERT INTO `sys_area` VALUES (330400, 330000, 2, '330400', 'jxs', 330400, b'0', b'1', '2018-08-22 17:20:57.000000', NULL, NULL, NULL, NULL, NULL, '嘉兴市', NULL);
INSERT INTO `sys_area` VALUES (330500, 330000, 2, '330500', 'hzs', 330500, b'0', b'1', '2018-08-22 17:20:57.000000', NULL, NULL, NULL, NULL, NULL, '湖州市', NULL);
INSERT INTO `sys_area` VALUES (330600, 330000, 2, '330600', 'sxs', 330600, b'0', b'1', '2018-08-22 17:20:57.000000', NULL, NULL, NULL, NULL, NULL, '绍兴市', NULL);
INSERT INTO `sys_area` VALUES (330700, 330000, 2, '330700', 'jhs', 330700, b'0', b'1', '2018-08-22 17:20:57.000000', NULL, NULL, NULL, NULL, NULL, '金华市', NULL);
INSERT INTO `sys_area` VALUES (330800, 330000, 2, '330800', 'qzs', 330800, b'0', b'1', '2018-08-22 17:20:57.000000', NULL, NULL, NULL, NULL, NULL, '衢州市', NULL);
INSERT INTO `sys_area` VALUES (330900, 330000, 2, '330900', 'zss', 330900, b'0', b'1', '2018-08-22 17:20:57.000000', NULL, NULL, NULL, NULL, NULL, '舟山市', NULL);
INSERT INTO `sys_area` VALUES (331000, 330000, 2, '331000', 'tzs', 331000, b'0', b'1', '2018-08-22 17:20:57.000000', NULL, NULL, NULL, NULL, NULL, '台州市', NULL);
INSERT INTO `sys_area` VALUES (331100, 330000, 2, '331100', 'lss', 331100, b'0', b'1', '2018-08-22 17:20:57.000000', NULL, NULL, NULL, NULL, NULL, '丽水市', NULL);
INSERT INTO `sys_area` VALUES (340000, 0, 1, '340000', 'ahs', 340000, b'0', b'1', '2018-08-22 17:20:57.000000', NULL, NULL, NULL, NULL, NULL, '安徽省', NULL);
INSERT INTO `sys_area` VALUES (340100, 340000, 2, '340100', 'hfs', 340100, b'0', b'1', '2018-08-22 17:20:57.000000', NULL, NULL, NULL, NULL, NULL, '合肥市', NULL);
INSERT INTO `sys_area` VALUES (340200, 340000, 2, '340200', 'whs', 340200, b'0', b'1', '2018-08-22 17:20:57.000000', NULL, NULL, NULL, NULL, NULL, '芜湖市', NULL);
INSERT INTO `sys_area` VALUES (340300, 340000, 2, '340300', 'bbs', 340300, b'0', b'1', '2018-08-22 17:20:57.000000', NULL, NULL, NULL, NULL, NULL, '蚌埠市', NULL);
INSERT INTO `sys_area` VALUES (340400, 340000, 2, '340400', 'hns', 340400, b'0', b'1', '2018-08-22 17:20:57.000000', NULL, NULL, NULL, NULL, NULL, '淮南市', NULL);
INSERT INTO `sys_area` VALUES (340500, 340000, 2, '340500', 'mass', 340500, b'0', b'1', '2018-08-22 17:20:57.000000', NULL, NULL, NULL, NULL, NULL, '马鞍山市', NULL);
INSERT INTO `sys_area` VALUES (340600, 340000, 2, '340600', 'hbs', 340600, b'0', b'1', '2018-08-22 17:20:57.000000', NULL, NULL, NULL, NULL, NULL, '淮北市', NULL);
INSERT INTO `sys_area` VALUES (340700, 340000, 2, '340700', 'tls', 340700, b'0', b'1', '2018-08-22 17:20:57.000000', NULL, NULL, NULL, NULL, NULL, '铜陵市', NULL);
INSERT INTO `sys_area` VALUES (340800, 340000, 2, '340800', 'aqs', 340800, b'0', b'1', '2018-08-22 17:20:57.000000', NULL, NULL, NULL, NULL, NULL, '安庆市', NULL);
INSERT INTO `sys_area` VALUES (341000, 340000, 2, '341000', 'hss', 341000, b'0', b'1', '2018-08-22 17:20:57.000000', NULL, NULL, NULL, NULL, NULL, '黄山市', NULL);
INSERT INTO `sys_area` VALUES (341100, 340000, 2, '341100', 'czs', 341100, b'0', b'1', '2018-08-22 17:20:57.000000', NULL, NULL, NULL, NULL, NULL, '滁州市', NULL);
INSERT INTO `sys_area` VALUES (341200, 340000, 2, '341200', 'fys', 341200, b'0', b'1', '2018-08-22 17:20:57.000000', NULL, NULL, NULL, NULL, NULL, '阜阳市', NULL);
INSERT INTO `sys_area` VALUES (341300, 340000, 2, '341300', 'szs', 341300, b'0', b'1', '2018-08-22 17:20:57.000000', NULL, NULL, NULL, NULL, NULL, '宿州市', NULL);
INSERT INTO `sys_area` VALUES (341500, 340000, 2, '341500', 'las', 341500, b'0', b'1', '2018-08-22 17:20:57.000000', NULL, NULL, NULL, NULL, NULL, '六安市', NULL);
INSERT INTO `sys_area` VALUES (341600, 340000, 2, '341600', 'bzs', 341600, b'0', b'1', '2018-08-22 17:20:57.000000', NULL, NULL, NULL, NULL, NULL, '亳州市', NULL);
INSERT INTO `sys_area` VALUES (341700, 340000, 2, '341700', 'czs', 341700, b'0', b'1', '2018-08-22 17:20:57.000000', NULL, NULL, NULL, NULL, NULL, '池州市', NULL);
INSERT INTO `sys_area` VALUES (341800, 340000, 2, '341800', 'xcs', 341800, b'0', b'1', '2018-08-22 17:20:57.000000', NULL, NULL, NULL, NULL, NULL, '宣城市', NULL);
INSERT INTO `sys_area` VALUES (350000, 0, 1, '350000', 'fjs', 350000, b'0', b'1', '2018-08-22 17:20:57.000000', NULL, NULL, NULL, NULL, NULL, '福建省', NULL);
INSERT INTO `sys_area` VALUES (350100, 350000, 2, '350100', 'fzs', 350100, b'0', b'1', '2018-08-22 17:20:57.000000', NULL, NULL, NULL, NULL, NULL, '福州市', NULL);
INSERT INTO `sys_area` VALUES (350200, 350000, 2, '350200', 'xms', 350200, b'0', b'1', '2018-08-22 17:20:57.000000', NULL, NULL, NULL, NULL, NULL, '厦门市', NULL);
INSERT INTO `sys_area` VALUES (350300, 350000, 2, '350300', 'pts', 350300, b'0', b'1', '2018-08-22 17:20:57.000000', NULL, NULL, NULL, NULL, NULL, '莆田市', NULL);
INSERT INTO `sys_area` VALUES (350400, 350000, 2, '350400', 'sms', 350400, b'0', b'1', '2018-08-22 17:20:57.000000', NULL, NULL, NULL, NULL, NULL, '三明市', NULL);
INSERT INTO `sys_area` VALUES (350500, 350000, 2, '350500', 'qzs', 350500, b'0', b'1', '2018-08-22 17:20:57.000000', NULL, NULL, NULL, NULL, NULL, '泉州市', NULL);
INSERT INTO `sys_area` VALUES (350600, 350000, 2, '350600', 'zzs', 350600, b'0', b'1', '2018-08-22 17:20:57.000000', NULL, NULL, NULL, NULL, NULL, '漳州市', NULL);
INSERT INTO `sys_area` VALUES (350700, 350000, 2, '350700', 'nps', 350700, b'0', b'1', '2018-08-22 17:20:57.000000', NULL, NULL, NULL, NULL, NULL, '南平市', NULL);
INSERT INTO `sys_area` VALUES (350800, 350000, 2, '350800', 'lys', 350800, b'0', b'1', '2018-08-22 17:20:57.000000', NULL, NULL, NULL, NULL, NULL, '龙岩市', NULL);
INSERT INTO `sys_area` VALUES (350900, 350000, 2, '350900', 'nds', 350900, b'0', b'1', '2018-08-22 17:20:57.000000', NULL, NULL, NULL, NULL, NULL, '宁德市', NULL);
INSERT INTO `sys_area` VALUES (360000, 0, 1, '360000', 'jxs', 360000, b'0', b'1', '2018-08-22 17:20:57.000000', NULL, NULL, NULL, NULL, NULL, '江西省', NULL);
INSERT INTO `sys_area` VALUES (360100, 360000, 2, '360100', 'ncs', 360100, b'0', b'1', '2018-08-22 17:20:57.000000', NULL, NULL, NULL, NULL, NULL, '南昌市', NULL);
INSERT INTO `sys_area` VALUES (360200, 360000, 2, '360200', 'jdzs', 360200, b'0', b'1', '2018-08-22 17:20:57.000000', NULL, NULL, NULL, NULL, NULL, '景德镇市', NULL);
INSERT INTO `sys_area` VALUES (360300, 360000, 2, '360300', 'pxs', 360300, b'0', b'1', '2018-08-22 17:20:57.000000', NULL, NULL, NULL, NULL, NULL, '萍乡市', NULL);
INSERT INTO `sys_area` VALUES (360400, 360000, 2, '360400', 'jjs', 360400, b'0', b'1', '2018-08-22 17:20:57.000000', NULL, NULL, NULL, NULL, NULL, '九江市', NULL);
INSERT INTO `sys_area` VALUES (360500, 360000, 2, '360500', 'xys', 360500, b'0', b'1', '2018-08-22 17:20:57.000000', NULL, NULL, NULL, NULL, NULL, '新余市', NULL);
INSERT INTO `sys_area` VALUES (360600, 360000, 2, '360600', 'yts', 360600, b'0', b'1', '2018-08-22 17:20:57.000000', NULL, NULL, NULL, NULL, NULL, '鹰潭市', NULL);
INSERT INTO `sys_area` VALUES (360700, 360000, 2, '360700', 'gzs', 360700, b'0', b'1', '2018-08-22 17:20:57.000000', NULL, NULL, NULL, NULL, NULL, '赣州市', NULL);
INSERT INTO `sys_area` VALUES (360800, 360000, 2, '360800', 'jas', 360800, b'0', b'1', '2018-08-22 17:20:57.000000', NULL, NULL, NULL, NULL, NULL, '吉安市', NULL);
INSERT INTO `sys_area` VALUES (360900, 360000, 2, '360900', 'ycs', 360900, b'0', b'1', '2018-08-22 17:20:57.000000', NULL, NULL, NULL, NULL, NULL, '宜春市', NULL);
INSERT INTO `sys_area` VALUES (361000, 360000, 2, '361000', 'fzs', 361000, b'0', b'1', '2018-08-22 17:20:57.000000', NULL, NULL, NULL, NULL, NULL, '抚州市', NULL);
INSERT INTO `sys_area` VALUES (361100, 360000, 2, '361100', 'srs', 361100, b'0', b'1', '2018-08-22 17:20:57.000000', NULL, NULL, NULL, NULL, NULL, '上饶市', NULL);
INSERT INTO `sys_area` VALUES (370000, 0, 1, '370000', 'sds', 370000, b'0', b'1', '2018-08-22 17:20:57.000000', NULL, NULL, NULL, NULL, NULL, '山东省', NULL);
INSERT INTO `sys_area` VALUES (370100, 370000, 2, '370100', 'jns', 370100, b'0', b'1', '2018-08-22 17:20:57.000000', NULL, NULL, NULL, NULL, NULL, '济南市', NULL);
INSERT INTO `sys_area` VALUES (370200, 370000, 2, '370200', 'qds', 370200, b'0', b'1', '2018-08-22 17:20:57.000000', NULL, NULL, NULL, NULL, NULL, '青岛市', NULL);
INSERT INTO `sys_area` VALUES (370300, 370000, 2, '370300', 'zbs', 370300, b'0', b'1', '2018-08-22 17:20:57.000000', NULL, NULL, NULL, NULL, NULL, '淄博市', NULL);
INSERT INTO `sys_area` VALUES (370400, 370000, 2, '370400', 'zzs', 370400, b'0', b'1', '2018-08-22 17:20:57.000000', NULL, NULL, NULL, NULL, NULL, '枣庄市', NULL);
INSERT INTO `sys_area` VALUES (370500, 370000, 2, '370500', 'dys', 370500, b'0', b'1', '2018-08-22 17:20:57.000000', NULL, NULL, NULL, NULL, NULL, '东营市', NULL);
INSERT INTO `sys_area` VALUES (370600, 370000, 2, '370600', 'yts', 370600, b'0', b'1', '2018-08-22 17:20:57.000000', NULL, NULL, NULL, NULL, NULL, '烟台市', NULL);
INSERT INTO `sys_area` VALUES (370700, 370000, 2, '370700', 'wfs', 370700, b'0', b'1', '2018-08-22 17:20:57.000000', NULL, NULL, NULL, NULL, NULL, '潍坊市', NULL);
INSERT INTO `sys_area` VALUES (370800, 370000, 2, '370800', 'jns', 370800, b'0', b'1', '2018-08-22 17:20:57.000000', NULL, NULL, NULL, NULL, NULL, '济宁市', NULL);
INSERT INTO `sys_area` VALUES (370900, 370000, 2, '370900', 'tas', 370900, b'0', b'1', '2018-08-22 17:20:57.000000', NULL, NULL, NULL, NULL, NULL, '泰安市', NULL);
INSERT INTO `sys_area` VALUES (371000, 370000, 2, '371000', 'whs', 371000, b'0', b'1', '2018-08-22 17:20:57.000000', NULL, NULL, NULL, NULL, NULL, '威海市', NULL);
INSERT INTO `sys_area` VALUES (371100, 370000, 2, '371100', 'rzs', 371100, b'0', b'1', '2018-08-22 17:20:57.000000', NULL, NULL, NULL, NULL, NULL, '日照市', NULL);
INSERT INTO `sys_area` VALUES (371200, 370000, 2, '371200', 'lws', 371200, b'0', b'1', '2018-08-22 17:20:57.000000', NULL, NULL, NULL, NULL, NULL, '莱芜市', NULL);
INSERT INTO `sys_area` VALUES (371300, 370000, 2, '371300', 'lys', 371300, b'0', b'1', '2018-08-22 17:20:57.000000', NULL, NULL, NULL, NULL, NULL, '临沂市', NULL);
INSERT INTO `sys_area` VALUES (371400, 370000, 2, '371400', 'dzs', 371400, b'0', b'1', '2018-08-22 17:20:57.000000', NULL, NULL, NULL, NULL, NULL, '德州市', NULL);
INSERT INTO `sys_area` VALUES (371500, 370000, 2, '371500', 'lcs', 371500, b'0', b'1', '2018-08-22 17:20:57.000000', NULL, NULL, NULL, NULL, NULL, '聊城市', NULL);
INSERT INTO `sys_area` VALUES (371600, 370000, 2, '371600', 'bzs', 371600, b'0', b'1', '2018-08-22 17:20:57.000000', NULL, NULL, NULL, NULL, NULL, '滨州市', NULL);
INSERT INTO `sys_area` VALUES (371700, 370000, 2, '371700', 'hzs', 371700, b'0', b'1', '2018-08-22 17:20:57.000000', NULL, NULL, NULL, NULL, NULL, '菏泽市', NULL);
INSERT INTO `sys_area` VALUES (410000, 0, 1, '410000', 'hns', 410000, b'0', b'1', '2018-08-22 17:20:57.000000', NULL, NULL, NULL, NULL, NULL, '河南省', NULL);
INSERT INTO `sys_area` VALUES (410100, 410000, 2, '410100', 'zzs', 410100, b'0', b'1', '2018-08-22 17:20:57.000000', NULL, NULL, NULL, NULL, NULL, '郑州市', NULL);
INSERT INTO `sys_area` VALUES (410200, 410000, 2, '410200', 'kfs', 410200, b'0', b'1', '2018-08-22 17:20:57.000000', NULL, NULL, NULL, NULL, NULL, '开封市', NULL);
INSERT INTO `sys_area` VALUES (410300, 410000, 2, '410300', 'lys', 410300, b'0', b'1', '2018-08-22 17:20:57.000000', NULL, NULL, NULL, NULL, NULL, '洛阳市', NULL);
INSERT INTO `sys_area` VALUES (410400, 410000, 2, '410400', 'pdss', 410400, b'0', b'1', '2018-08-22 17:20:57.000000', NULL, NULL, NULL, NULL, NULL, '平顶山市', NULL);
INSERT INTO `sys_area` VALUES (410500, 410000, 2, '410500', 'ays', 410500, b'0', b'1', '2018-08-22 17:20:57.000000', NULL, NULL, NULL, NULL, NULL, '安阳市', NULL);
INSERT INTO `sys_area` VALUES (410600, 410000, 2, '410600', 'hbs', 410600, b'0', b'1', '2018-08-22 17:20:57.000000', NULL, NULL, NULL, NULL, NULL, '鹤壁市', NULL);
INSERT INTO `sys_area` VALUES (410700, 410000, 2, '410700', 'xxs', 410700, b'0', b'1', '2018-08-22 17:20:57.000000', NULL, NULL, NULL, NULL, NULL, '新乡市', NULL);
INSERT INTO `sys_area` VALUES (410800, 410000, 2, '410800', 'jzs', 410800, b'0', b'1', '2018-08-22 17:20:57.000000', NULL, NULL, NULL, NULL, NULL, '焦作市', NULL);
INSERT INTO `sys_area` VALUES (410881, 410000, 2, '410881', 'jys', 410881, b'0', b'1', '2018-08-22 17:20:57.000000', NULL, NULL, NULL, NULL, NULL, '济源市', NULL);
INSERT INTO `sys_area` VALUES (410900, 410000, 2, '410900', 'pys', 410900, b'0', b'1', '2018-08-22 17:20:57.000000', NULL, NULL, NULL, NULL, NULL, '濮阳市', NULL);
INSERT INTO `sys_area` VALUES (411000, 410000, 2, '411000', 'xcs', 411000, b'0', b'1', '2018-08-22 17:20:57.000000', NULL, NULL, NULL, NULL, NULL, '许昌市', NULL);
INSERT INTO `sys_area` VALUES (411100, 410000, 2, '411100', 'lhs', 411100, b'0', b'1', '2018-08-22 17:20:57.000000', NULL, NULL, NULL, NULL, NULL, '漯河市', NULL);
INSERT INTO `sys_area` VALUES (411200, 410000, 2, '411200', 'smxs', 411200, b'0', b'1', '2018-08-22 17:20:57.000000', NULL, NULL, NULL, NULL, NULL, '三门峡市', NULL);
INSERT INTO `sys_area` VALUES (411300, 410000, 2, '411300', 'nys', 411300, b'0', b'1', '2018-08-22 17:20:57.000000', NULL, NULL, NULL, NULL, NULL, '南阳市', NULL);
INSERT INTO `sys_area` VALUES (411400, 410000, 2, '411400', 'sqs', 411400, b'0', b'1', '2018-08-22 17:20:57.000000', NULL, NULL, NULL, NULL, NULL, '商丘市', NULL);
INSERT INTO `sys_area` VALUES (411500, 410000, 2, '411500', 'xys', 411500, b'0', b'1', '2018-08-22 17:20:57.000000', NULL, NULL, NULL, NULL, NULL, '信阳市', NULL);
INSERT INTO `sys_area` VALUES (411600, 410000, 2, '411600', 'zks', 411600, b'0', b'1', '2018-08-22 17:20:57.000000', NULL, NULL, NULL, NULL, NULL, '周口市', NULL);
INSERT INTO `sys_area` VALUES (411700, 410000, 2, '411700', 'zmds', 411700, b'0', b'1', '2018-08-22 17:20:57.000000', NULL, NULL, NULL, NULL, NULL, '驻马店市', NULL);
INSERT INTO `sys_area` VALUES (420000, 0, 1, '420000', 'hbs', 420000, b'0', b'1', '2018-08-22 17:20:57.000000', NULL, NULL, NULL, NULL, NULL, '湖北省', NULL);
INSERT INTO `sys_area` VALUES (420100, 420000, 2, '420100', 'whs', 420100, b'0', b'1', '2018-08-22 17:20:57.000000', NULL, NULL, NULL, NULL, NULL, '武汉市', NULL);
INSERT INTO `sys_area` VALUES (420200, 420000, 2, '420200', 'hss', 420200, b'0', b'1', '2018-08-22 17:20:57.000000', NULL, NULL, NULL, NULL, NULL, '黄石市', NULL);
INSERT INTO `sys_area` VALUES (420300, 420000, 2, '420300', 'sys', 420300, b'0', b'1', '2018-08-22 17:20:57.000000', NULL, NULL, NULL, NULL, NULL, '十堰市', NULL);
INSERT INTO `sys_area` VALUES (420500, 420000, 2, '420500', 'ycs', 420500, b'0', b'1', '2018-08-22 17:20:57.000000', NULL, NULL, NULL, NULL, NULL, '宜昌市', NULL);
INSERT INTO `sys_area` VALUES (420600, 420000, 2, '420600', 'xys', 420600, b'0', b'1', '2018-08-22 17:20:57.000000', NULL, NULL, NULL, NULL, NULL, '襄阳市', NULL);
INSERT INTO `sys_area` VALUES (420700, 420000, 2, '420700', 'ezs', 420700, b'0', b'1', '2018-08-22 17:20:57.000000', NULL, NULL, NULL, NULL, NULL, '鄂州市', NULL);
INSERT INTO `sys_area` VALUES (420800, 420000, 2, '420800', 'jms', 420800, b'0', b'1', '2018-08-22 17:20:57.000000', NULL, NULL, NULL, NULL, NULL, '荆门市', NULL);
INSERT INTO `sys_area` VALUES (420900, 420000, 2, '420900', 'xgs', 420900, b'0', b'1', '2018-08-22 17:20:57.000000', NULL, NULL, NULL, NULL, NULL, '孝感市', NULL);
INSERT INTO `sys_area` VALUES (421000, 420000, 2, '421000', 'jzs', 421000, b'0', b'1', '2018-08-22 17:20:57.000000', NULL, NULL, NULL, NULL, NULL, '荆州市', NULL);
INSERT INTO `sys_area` VALUES (421100, 420000, 2, '421100', 'hgs', 421100, b'0', b'1', '2018-08-22 17:20:57.000000', NULL, NULL, NULL, NULL, NULL, '黄冈市', NULL);
INSERT INTO `sys_area` VALUES (421200, 420000, 2, '421200', 'xns', 421200, b'0', b'1', '2018-08-22 17:20:57.000000', NULL, NULL, NULL, NULL, NULL, '咸宁市', NULL);
INSERT INTO `sys_area` VALUES (421300, 420000, 2, '421300', 'szs', 421300, b'0', b'1', '2018-08-22 17:20:57.000000', NULL, NULL, NULL, NULL, NULL, '随州市', NULL);
INSERT INTO `sys_area` VALUES (422800, 420000, 2, '422800', 'estjzmzzzz', 422800, b'0', b'1', '2018-08-22 17:20:57.000000', NULL, NULL, NULL, NULL, NULL, '恩施土家族苗族自治州', NULL);
INSERT INTO `sys_area` VALUES (430000, 0, 1, '430000', 'hns', 430000, b'0', b'1', '2018-08-22 17:20:57.000000', NULL, NULL, NULL, NULL, NULL, '湖南省', NULL);
INSERT INTO `sys_area` VALUES (430100, 430000, 2, '430100', 'zss', 430100, b'0', b'1', '2018-08-22 17:20:57.000000', NULL, NULL, NULL, NULL, NULL, '长沙市', NULL);
INSERT INTO `sys_area` VALUES (430200, 430000, 2, '430200', 'zzs', 430200, b'0', b'1', '2018-08-22 17:20:57.000000', NULL, NULL, NULL, NULL, NULL, '株洲市', NULL);
INSERT INTO `sys_area` VALUES (430300, 430000, 2, '430300', 'xts', 430300, b'0', b'1', '2018-08-22 17:20:57.000000', NULL, NULL, NULL, NULL, NULL, '湘潭市', NULL);
INSERT INTO `sys_area` VALUES (430400, 430000, 2, '430400', 'hys', 430400, b'0', b'1', '2018-08-22 17:20:57.000000', NULL, NULL, NULL, NULL, NULL, '衡阳市', NULL);
INSERT INTO `sys_area` VALUES (430500, 430000, 2, '430500', 'sys', 430500, b'0', b'1', '2018-08-22 17:20:57.000000', NULL, NULL, NULL, NULL, NULL, '邵阳市', NULL);
INSERT INTO `sys_area` VALUES (430600, 430000, 2, '430600', 'yys', 430600, b'0', b'1', '2018-08-22 17:20:57.000000', NULL, NULL, NULL, NULL, NULL, '岳阳市', NULL);
INSERT INTO `sys_area` VALUES (430700, 430000, 2, '430700', 'cds', 430700, b'0', b'1', '2018-08-22 17:20:57.000000', NULL, NULL, NULL, NULL, NULL, '常德市', NULL);
INSERT INTO `sys_area` VALUES (430800, 430000, 2, '430800', 'zjjs', 430800, b'0', b'1', '2018-08-22 17:20:57.000000', NULL, NULL, NULL, NULL, NULL, '张家界市', NULL);
INSERT INTO `sys_area` VALUES (430900, 430000, 2, '430900', 'yys', 430900, b'0', b'1', '2018-08-22 17:20:57.000000', NULL, NULL, NULL, NULL, NULL, '益阳市', NULL);
INSERT INTO `sys_area` VALUES (431000, 430000, 2, '431000', 'czs', 431000, b'0', b'1', '2018-08-22 17:20:57.000000', NULL, NULL, NULL, NULL, NULL, '郴州市', NULL);
INSERT INTO `sys_area` VALUES (431100, 430000, 2, '431100', 'yzs', 431100, b'0', b'1', '2018-08-22 17:20:57.000000', NULL, NULL, NULL, NULL, NULL, '永州市', NULL);
INSERT INTO `sys_area` VALUES (431200, 430000, 2, '431200', 'hhs', 431200, b'0', b'1', '2018-08-22 17:20:57.000000', NULL, NULL, NULL, NULL, NULL, '怀化市', NULL);
INSERT INTO `sys_area` VALUES (431300, 430000, 2, '431300', 'lds', 431300, b'0', b'1', '2018-08-22 17:20:57.000000', NULL, NULL, NULL, NULL, NULL, '娄底市', NULL);
INSERT INTO `sys_area` VALUES (433100, 430000, 2, '433100', 'xxtjzmzzzz', 433100, b'0', b'1', '2018-08-22 17:20:57.000000', NULL, NULL, NULL, NULL, NULL, '湘西土家族苗族自治州', NULL);
INSERT INTO `sys_area` VALUES (440000, 0, 1, '440000', 'gds', 440000, b'0', b'1', '2018-08-22 17:20:57.000000', NULL, NULL, NULL, NULL, NULL, '广东省', NULL);
INSERT INTO `sys_area` VALUES (440100, 440000, 2, '440100', 'gzs', 440100, b'0', b'1', '2018-08-22 17:20:57.000000', NULL, NULL, NULL, NULL, NULL, '广州市', NULL);
INSERT INTO `sys_area` VALUES (440200, 440000, 2, '440200', 'sgs', 440200, b'0', b'1', '2018-08-22 17:20:57.000000', NULL, NULL, NULL, NULL, NULL, '韶关市', NULL);
INSERT INTO `sys_area` VALUES (440300, 440000, 2, '440300', 'szs', 440300, b'0', b'1', '2018-08-22 17:20:57.000000', NULL, NULL, NULL, NULL, NULL, '深圳市', NULL);
INSERT INTO `sys_area` VALUES (440400, 440000, 2, '440400', 'zhs', 440400, b'0', b'1', '2018-08-22 17:20:57.000000', NULL, NULL, NULL, NULL, NULL, '珠海市', NULL);
INSERT INTO `sys_area` VALUES (440500, 440000, 2, '440500', 'sts', 440500, b'0', b'1', '2018-08-22 17:20:57.000000', NULL, NULL, NULL, NULL, NULL, '汕头市', NULL);
INSERT INTO `sys_area` VALUES (440600, 440000, 2, '440600', 'fss', 440600, b'0', b'1', '2018-08-22 17:20:57.000000', NULL, NULL, NULL, NULL, NULL, '佛山市', NULL);
INSERT INTO `sys_area` VALUES (440700, 440000, 2, '440700', 'jms', 440700, b'0', b'1', '2018-08-22 17:20:57.000000', NULL, NULL, NULL, NULL, NULL, '江门市', NULL);
INSERT INTO `sys_area` VALUES (440800, 440000, 2, '440800', 'zjs', 440800, b'0', b'1', '2018-08-22 17:20:57.000000', NULL, NULL, NULL, NULL, NULL, '湛江市', NULL);
INSERT INTO `sys_area` VALUES (440900, 440000, 2, '440900', 'mms', 440900, b'0', b'1', '2018-08-22 17:20:57.000000', NULL, NULL, NULL, NULL, NULL, '茂名市', NULL);
INSERT INTO `sys_area` VALUES (441200, 440000, 2, '441200', 'zqs', 441200, b'0', b'1', '2018-08-22 17:20:57.000000', NULL, NULL, NULL, NULL, NULL, '肇庆市', NULL);
INSERT INTO `sys_area` VALUES (441300, 440000, 2, '441300', 'hzs', 441300, b'0', b'1', '2018-08-22 17:20:57.000000', NULL, NULL, NULL, NULL, NULL, '惠州市', NULL);
INSERT INTO `sys_area` VALUES (441400, 440000, 2, '441400', 'mzs', 441400, b'0', b'1', '2018-08-22 17:20:57.000000', NULL, NULL, NULL, NULL, NULL, '梅州市', NULL);
INSERT INTO `sys_area` VALUES (441500, 440000, 2, '441500', 'sws', 441500, b'0', b'1', '2018-08-22 17:20:57.000000', NULL, NULL, NULL, NULL, NULL, '汕尾市', NULL);
INSERT INTO `sys_area` VALUES (441600, 440000, 2, '441600', 'hys', 441600, b'0', b'1', '2018-08-22 17:20:57.000000', NULL, NULL, NULL, NULL, NULL, '河源市', NULL);
INSERT INTO `sys_area` VALUES (441700, 440000, 2, '441700', 'yjs', 441700, b'0', b'1', '2018-08-22 17:20:57.000000', NULL, NULL, NULL, NULL, NULL, '阳江市', NULL);
INSERT INTO `sys_area` VALUES (441800, 440000, 2, '441800', 'qys', 441800, b'0', b'1', '2018-08-22 17:20:57.000000', NULL, NULL, NULL, NULL, NULL, '清远市', NULL);
INSERT INTO `sys_area` VALUES (445100, 440000, 2, '445100', 'czs', 445100, b'0', b'1', '2018-08-22 17:20:57.000000', NULL, NULL, NULL, NULL, NULL, '潮州市', NULL);
INSERT INTO `sys_area` VALUES (445200, 440000, 2, '445200', 'jys', 445200, b'0', b'1', '2018-08-22 17:20:57.000000', NULL, NULL, NULL, NULL, NULL, '揭阳市', NULL);
INSERT INTO `sys_area` VALUES (445300, 440000, 2, '445300', 'yfs', 445300, b'0', b'1', '2018-08-22 17:20:57.000000', NULL, NULL, NULL, NULL, NULL, '云浮市', NULL);
INSERT INTO `sys_area` VALUES (450000, 0, 1, '450000', 'gxzzzzq', 450000, b'0', b'1', '2018-08-22 17:20:57.000000', NULL, NULL, NULL, NULL, NULL, '广西壮族自治区', NULL);
INSERT INTO `sys_area` VALUES (450100, 450000, 2, '450100', 'nns', 450100, b'0', b'1', '2018-08-22 17:20:57.000000', NULL, NULL, NULL, NULL, NULL, '南宁市', NULL);
INSERT INTO `sys_area` VALUES (450200, 450000, 2, '450200', 'lzs', 450200, b'0', b'1', '2018-08-22 17:20:57.000000', NULL, NULL, NULL, NULL, NULL, '柳州市', NULL);
INSERT INTO `sys_area` VALUES (450300, 450000, 2, '450300', 'gls', 450300, b'0', b'1', '2018-08-22 17:20:57.000000', NULL, NULL, NULL, NULL, NULL, '桂林市', NULL);
INSERT INTO `sys_area` VALUES (450400, 450000, 2, '450400', 'wzs', 450400, b'0', b'1', '2018-08-22 17:20:57.000000', NULL, NULL, NULL, NULL, NULL, '梧州市', NULL);
INSERT INTO `sys_area` VALUES (450500, 450000, 2, '450500', 'bhs', 450500, b'0', b'1', '2018-08-22 17:20:57.000000', NULL, NULL, NULL, NULL, NULL, '北海市', NULL);
INSERT INTO `sys_area` VALUES (450600, 450000, 2, '450600', 'fcgs', 450600, b'0', b'1', '2018-08-22 17:20:57.000000', NULL, NULL, NULL, NULL, NULL, '防城港市', NULL);
INSERT INTO `sys_area` VALUES (450700, 450000, 2, '450700', 'qzs', 450700, b'0', b'1', '2018-08-22 17:20:57.000000', NULL, NULL, NULL, NULL, NULL, '钦州市', NULL);
INSERT INTO `sys_area` VALUES (450800, 450000, 2, '450800', 'ggs', 450800, b'0', b'1', '2018-08-22 17:20:57.000000', NULL, NULL, NULL, NULL, NULL, '贵港市', NULL);
INSERT INTO `sys_area` VALUES (450900, 450000, 2, '450900', 'yls', 450900, b'0', b'1', '2018-08-22 17:20:57.000000', NULL, NULL, NULL, NULL, NULL, '玉林市', NULL);
INSERT INTO `sys_area` VALUES (451000, 450000, 2, '451000', 'bss', 451000, b'0', b'1', '2018-08-22 17:20:57.000000', NULL, NULL, NULL, NULL, NULL, '百色市', NULL);
INSERT INTO `sys_area` VALUES (451100, 450000, 2, '451100', 'hzs', 451100, b'0', b'1', '2018-08-22 17:20:57.000000', NULL, NULL, NULL, NULL, NULL, '贺州市', NULL);
INSERT INTO `sys_area` VALUES (451200, 450000, 2, '451200', 'hcs', 451200, b'0', b'1', '2018-08-22 17:20:57.000000', NULL, NULL, NULL, NULL, NULL, '河池市', NULL);
INSERT INTO `sys_area` VALUES (451300, 450000, 2, '451300', 'lbs', 451300, b'0', b'1', '2018-08-22 17:20:57.000000', NULL, NULL, NULL, NULL, NULL, '来宾市', NULL);
INSERT INTO `sys_area` VALUES (451400, 450000, 2, '451400', 'czs', 451400, b'0', b'1', '2018-08-22 17:20:57.000000', NULL, NULL, NULL, NULL, NULL, '崇左市', NULL);
INSERT INTO `sys_area` VALUES (460000, 0, 1, '460000', 'hns', 460000, b'0', b'1', '2018-08-22 17:20:57.000000', NULL, NULL, NULL, NULL, NULL, '海南省', NULL);
INSERT INTO `sys_area` VALUES (460100, 460000, 2, '460100', 'hks', 460100, b'0', b'1', '2018-08-22 17:20:57.000000', NULL, NULL, NULL, NULL, NULL, '海口市', NULL);
INSERT INTO `sys_area` VALUES (500000, 0, 1, '500000', 'zq', 500000, b'0', b'1', '2018-08-22 17:20:57.000000', NULL, NULL, NULL, NULL, NULL, '重庆', NULL);
INSERT INTO `sys_area` VALUES (500100, 500000, 2, '500100', 'zqs', 500100, b'0', b'1', '2018-08-22 17:20:57.000000', NULL, NULL, NULL, NULL, NULL, '重庆市', NULL);
INSERT INTO `sys_area` VALUES (510000, 0, 1, '510000', 'scs', 510000, b'0', b'1', '2018-08-22 17:20:57.000000', NULL, NULL, NULL, NULL, NULL, '四川省', NULL);
INSERT INTO `sys_area` VALUES (510100, 510000, 2, '510100', 'cds', 510100, b'0', b'1', '2018-08-22 17:20:57.000000', NULL, NULL, NULL, NULL, NULL, '成都市', NULL);
INSERT INTO `sys_area` VALUES (510300, 510000, 2, '510300', 'zgs', 510300, b'0', b'1', '2018-08-22 17:20:57.000000', NULL, NULL, NULL, NULL, NULL, '自贡市', NULL);
INSERT INTO `sys_area` VALUES (510400, 510000, 2, '510400', 'pzhs', 510400, b'0', b'1', '2018-08-22 17:20:57.000000', NULL, NULL, NULL, NULL, NULL, '攀枝花市', NULL);
INSERT INTO `sys_area` VALUES (510500, 510000, 2, '510500', 'lzs', 510500, b'0', b'1', '2018-08-22 17:20:57.000000', NULL, NULL, NULL, NULL, NULL, '泸州市', NULL);
INSERT INTO `sys_area` VALUES (510600, 510000, 2, '510600', 'dys', 510600, b'0', b'1', '2018-08-22 17:20:57.000000', NULL, NULL, NULL, NULL, NULL, '德阳市', NULL);
INSERT INTO `sys_area` VALUES (510700, 510000, 2, '510700', 'mys', 510700, b'0', b'1', '2018-08-22 17:20:57.000000', NULL, NULL, NULL, NULL, NULL, '绵阳市', NULL);
INSERT INTO `sys_area` VALUES (510800, 510000, 2, '510800', 'gys', 510800, b'0', b'1', '2018-08-22 17:20:57.000000', NULL, NULL, NULL, NULL, NULL, '广元市', NULL);
INSERT INTO `sys_area` VALUES (510900, 510000, 2, '510900', 'sns', 510900, b'0', b'1', '2018-08-22 17:20:57.000000', NULL, NULL, NULL, NULL, NULL, '遂宁市', NULL);
INSERT INTO `sys_area` VALUES (511000, 510000, 2, '511000', 'njs', 511000, b'0', b'1', '2018-08-22 17:20:57.000000', NULL, NULL, NULL, NULL, NULL, '内江市', NULL);
INSERT INTO `sys_area` VALUES (511100, 510000, 2, '511100', 'yss', 511100, b'0', b'1', '2018-08-22 17:20:57.000000', NULL, NULL, NULL, NULL, NULL, '乐山市', NULL);
INSERT INTO `sys_area` VALUES (511300, 510000, 2, '511300', 'ncs', 511300, b'0', b'1', '2018-08-22 17:20:57.000000', NULL, NULL, NULL, NULL, NULL, '南充市', NULL);
INSERT INTO `sys_area` VALUES (511400, 510000, 2, '511400', 'mss', 511400, b'0', b'1', '2018-08-22 17:20:57.000000', NULL, NULL, NULL, NULL, NULL, '眉山市', NULL);
INSERT INTO `sys_area` VALUES (511500, 510000, 2, '511500', 'ybs', 511500, b'0', b'1', '2018-08-22 17:20:57.000000', NULL, NULL, NULL, NULL, NULL, '宜宾市', NULL);
INSERT INTO `sys_area` VALUES (511600, 510000, 2, '511600', 'gas', 511600, b'0', b'1', '2018-08-22 17:20:57.000000', NULL, NULL, NULL, NULL, NULL, '广安市', NULL);
INSERT INTO `sys_area` VALUES (511700, 510000, 2, '511700', 'dzs', 511700, b'0', b'1', '2018-08-22 17:20:57.000000', NULL, NULL, NULL, NULL, NULL, '达州市', NULL);
INSERT INTO `sys_area` VALUES (511800, 510000, 2, '511800', 'yas', 511800, b'0', b'1', '2018-08-22 17:20:57.000000', NULL, NULL, NULL, NULL, NULL, '雅安市', NULL);
INSERT INTO `sys_area` VALUES (511900, 510000, 2, '511900', 'bzs', 511900, b'0', b'1', '2018-08-22 17:20:57.000000', NULL, NULL, NULL, NULL, NULL, '巴中市', NULL);
INSERT INTO `sys_area` VALUES (512000, 510000, 2, '512000', 'zys', 512000, b'0', b'1', '2018-08-22 17:20:57.000000', NULL, NULL, NULL, NULL, NULL, '资阳市', NULL);
INSERT INTO `sys_area` VALUES (513200, 510000, 2, '513200', 'abzzqzzzz', 513200, b'0', b'1', '2018-08-22 17:20:57.000000', NULL, NULL, NULL, NULL, NULL, '阿坝藏族羌族自治州', NULL);
INSERT INTO `sys_area` VALUES (513300, 510000, 2, '513300', 'gzzzzzz', 513300, b'0', b'1', '2018-08-22 17:20:57.000000', NULL, NULL, NULL, NULL, NULL, '甘孜藏族自治州', NULL);
INSERT INTO `sys_area` VALUES (513400, 510000, 2, '513400', 'lsyzzzz', 513400, b'0', b'1', '2018-08-22 17:20:57.000000', NULL, NULL, NULL, NULL, NULL, '凉山彝族自治州', NULL);
INSERT INTO `sys_area` VALUES (520000, 0, 1, '520000', 'gzs', 520000, b'0', b'1', '2018-08-22 17:20:57.000000', NULL, NULL, NULL, NULL, NULL, '贵州省', NULL);
INSERT INTO `sys_area` VALUES (520100, 520000, 2, '520100', 'gys', 520100, b'0', b'1', '2018-08-22 17:20:57.000000', NULL, NULL, NULL, NULL, NULL, '贵阳市', NULL);
INSERT INTO `sys_area` VALUES (520200, 520000, 2, '520200', 'lpss', 520200, b'0', b'1', '2018-08-22 17:20:57.000000', NULL, NULL, NULL, NULL, NULL, '六盘水市', NULL);
INSERT INTO `sys_area` VALUES (520300, 520000, 2, '520300', 'zys', 520300, b'0', b'1', '2018-08-22 17:20:57.000000', NULL, NULL, NULL, NULL, NULL, '遵义市', NULL);
INSERT INTO `sys_area` VALUES (520400, 520000, 2, '520400', 'ass', 520400, b'0', b'1', '2018-08-22 17:20:57.000000', NULL, NULL, NULL, NULL, NULL, '安顺市', NULL);
INSERT INTO `sys_area` VALUES (522200, 520000, 2, '522200', 'trs', 522200, b'0', b'1', '2018-08-22 17:20:57.000000', NULL, NULL, NULL, NULL, NULL, '铜仁市', NULL);
INSERT INTO `sys_area` VALUES (522300, 520000, 2, '522300', 'qxnbyzmzzzz', 522300, b'0', b'1', '2018-08-22 17:20:57.000000', NULL, NULL, NULL, NULL, NULL, '黔西南布依族苗族自治州', NULL);
INSERT INTO `sys_area` VALUES (522400, 520000, 2, '522400', 'bjs', 522400, b'0', b'1', '2018-08-22 17:20:57.000000', NULL, NULL, NULL, NULL, NULL, '毕节市', NULL);
INSERT INTO `sys_area` VALUES (522600, 520000, 2, '522600', 'qdnmztzzzz', 522600, b'0', b'1', '2018-08-22 17:20:57.000000', NULL, NULL, NULL, NULL, NULL, '黔东南苗族侗族自治州', NULL);
INSERT INTO `sys_area` VALUES (522700, 520000, 2, '522700', 'qnbyzmzzzz', 522700, b'0', b'1', '2018-08-22 17:20:57.000000', NULL, NULL, NULL, NULL, NULL, '黔南布依族苗族自治州', NULL);
INSERT INTO `sys_area` VALUES (530000, 0, 1, '530000', 'yns', 530000, b'0', b'1', '2018-08-22 17:20:57.000000', NULL, NULL, NULL, NULL, NULL, '云南省', NULL);
INSERT INTO `sys_area` VALUES (530100, 530000, 2, '530100', 'kms', 530100, b'0', b'1', '2018-08-22 17:20:57.000000', NULL, NULL, NULL, NULL, NULL, '昆明市', NULL);
INSERT INTO `sys_area` VALUES (530300, 530000, 2, '530300', 'qjs', 530300, b'0', b'1', '2018-08-22 17:20:57.000000', NULL, NULL, NULL, NULL, NULL, '曲靖市', NULL);
INSERT INTO `sys_area` VALUES (530400, 530000, 2, '530400', 'yxs', 530400, b'0', b'1', '2018-08-22 17:20:57.000000', NULL, NULL, NULL, NULL, NULL, '玉溪市', NULL);
INSERT INTO `sys_area` VALUES (530500, 530000, 2, '530500', 'bss', 530500, b'0', b'1', '2018-08-22 17:20:57.000000', NULL, NULL, NULL, NULL, NULL, '保山市', NULL);
INSERT INTO `sys_area` VALUES (530600, 530000, 2, '530600', 'zts', 530600, b'0', b'1', '2018-08-22 17:20:57.000000', NULL, NULL, NULL, NULL, NULL, '昭通市', NULL);
INSERT INTO `sys_area` VALUES (530700, 530000, 2, '530700', 'ljs', 530700, b'0', b'1', '2018-08-22 17:20:57.000000', NULL, NULL, NULL, NULL, NULL, '丽江市', NULL);
INSERT INTO `sys_area` VALUES (530800, 530000, 2, '530800', 'pes', 530800, b'0', b'1', '2018-08-22 17:20:57.000000', NULL, NULL, NULL, NULL, NULL, '普洱市', NULL);
INSERT INTO `sys_area` VALUES (530900, 530000, 2, '530900', 'lcs', 530900, b'0', b'1', '2018-08-22 17:20:57.000000', NULL, NULL, NULL, NULL, NULL, '临沧市', NULL);
INSERT INTO `sys_area` VALUES (532300, 530000, 2, '532300', 'cxyzzzz', 532300, b'0', b'1', '2018-08-22 17:20:57.000000', NULL, NULL, NULL, NULL, NULL, '楚雄彝族自治州', NULL);
INSERT INTO `sys_area` VALUES (532500, 530000, 2, '532500', 'hhhnzyzzzz', 532500, b'0', b'1', '2018-08-22 17:20:57.000000', NULL, NULL, NULL, NULL, NULL, '红河哈尼族彝族自治州', NULL);
INSERT INTO `sys_area` VALUES (532600, 530000, 2, '532600', 'wszzmzzzz', 532600, b'0', b'1', '2018-08-22 17:20:57.000000', NULL, NULL, NULL, NULL, NULL, '文山壮族苗族自治州', NULL);
INSERT INTO `sys_area` VALUES (532800, 530000, 2, '532800', 'xsbndzzzz', 532800, b'0', b'1', '2018-08-22 17:20:57.000000', NULL, NULL, NULL, NULL, NULL, '西双版纳傣族自治州', NULL);
INSERT INTO `sys_area` VALUES (532900, 530000, 2, '532900', 'dlbzzzz', 532900, b'0', b'1', '2018-08-22 17:20:57.000000', NULL, NULL, NULL, NULL, NULL, '大理白族自治州', NULL);
INSERT INTO `sys_area` VALUES (533100, 530000, 2, '533100', 'dhdzjpzzzz', 533100, b'0', b'1', '2018-08-22 17:20:57.000000', NULL, NULL, NULL, NULL, NULL, '德宏傣族景颇族自治州', NULL);
INSERT INTO `sys_area` VALUES (533300, 530000, 2, '533300', 'njlszzzz', 533300, b'0', b'1', '2018-08-22 17:20:57.000000', NULL, NULL, NULL, NULL, NULL, '怒江傈僳族自治州', NULL);
INSERT INTO `sys_area` VALUES (533400, 530000, 2, '533400', 'dqzzzzz', 533400, b'0', b'1', '2018-08-22 17:20:57.000000', NULL, NULL, NULL, NULL, NULL, '迪庆藏族自治州', NULL);
INSERT INTO `sys_area` VALUES (540000, 0, 1, '540000', 'xzzzq', 540000, b'0', b'1', '2018-08-22 17:20:57.000000', NULL, NULL, NULL, NULL, NULL, '西藏自治区', NULL);
INSERT INTO `sys_area` VALUES (540100, 540000, 2, '540100', 'lss', 540100, b'0', b'1', '2018-08-22 17:20:57.000000', NULL, NULL, NULL, NULL, NULL, '拉萨市', NULL);
INSERT INTO `sys_area` VALUES (542100, 540000, 2, '542100', 'cddq', 542100, b'0', b'1', '2018-08-22 17:20:57.000000', NULL, NULL, NULL, NULL, NULL, '昌都地区', NULL);
INSERT INTO `sys_area` VALUES (542200, 540000, 2, '542200', 'sndq', 542200, b'0', b'1', '2018-08-22 17:20:57.000000', NULL, NULL, NULL, NULL, NULL, '山南地区', NULL);
INSERT INTO `sys_area` VALUES (542300, 540000, 2, '542300', 'rkzdq', 542300, b'0', b'1', '2018-08-22 17:20:57.000000', NULL, NULL, NULL, NULL, NULL, '日喀则地区', NULL);
INSERT INTO `sys_area` VALUES (542400, 540000, 2, '542400', 'nqdq', 542400, b'0', b'1', '2018-08-22 17:20:57.000000', NULL, NULL, NULL, NULL, NULL, '那曲地区', NULL);
INSERT INTO `sys_area` VALUES (542500, 540000, 2, '542500', 'aldq', 542500, b'0', b'1', '2018-08-22 17:20:57.000000', NULL, NULL, NULL, NULL, NULL, '阿里地区', NULL);
INSERT INTO `sys_area` VALUES (542600, 540000, 2, '542600', 'lzdq', 542600, b'0', b'1', '2018-08-22 17:20:57.000000', NULL, NULL, NULL, NULL, NULL, '林芝地区', NULL);
INSERT INTO `sys_area` VALUES (610000, 0, 1, '610000', 'sxs', 610000, b'0', b'1', '2018-08-22 17:20:57.000000', NULL, NULL, NULL, NULL, NULL, '陕西省', NULL);
INSERT INTO `sys_area` VALUES (610100, 610000, 2, '610100', 'xas', 610100, b'0', b'1', '2018-08-22 17:20:57.000000', NULL, NULL, NULL, NULL, NULL, '西安市', NULL);
INSERT INTO `sys_area` VALUES (610200, 610000, 2, '610200', 'tcs', 610200, b'0', b'1', '2018-08-22 17:20:57.000000', NULL, NULL, NULL, NULL, NULL, '铜川市', NULL);
INSERT INTO `sys_area` VALUES (610300, 610000, 2, '610300', 'bjs', 610300, b'0', b'1', '2018-08-22 17:20:57.000000', NULL, NULL, NULL, NULL, NULL, '宝鸡市', NULL);
INSERT INTO `sys_area` VALUES (610400, 610000, 2, '610400', 'xys', 610400, b'0', b'1', '2018-08-22 17:20:57.000000', NULL, NULL, NULL, NULL, NULL, '咸阳市', NULL);
INSERT INTO `sys_area` VALUES (610500, 610000, 2, '610500', 'wns', 610500, b'0', b'1', '2018-08-22 17:20:57.000000', NULL, NULL, NULL, NULL, NULL, '渭南市', NULL);
INSERT INTO `sys_area` VALUES (610600, 610000, 2, '610600', 'yas', 610600, b'0', b'1', '2018-08-22 17:20:57.000000', NULL, NULL, NULL, NULL, NULL, '延安市', NULL);
INSERT INTO `sys_area` VALUES (610700, 610000, 2, '610700', 'hzs', 610700, b'0', b'1', '2018-08-22 17:20:57.000000', NULL, NULL, NULL, NULL, NULL, '汉中市', NULL);
INSERT INTO `sys_area` VALUES (610800, 610000, 2, '610800', 'yls', 610800, b'0', b'1', '2018-08-22 17:20:57.000000', NULL, NULL, NULL, NULL, NULL, '榆林市', NULL);
INSERT INTO `sys_area` VALUES (610900, 610000, 2, '610900', 'aks', 610900, b'0', b'1', '2018-08-22 17:20:57.000000', NULL, NULL, NULL, NULL, NULL, '安康市', NULL);
INSERT INTO `sys_area` VALUES (611000, 610000, 2, '611000', 'sls', 611000, b'0', b'1', '2018-08-22 17:20:57.000000', NULL, NULL, NULL, NULL, NULL, '商洛市', NULL);
INSERT INTO `sys_area` VALUES (620000, 0, 1, '620000', 'gss', 620000, b'0', b'1', '2018-08-22 17:20:57.000000', NULL, NULL, NULL, NULL, NULL, '甘肃省', NULL);
INSERT INTO `sys_area` VALUES (620100, 620000, 2, '620100', 'lzs', 620100, b'0', b'1', '2018-08-22 17:20:57.000000', NULL, NULL, NULL, NULL, NULL, '兰州市', NULL);
INSERT INTO `sys_area` VALUES (620200, 620000, 2, '620200', 'jygs', 620200, b'0', b'1', '2018-08-22 17:20:57.000000', NULL, NULL, NULL, NULL, NULL, '嘉峪关市', NULL);
INSERT INTO `sys_area` VALUES (620300, 620000, 2, '620300', 'jcs', 620300, b'0', b'1', '2018-08-22 17:20:57.000000', NULL, NULL, NULL, NULL, NULL, '金昌市', NULL);
INSERT INTO `sys_area` VALUES (620400, 620000, 2, '620400', 'bys', 620400, b'0', b'1', '2018-08-22 17:20:57.000000', NULL, NULL, NULL, NULL, NULL, '白银市', NULL);
INSERT INTO `sys_area` VALUES (620500, 620000, 2, '620500', 'tss', 620500, b'0', b'1', '2018-08-22 17:20:57.000000', NULL, NULL, NULL, NULL, NULL, '天水市', NULL);
INSERT INTO `sys_area` VALUES (620600, 620000, 2, '620600', 'wws', 620600, b'0', b'1', '2018-08-22 17:20:57.000000', NULL, NULL, NULL, NULL, NULL, '武威市', NULL);
INSERT INTO `sys_area` VALUES (620700, 620000, 2, '620700', 'zys', 620700, b'0', b'1', '2018-08-22 17:20:57.000000', NULL, NULL, NULL, NULL, NULL, '张掖市', NULL);
INSERT INTO `sys_area` VALUES (620800, 620000, 2, '620800', 'pls', 620800, b'0', b'1', '2018-08-22 17:20:57.000000', NULL, NULL, NULL, NULL, NULL, '平凉市', NULL);
INSERT INTO `sys_area` VALUES (620900, 620000, 2, '620900', 'jqs', 620900, b'0', b'1', '2018-08-22 17:20:57.000000', NULL, NULL, NULL, NULL, NULL, '酒泉市', NULL);
INSERT INTO `sys_area` VALUES (621000, 620000, 2, '621000', 'qys', 621000, b'0', b'1', '2018-08-22 17:20:57.000000', NULL, NULL, NULL, NULL, NULL, '庆阳市', NULL);
INSERT INTO `sys_area` VALUES (621100, 620000, 2, '621100', 'dxs', 621100, b'0', b'1', '2018-08-22 17:20:57.000000', NULL, NULL, NULL, NULL, NULL, '定西市', NULL);
INSERT INTO `sys_area` VALUES (621200, 620000, 2, '621200', 'lns', 621200, b'0', b'1', '2018-08-22 17:20:57.000000', NULL, NULL, NULL, NULL, NULL, '陇南市', NULL);
INSERT INTO `sys_area` VALUES (622900, 620000, 2, '622900', 'lxhzzzz', 622900, b'0', b'1', '2018-08-22 17:20:57.000000', NULL, NULL, NULL, NULL, NULL, '临夏回族自治州', NULL);
INSERT INTO `sys_area` VALUES (623000, 620000, 2, '623000', 'gnzzzzz', 623000, b'0', b'1', '2018-08-22 17:20:57.000000', NULL, NULL, NULL, NULL, NULL, '甘南藏族自治州', NULL);
INSERT INTO `sys_area` VALUES (630000, 0, 1, '630000', 'qhs', 630000, b'0', b'1', '2018-08-22 17:20:57.000000', NULL, NULL, NULL, NULL, NULL, '青海省', NULL);
INSERT INTO `sys_area` VALUES (630100, 630000, 2, '630100', 'xns', 630100, b'0', b'1', '2018-08-22 17:20:57.000000', NULL, NULL, NULL, NULL, NULL, '西宁市', NULL);
INSERT INTO `sys_area` VALUES (632100, 630000, 2, '632100', 'hds', 632100, b'0', b'1', '2018-08-22 17:20:57.000000', NULL, NULL, NULL, NULL, NULL, '海东市', NULL);
INSERT INTO `sys_area` VALUES (632200, 630000, 2, '632200', 'hbzzzzz', 632200, b'0', b'1', '2018-08-22 17:20:57.000000', NULL, NULL, NULL, NULL, NULL, '海北藏族自治州', NULL);
INSERT INTO `sys_area` VALUES (632300, 630000, 2, '632300', 'hnzzzzz', 632300, b'0', b'1', '2018-08-22 17:20:57.000000', NULL, NULL, NULL, NULL, NULL, '黄南藏族自治州', NULL);
INSERT INTO `sys_area` VALUES (632500, 630000, 2, '632500', 'hnzzzzz', 632500, b'0', b'1', '2018-08-22 17:20:57.000000', NULL, NULL, NULL, NULL, NULL, '海南藏族自治州', NULL);
INSERT INTO `sys_area` VALUES (632600, 630000, 2, '632600', 'glzzzzz', 632600, b'0', b'1', '2018-08-22 17:20:57.000000', NULL, NULL, NULL, NULL, NULL, '果洛藏族自治州', NULL);
INSERT INTO `sys_area` VALUES (632700, 630000, 2, '632700', 'yszzzzz', 632700, b'0', b'1', '2018-08-22 17:20:57.000000', NULL, NULL, NULL, NULL, NULL, '玉树藏族自治州', NULL);
INSERT INTO `sys_area` VALUES (632800, 630000, 2, '632800', 'hxmgzzzzzz', 632800, b'0', b'1', '2018-08-22 17:20:57.000000', NULL, NULL, NULL, NULL, NULL, '海西蒙古族藏族自治州', NULL);
INSERT INTO `sys_area` VALUES (640000, 0, 1, '640000', 'nxhzzzq', 640000, b'0', b'1', '2018-08-22 17:20:57.000000', NULL, NULL, NULL, NULL, NULL, '宁夏回族自治区', NULL);
INSERT INTO `sys_area` VALUES (640100, 640000, 2, '640100', 'ycs', 640100, b'0', b'1', '2018-08-22 17:20:57.000000', NULL, NULL, NULL, NULL, NULL, '银川市', NULL);
INSERT INTO `sys_area` VALUES (640200, 640000, 2, '640200', 'szss', 640200, b'0', b'1', '2018-08-22 17:20:57.000000', NULL, NULL, NULL, NULL, NULL, '石嘴山市', NULL);
INSERT INTO `sys_area` VALUES (640300, 640000, 2, '640300', 'wzs', 640300, b'0', b'1', '2018-08-22 17:20:57.000000', NULL, NULL, NULL, NULL, NULL, '吴忠市', NULL);
INSERT INTO `sys_area` VALUES (640400, 640000, 2, '640400', 'gys', 640400, b'0', b'1', '2018-08-22 17:20:57.000000', NULL, NULL, NULL, NULL, NULL, '固原市', NULL);
INSERT INTO `sys_area` VALUES (640500, 640000, 2, '640500', 'zws', 640500, b'0', b'1', '2018-08-22 17:20:57.000000', NULL, NULL, NULL, NULL, NULL, '中卫市', NULL);
INSERT INTO `sys_area` VALUES (650000, 0, 1, '650000', 'xjwwezzq', 650000, b'0', b'1', '2018-08-22 17:20:57.000000', NULL, NULL, NULL, NULL, NULL, '新疆维吾尔自治区', NULL);
INSERT INTO `sys_area` VALUES (650100, 650000, 2, '650100', 'wlmqs', 650100, b'0', b'1', '2018-08-22 17:20:57.000000', NULL, NULL, NULL, NULL, NULL, '乌鲁木齐市', NULL);
INSERT INTO `sys_area` VALUES (650200, 650000, 2, '650200', 'klmys', 650200, b'0', b'1', '2018-08-22 17:20:57.000000', NULL, NULL, NULL, NULL, NULL, '克拉玛依市', NULL);
INSERT INTO `sys_area` VALUES (652100, 650000, 2, '652100', 'tlfdq', 652100, b'0', b'1', '2018-08-22 17:20:57.000000', NULL, NULL, NULL, NULL, NULL, '吐鲁番地区', NULL);
INSERT INTO `sys_area` VALUES (652200, 650000, 2, '652200', 'hmdq', 652200, b'0', b'1', '2018-08-22 17:20:57.000000', NULL, NULL, NULL, NULL, NULL, '哈密地区', NULL);
INSERT INTO `sys_area` VALUES (652300, 650000, 2, '652300', 'cjhzzzz', 652300, b'0', b'1', '2018-08-22 17:20:57.000000', NULL, NULL, NULL, NULL, NULL, '昌吉回族自治州', NULL);
INSERT INTO `sys_area` VALUES (652700, 650000, 2, '652700', 'betlmgzzz', 652700, b'0', b'1', '2018-08-22 17:20:57.000000', NULL, NULL, NULL, NULL, NULL, '博尔塔拉蒙古自治州', NULL);
INSERT INTO `sys_area` VALUES (652800, 650000, 2, '652800', 'byglmgzzz', 652800, b'0', b'1', '2018-08-22 17:20:57.000000', NULL, NULL, NULL, NULL, NULL, '巴音郭楞蒙古自治州', NULL);
INSERT INTO `sys_area` VALUES (652900, 650000, 2, '652900', 'aksdq', 652900, b'0', b'1', '2018-08-22 17:20:57.000000', NULL, NULL, NULL, NULL, NULL, '阿克苏地区', NULL);
INSERT INTO `sys_area` VALUES (653000, 650000, 2, '653000', 'kzlskekzzzz', 653000, b'0', b'1', '2018-08-22 17:20:57.000000', NULL, NULL, NULL, NULL, NULL, '克孜勒苏柯尔克孜自治州', NULL);
INSERT INTO `sys_area` VALUES (653100, 650000, 2, '653100', 'ksdq', 653100, b'0', b'1', '2018-08-22 17:20:57.000000', NULL, NULL, NULL, NULL, NULL, '喀什地区', NULL);
INSERT INTO `sys_area` VALUES (653200, 650000, 2, '653200', 'htdq', 653200, b'0', b'1', '2018-08-22 17:20:57.000000', NULL, NULL, NULL, NULL, NULL, '和田地区', NULL);
INSERT INTO `sys_area` VALUES (654000, 650000, 2, '654000', 'ylhskzzz', 654000, b'0', b'1', '2018-08-22 17:20:57.000000', NULL, NULL, NULL, NULL, NULL, '伊犁哈萨克自治州', NULL);
INSERT INTO `sys_area` VALUES (654200, 650000, 2, '654200', 'tcdq', 654200, b'0', b'1', '2018-08-22 17:20:57.000000', NULL, NULL, NULL, NULL, NULL, '塔城地区', NULL);
INSERT INTO `sys_area` VALUES (654300, 650000, 2, '654300', 'altdq', 654300, b'0', b'1', '2018-08-22 17:20:57.000000', NULL, NULL, NULL, NULL, NULL, '阿勒泰地区', NULL);
INSERT INTO `sys_area` VALUES (810000, 0, 1, '810000', 'xgtbxzq', 810000, b'0', b'1', '2018-08-22 17:20:57.000000', NULL, NULL, NULL, NULL, NULL, '香港特别行政区', NULL);
INSERT INTO `sys_area` VALUES (810100, 810000, 2, '810100', 'xgd', 810100, b'0', b'1', '2018-08-22 17:20:57.000000', NULL, NULL, NULL, NULL, NULL, '香港岛', NULL);
INSERT INTO `sys_area` VALUES (810200, 810000, 2, '810200', 'jl', 810200, b'0', b'1', '2018-08-22 17:20:57.000000', NULL, NULL, NULL, NULL, NULL, '九龙', NULL);
INSERT INTO `sys_area` VALUES (810300, 810000, 2, '810300', 'xj', 810300, b'0', b'1', '2018-08-22 17:20:57.000000', NULL, NULL, NULL, NULL, NULL, '新界', NULL);
INSERT INTO `sys_area` VALUES (820000, 0, 1, '820000', 'amtbxzq', 820000, b'0', b'1', '2018-08-22 17:20:57.000000', NULL, NULL, NULL, NULL, NULL, '澳门特别行政区', NULL);
INSERT INTO `sys_area` VALUES (820100, 820000, 2, '820100', 'ambd', 820100, b'0', b'1', '2018-08-22 17:20:57.000000', NULL, NULL, NULL, NULL, NULL, '澳门半岛', NULL);
INSERT INTO `sys_area` VALUES (820300, 820000, 2, '820300', 'lhd', 820300, b'0', b'1', '2018-08-22 17:20:57.000000', NULL, NULL, NULL, NULL, NULL, '路环岛', NULL);
INSERT INTO `sys_area` VALUES (820400, 820000, 2, '820400', 'dzd', 820400, b'0', b'1', '2018-08-22 17:20:57.000000', NULL, NULL, NULL, NULL, NULL, '凼仔岛', NULL);
INSERT INTO `sys_area` VALUES (830000, 0, 1, '830000', 'tws', 830000, b'0', b'1', '2018-08-22 17:20:57.000000', NULL, NULL, NULL, NULL, NULL, '台湾省', NULL);
INSERT INTO `sys_area` VALUES (830100, 830000, 2, '830100', 'tbs', 830100, b'0', b'1', '2018-08-22 17:20:57.000000', NULL, NULL, NULL, NULL, NULL, '台北市', NULL);
INSERT INTO `sys_area` VALUES (830200, 830000, 2, '830200', 'gxs', 830200, b'0', b'1', '2018-08-22 17:20:57.000000', NULL, NULL, NULL, NULL, NULL, '高雄市', NULL);
INSERT INTO `sys_area` VALUES (830300, 830000, 2, '830300', 'tns', 830300, b'0', b'1', '2018-08-22 17:20:57.000000', NULL, NULL, NULL, NULL, NULL, '台南市', NULL);
INSERT INTO `sys_area` VALUES (830400, 830000, 2, '830400', 'tzs', 830400, b'0', b'1', '2018-08-22 17:20:57.000000', NULL, NULL, NULL, NULL, NULL, '台中市', NULL);
INSERT INTO `sys_area` VALUES (830500, 830000, 2, '830500', 'ntx', 830500, b'0', b'1', '2018-08-22 17:20:57.000000', NULL, NULL, NULL, NULL, NULL, '南投县', NULL);
INSERT INTO `sys_area` VALUES (830600, 830000, 2, '830600', 'jls', 830600, b'0', b'1', '2018-08-22 17:20:57.000000', NULL, NULL, NULL, NULL, NULL, '基隆市', NULL);
INSERT INTO `sys_area` VALUES (830700, 830000, 2, '830700', 'xzs', 830700, b'0', b'1', '2018-08-22 17:20:57.000000', NULL, NULL, NULL, NULL, NULL, '新竹市', NULL);
INSERT INTO `sys_area` VALUES (830800, 830000, 2, '830800', 'jys', 830800, b'0', b'1', '2018-08-22 17:20:57.000000', NULL, NULL, NULL, NULL, NULL, '嘉义市', NULL);
INSERT INTO `sys_area` VALUES (830900, 830000, 2, '830900', 'ylx', 830900, b'0', b'1', '2018-08-22 17:20:57.000000', NULL, NULL, NULL, NULL, NULL, '宜兰县', NULL);
INSERT INTO `sys_area` VALUES (831000, 830000, 2, '831000', 'xzx', 831000, b'0', b'1', '2018-08-22 17:20:57.000000', NULL, NULL, NULL, NULL, NULL, '新竹县', NULL);
INSERT INTO `sys_area` VALUES (831100, 830000, 2, '831100', 'tyx', 831100, b'0', b'1', '2018-08-22 17:20:57.000000', NULL, NULL, NULL, NULL, NULL, '桃园县', NULL);
INSERT INTO `sys_area` VALUES (831200, 830000, 2, '831200', 'mlx', 831200, b'0', b'1', '2018-08-22 17:20:57.000000', NULL, NULL, NULL, NULL, NULL, '苗栗县', NULL);
INSERT INTO `sys_area` VALUES (831300, 830000, 2, '831300', 'zhx', 831300, b'0', b'1', '2018-08-22 17:20:57.000000', NULL, NULL, NULL, NULL, NULL, '彰化县', NULL);
INSERT INTO `sys_area` VALUES (831400, 830000, 2, '831400', 'jyx', 831400, b'0', b'1', '2018-08-22 17:20:57.000000', NULL, NULL, NULL, NULL, NULL, '嘉义县', NULL);
INSERT INTO `sys_area` VALUES (831500, 830000, 2, '831500', 'ylx', 831500, b'0', b'1', '2018-08-22 17:20:57.000000', NULL, NULL, NULL, NULL, NULL, '云林县', NULL);
INSERT INTO `sys_area` VALUES (831600, 830000, 2, '831600', 'pdx', 831600, b'0', b'1', '2018-08-22 17:20:57.000000', NULL, NULL, NULL, NULL, NULL, '屏东县', NULL);
INSERT INTO `sys_area` VALUES (831700, 830000, 2, '831700', 'tdx', 831700, b'0', b'1', '2018-08-22 17:20:57.000000', NULL, NULL, NULL, NULL, NULL, '台东县', NULL);
INSERT INTO `sys_area` VALUES (831800, 830000, 2, '831800', 'hlx', 831800, b'0', b'1', '2018-08-22 17:20:57.000000', NULL, NULL, NULL, NULL, NULL, '花莲县', NULL);
INSERT INTO `sys_area` VALUES (831900, 830000, 2, '831900', 'phx', 831900, b'0', b'1', '2018-08-22 17:20:57.000000', NULL, NULL, NULL, NULL, NULL, '澎湖县', NULL);
INSERT INTO `sys_area` VALUES (832000, 830000, 2, '832000', 'xbs', 832000, b'0', b'1', '2018-08-22 17:20:57.000000', NULL, NULL, NULL, NULL, NULL, '新北市', NULL);
INSERT INTO `sys_area` VALUES (832100, 830000, 2, '832100', 'tzx', 832100, b'0', b'1', '2018-08-22 17:20:57.000000', NULL, NULL, NULL, NULL, NULL, '台中县', NULL);
INSERT INTO `sys_area` VALUES (832200, 830000, 2, '832200', 'ljx', 832200, b'0', b'1', '2018-08-22 17:20:57.000000', NULL, NULL, NULL, NULL, NULL, '连江县', NULL);

-- ----------------------------
-- Table structure for sys_attach
-- ----------------------------
DROP TABLE IF EXISTS `sys_attach`;
CREATE TABLE `sys_attach`  (
  `Id` bigint(20) NOT NULL,
  `FileName` varchar(255) CHARACTER SET utf8 COLLATE utf8_general_ci NULL DEFAULT NULL,
  `FilePath` varchar(255) CHARACTER SET utf8 COLLATE utf8_general_ci NULL DEFAULT NULL,
  `FileType` varchar(255) CHARACTER SET utf8 COLLATE utf8_general_ci NULL DEFAULT NULL,
  `FileSize` bigint(20) NULL DEFAULT NULL,
  `FileExt` varchar(255) CHARACTER SET utf8 COLLATE utf8_general_ci NULL DEFAULT NULL,
  `ThumbPath` varchar(255) CHARACTER SET utf8 COLLATE utf8_general_ci NULL DEFAULT NULL,
  `Tags` varchar(255) CHARACTER SET utf8 COLLATE utf8_general_ci NULL DEFAULT NULL,
  `DeletedMark` bit(1) NULL DEFAULT NULL,
  `CreationTime` datetime(6) NULL DEFAULT NULL,
  `CreatorUserId` bigint(20) NULL DEFAULT NULL,
  `LastModificationTime` datetime(6) NULL DEFAULT NULL,
  `LastModifierUserId` bigint(20) NULL DEFAULT NULL,
  `DeletionTime` datetime(6) NULL DEFAULT NULL,
  `DeleterUserId` bigint(20) NULL DEFAULT NULL,
  PRIMARY KEY (`Id`) USING BTREE
) ENGINE = InnoDB CHARACTER SET = utf8 COLLATE = utf8_general_ci ROW_FORMAT = Dynamic;

-- ----------------------------
-- Records of sys_attach
-- ----------------------------
INSERT INTO `sys_attach` VALUES (1098871343396556800, '春的气息-清新绿色植物壁纸8.jpg', '/attach/20190222/201902221705182451.jpg', 'image/jpeg', 112468, 'jpg', '/attach/20190222/201902221705182451.jpg', NULL, b'0', '2019-02-22 17:05:18.965161', 1032079319188508672, NULL, NULL, NULL, NULL);
INSERT INTO `sys_attach` VALUES (1098871343396556801, '春的气息-清新绿色植物壁纸7.jpg', '/attach/20190222/201902221705182468.jpg', 'image/jpeg', 291199, 'jpg', '/attach/20190222/201902221705182468.jpg', NULL, b'0', '2019-02-22 17:05:18.965217', 1032079319188508672, NULL, NULL, NULL, NULL);
INSERT INTO `sys_attach` VALUES (1098871343396556802, '春的气息-清新绿色植物壁纸6.jpg', '/attach/20190222/201902221705182474.jpg', 'image/jpeg', 128919, 'jpg', '/attach/20190222/201902221705182474.jpg', NULL, b'0', '2019-02-22 17:05:18.965339', 1032079319188508672, NULL, NULL, NULL, NULL);
INSERT INTO `sys_attach` VALUES (1098871343396556803, '春的气息-清新绿色植物壁纸2.jpg', '/attach/20190222/201902221705182475.jpg', 'image/jpeg', 222754, 'jpg', '/attach/20190222/201902221705182475.jpg', NULL, b'0', '2019-02-22 17:05:18.965422', 1032079319188508672, NULL, NULL, NULL, NULL);
INSERT INTO `sys_attach` VALUES (1098871343396556804, '春的气息-清新绿色植物壁纸1.jpg', '/attach/20190222/201902221705181085.jpg', 'image/jpeg', 79773, 'jpg', '/attach/20190222/201902221705181085.jpg', NULL, b'0', '2019-02-22 17:05:18.965970', 1032079319188508672, NULL, NULL, NULL, NULL);
INSERT INTO `sys_attach` VALUES (1098871343425916928, '春的气息-清新绿色植物壁纸9.jpg', '/attach/20190222/201902221705182498.jpg', 'image/jpeg', 91268, 'jpg', '/attach/20190222/201902221705182498.jpg', NULL, b'0', '2019-02-22 17:05:18.972734', 1032079319188508672, NULL, NULL, NULL, NULL);
INSERT INTO `sys_attach` VALUES (1098871343442694144, '春的气息-清新绿色植物壁纸5.jpg', '/attach/20190222/201902221705181085.jpg', 'image/jpeg', 121735, 'jpg', '/attach/20190222/201902221705181085.jpg', NULL, b'0', '2019-02-22 17:05:18.976570', 1032079319188508672, NULL, NULL, NULL, NULL);
INSERT INTO `sys_attach` VALUES (1098871343472054272, '春的气息-清新绿色植物壁纸4.jpg', '/attach/20190222/201902221705182450.jpg', 'image/jpeg', 173555, 'jpg', '/attach/20190222/201902221705182450.jpg', NULL, b'0', '2019-02-22 17:05:18.983330', 1032079319188508672, NULL, NULL, NULL, NULL);
INSERT INTO `sys_attach` VALUES (1098871345430794240, '春的气息-清新绿色植物壁纸10.jpg', '/attach/20190222/201902221705193637.jpg', 'image/jpeg', 182976, 'jpg', '/attach/20190222/201902221705193637.jpg', NULL, b'0', '2019-02-22 17:05:19.450066', 1032079319188508672, NULL, NULL, NULL, NULL);
INSERT INTO `sys_attach` VALUES (1098871362023460864, '春的气息-清新绿色植物壁纸3.jpg', '/attach/20190222/201902221705233496.jpg', 'image/jpeg', 112704, 'jpg', '/attach/20190222/201902221705233496.jpg', NULL, b'0', '2019-02-22 17:05:23.406435', 1032079319188508672, NULL, NULL, NULL, NULL);

-- ----------------------------
-- Table structure for sys_dict
-- ----------------------------
DROP TABLE IF EXISTS `sys_dict`;
CREATE TABLE `sys_dict`  (
  `Id` bigint(20) NOT NULL AUTO_INCREMENT,
  `ParentId` bigint(20) NOT NULL,
  `EnCode` longtext CHARACTER SET utf8 COLLATE utf8_general_ci NULL,
  `FullName` longtext CHARACTER SET utf8 COLLATE utf8_general_ci NULL,
  `IsTree` bit(1) NULL DEFAULT NULL,
  `Layers` int(11) NULL DEFAULT NULL,
  `SortCode` int(11) NULL DEFAULT NULL,
  `Description` longtext CHARACTER SET utf8 COLLATE utf8_general_ci NULL,
  `EnabledMark` bit(1) NULL DEFAULT NULL,
  `DeletedMark` bit(1) NULL DEFAULT NULL,
  `CreationTime` datetime(6) NULL DEFAULT NULL,
  `CreatorUserId` bigint(20) NULL DEFAULT NULL,
  `LastModificationTime` datetime(6) NULL DEFAULT NULL,
  `LastModifierUserId` bigint(20) NULL DEFAULT NULL,
  `DeletionTime` datetime(6) NULL DEFAULT NULL,
  `DeleterUserId` bigint(20) NULL DEFAULT NULL,
  PRIMARY KEY (`Id`) USING BTREE
) ENGINE = InnoDB AUTO_INCREMENT = 1039768959819321345 CHARACTER SET = utf8 COLLATE = utf8_general_ci ROW_FORMAT = Dynamic;

-- ----------------------------
-- Records of sys_dict
-- ----------------------------
INSERT INTO `sys_dict` VALUES (1, 0, 'Sys_Items', '通用字典', b'0', NULL, NULL, NULL, b'1', b'0', NULL, NULL, NULL, NULL, NULL, NULL);
INSERT INTO `sys_dict` VALUES (2, 1, '101', '婚姻', b'0', NULL, NULL, NULL, b'1', b'0', NULL, NULL, NULL, NULL, NULL, NULL);
INSERT INTO `sys_dict` VALUES (3, 1, '102', '生育', b'0', NULL, NULL, NULL, b'1', b'0', NULL, NULL, NULL, NULL, NULL, NULL);
INSERT INTO `sys_dict` VALUES (4, 1, '104', '性别', b'0', NULL, NULL, NULL, b'1', b'0', NULL, NULL, NULL, NULL, NULL, NULL);
INSERT INTO `sys_dict` VALUES (5, 1, 'Education', '学历', b'0', NULL, NULL, NULL, b'1', b'0', NULL, NULL, NULL, NULL, NULL, NULL);
INSERT INTO `sys_dict` VALUES (6, 1, 'RoleType', '角色类型', b'0', NULL, NULL, NULL, b'1', b'0', NULL, NULL, NULL, NULL, NULL, NULL);
INSERT INTO `sys_dict` VALUES (7, 1, 'OrganizeType', '组织机构类型', b'0', NULL, NULL, NULL, b'1', b'0', NULL, NULL, NULL, NULL, NULL, NULL);
INSERT INTO `sys_dict` VALUES (1039040492387569664, 0, 'Wx_Items', ' 微信字典', NULL, NULL, 2, NULL, b'1', NULL, '2018-09-10 14:38:52.482379', NULL, NULL, NULL, NULL, NULL);
INSERT INTO `sys_dict` VALUES (1039040683253567488, 1039040492387569664, 'WxAppType', '公众号类型', NULL, NULL, 1, NULL, b'1', NULL, '2018-09-10 14:39:37.987039', NULL, NULL, NULL, NULL, NULL);
INSERT INTO `sys_dict` VALUES (1039768959819321344, 1, 'ResourceModule ', '资源模块', NULL, NULL, 1, NULL, b'1', NULL, '2018-09-12 14:53:32.651707', NULL, NULL, NULL, NULL, NULL);

-- ----------------------------
-- Table structure for sys_dictitem
-- ----------------------------
DROP TABLE IF EXISTS `sys_dictitem`;
CREATE TABLE `sys_dictitem`  (
  `Id` bigint(20) NOT NULL AUTO_INCREMENT,
  `ParentId` bigint(20) NOT NULL,
  `ItemCode` longtext CHARACTER SET utf8 COLLATE utf8_general_ci NULL,
  `ItemName` longtext CHARACTER SET utf8 COLLATE utf8_general_ci NULL,
  `SimpleSpelling` longtext CHARACTER SET utf8 COLLATE utf8_general_ci NULL,
  `IsDefault` bit(1) NULL DEFAULT NULL,
  `Layers` int(11) NULL DEFAULT NULL,
  `SortCode` int(11) NULL DEFAULT NULL,
  `Description` longtext CHARACTER SET utf8 COLLATE utf8_general_ci NULL,
  `EnabledMark` bit(1) NULL DEFAULT NULL,
  `DeletedMark` bit(1) NULL DEFAULT NULL,
  `CreationTime` datetime(6) NULL DEFAULT NULL,
  `CreatorUserId` bigint(20) NULL DEFAULT NULL,
  `LastModificationTime` datetime(6) NULL DEFAULT NULL,
  `LastModifierUserId` bigint(20) NULL DEFAULT NULL,
  `DeletionTime` datetime(6) NULL DEFAULT NULL,
  `DeleterUserId` bigint(20) NULL DEFAULT NULL,
  `DictId` bigint(20) NOT NULL,
  PRIMARY KEY (`Id`) USING BTREE,
  INDEX `IX_Sys_DictItem_DictId`(`DictId`) USING BTREE,
  CONSTRAINT `FK_Sys_DictItem_Sys_Dict_DictId` FOREIGN KEY (`DictId`) REFERENCES `sys_dict` (`Id`) ON DELETE CASCADE ON UPDATE RESTRICT
) ENGINE = InnoDB AUTO_INCREMENT = 1082841865742585857 CHARACTER SET = utf8 COLLATE = utf8_general_ci ROW_FORMAT = Dynamic;

-- ----------------------------
-- Records of sys_dictitem
-- ----------------------------
INSERT INTO `sys_dictitem` VALUES (1, 0, '1', '已婚', NULL, NULL, NULL, NULL, NULL, b'1', b'0', NULL, NULL, NULL, NULL, NULL, NULL, 2);
INSERT INTO `sys_dictitem` VALUES (2, 0, '2', '未婚', NULL, NULL, NULL, NULL, NULL, b'1', b'0', NULL, NULL, NULL, NULL, NULL, NULL, 2);
INSERT INTO `sys_dictitem` VALUES (3, 0, '3', '离异', NULL, NULL, NULL, NULL, NULL, b'1', b'0', NULL, NULL, NULL, NULL, NULL, NULL, 2);
INSERT INTO `sys_dictitem` VALUES (4, 0, '4', '丧偶', NULL, NULL, NULL, NULL, NULL, b'1', b'0', NULL, NULL, NULL, NULL, NULL, NULL, 2);
INSERT INTO `sys_dictitem` VALUES (5, 0, '5', '其它', NULL, NULL, NULL, NULL, NULL, b'1', b'0', NULL, NULL, NULL, NULL, NULL, NULL, 2);
INSERT INTO `sys_dictitem` VALUES (6, 0, '1', '未育', NULL, NULL, NULL, NULL, NULL, b'1', b'0', NULL, NULL, NULL, NULL, NULL, NULL, 3);
INSERT INTO `sys_dictitem` VALUES (7, 0, '2', '已育', NULL, NULL, NULL, NULL, NULL, b'1', b'0', NULL, NULL, NULL, NULL, NULL, NULL, 3);
INSERT INTO `sys_dictitem` VALUES (8, 0, '3', '其它', NULL, NULL, NULL, NULL, NULL, b'1', b'0', NULL, NULL, NULL, NULL, NULL, NULL, 3);
INSERT INTO `sys_dictitem` VALUES (9, 0, '1', '男', NULL, NULL, NULL, NULL, NULL, b'1', b'0', NULL, NULL, NULL, NULL, NULL, NULL, 4);
INSERT INTO `sys_dictitem` VALUES (10, 0, '0', '女', NULL, NULL, NULL, NULL, NULL, b'1', b'0', NULL, NULL, NULL, NULL, NULL, NULL, 4);
INSERT INTO `sys_dictitem` VALUES (11, 0, '1', '小学', NULL, NULL, NULL, NULL, NULL, b'1', b'0', NULL, NULL, NULL, NULL, NULL, NULL, 5);
INSERT INTO `sys_dictitem` VALUES (12, 0, '2', '初中', NULL, NULL, NULL, NULL, NULL, b'1', b'0', NULL, NULL, NULL, NULL, NULL, NULL, 5);
INSERT INTO `sys_dictitem` VALUES (13, 0, '3', '高中', NULL, NULL, NULL, NULL, NULL, b'1', b'0', NULL, NULL, NULL, NULL, NULL, NULL, 5);
INSERT INTO `sys_dictitem` VALUES (14, 0, '4', '中专', NULL, NULL, NULL, NULL, NULL, b'1', b'0', NULL, NULL, NULL, NULL, NULL, NULL, 5);
INSERT INTO `sys_dictitem` VALUES (15, 0, '5', '大专', NULL, NULL, NULL, NULL, NULL, b'1', b'0', NULL, NULL, NULL, NULL, NULL, NULL, 5);
INSERT INTO `sys_dictitem` VALUES (16, 0, '6', '本科', NULL, NULL, NULL, NULL, NULL, b'1', b'0', NULL, NULL, NULL, NULL, NULL, NULL, 5);
INSERT INTO `sys_dictitem` VALUES (17, 0, '7', '硕士', NULL, NULL, NULL, NULL, NULL, b'1', b'0', NULL, NULL, NULL, NULL, NULL, NULL, 5);
INSERT INTO `sys_dictitem` VALUES (18, 0, '8', '博士', NULL, NULL, NULL, NULL, NULL, b'1', b'0', NULL, NULL, NULL, NULL, NULL, NULL, 5);
INSERT INTO `sys_dictitem` VALUES (19, 0, '9', '其它', NULL, NULL, NULL, NULL, NULL, b'1', b'0', NULL, NULL, NULL, NULL, '2019-01-09 14:58:03.739566', NULL, 5);
INSERT INTO `sys_dictitem` VALUES (20, 0, 'SystemRole', '系统角色', NULL, b'0', NULL, 1, '&nbsp;', b'1', b'0', NULL, NULL, NULL, NULL, NULL, NULL, 6);
INSERT INTO `sys_dictitem` VALUES (21, 0, 'BusinessRole', '业务角色', NULL, b'0', NULL, 2, '&nbsp;', b'1', b'0', NULL, NULL, NULL, NULL, NULL, NULL, 6);
INSERT INTO `sys_dictitem` VALUES (22, 0, 'OtherRole', '其他角色', NULL, b'0', NULL, 3, '&nbsp;', b'1', b'0', NULL, NULL, NULL, NULL, NULL, NULL, 6);
INSERT INTO `sys_dictitem` VALUES (23, 0, 'Group', '集团', NULL, NULL, NULL, NULL, NULL, b'1', b'0', NULL, NULL, NULL, NULL, NULL, NULL, 7);
INSERT INTO `sys_dictitem` VALUES (24, 0, 'Company', '公司', NULL, NULL, NULL, NULL, NULL, b'1', b'0', NULL, NULL, NULL, NULL, NULL, NULL, 7);
INSERT INTO `sys_dictitem` VALUES (25, 0, 'Department', '部门', NULL, NULL, NULL, NULL, NULL, b'1', b'0', NULL, NULL, NULL, NULL, NULL, NULL, 7);
INSERT INTO `sys_dictitem` VALUES (26, 0, 'WorkGroup', '小组', NULL, NULL, NULL, NULL, NULL, b'1', b'0', NULL, NULL, NULL, NULL, NULL, NULL, 7);
INSERT INTO `sys_dictitem` VALUES (1039040761267621888, 0, 'Subscribe', '订阅号', NULL, b'0', NULL, 1, '&nbsp;', b'1', NULL, '2018-09-10 14:39:56.587612', 1, NULL, NULL, NULL, NULL, 1039040683253567488);
INSERT INTO `sys_dictitem` VALUES (1039040812123557888, 0, 'Service', '服务号', NULL, b'0', NULL, 2, '&nbsp;', b'1', NULL, '2018-09-10 14:40:08.712272', 1, NULL, NULL, NULL, NULL, 1039040683253567488);
INSERT INTO `sys_dictitem` VALUES (1039040847762558976, 0, 'Enterprise', '企业号', NULL, b'0', NULL, 3, '&nbsp;', b'1', NULL, '2018-09-10 14:40:17.209378', 1, NULL, NULL, NULL, NULL, 1039040683253567488);
INSERT INTO `sys_dictitem` VALUES (1039040879412776960, 0, 'Test', '测试号', NULL, b'0', NULL, 4, '&nbsp;', b'1', NULL, '2018-09-10 14:40:24.755513', 1, NULL, NULL, NULL, NULL, 1039040683253567488);
INSERT INTO `sys_dictitem` VALUES (1039769040232517632, 0, 'System', '系统管理', NULL, b'0', NULL, 1, '&nbsp;', b'1', NULL, '2018-09-12 14:53:51.824083', 1, NULL, NULL, NULL, NULL, 1039768959819321344);
INSERT INTO `sys_dictitem` VALUES (1039769157958242304, 0, 'Weixin', '微信管理', NULL, b'0', NULL, 4, '&nbsp;', b'1', NULL, '2018-09-12 14:54:19.891318', 1, NULL, NULL, NULL, NULL, 1039768959819321344);
INSERT INTO `sys_dictitem` VALUES (1055092012904222720, 0, 'Example', 'Example', NULL, b'0', NULL, 3, NULL, b'1', NULL, '2018-10-24 21:41:53.195257', 1, NULL, NULL, NULL, NULL, 1039768959819321344);
INSERT INTO `sys_dictitem` VALUES (1082841865742585856, 0, 'Security', '系统安全', NULL, b'0', NULL, 2, NULL, b'1', NULL, '2019-01-09 11:29:53.679628', 1, NULL, NULL, NULL, NULL, 1039768959819321344);

-- ----------------------------
-- Table structure for sys_loginlog
-- ----------------------------
DROP TABLE IF EXISTS `sys_loginlog`;
CREATE TABLE `sys_loginlog`  (
  `Id` bigint(20) NOT NULL AUTO_INCREMENT,
  `UserId` bigint(20) NOT NULL,
  `UserName` longtext CHARACTER SET utf8 COLLATE utf8_general_ci NULL,
  `OperateTime` datetime(6) NULL DEFAULT NULL,
  `IpAddress` longtext CHARACTER SET utf8 COLLATE utf8_general_ci NULL,
  `IpAddressLocation` longtext CHARACTER SET utf8 COLLATE utf8_general_ci NULL,
  `DeletedMark` bit(1) NULL DEFAULT NULL,
  `CreationTime` datetime(6) NULL DEFAULT NULL,
  `CreatorUserId` bigint(20) NULL DEFAULT NULL,
  `LastModificationTime` datetime(6) NULL DEFAULT NULL,
  `LastModifierUserId` bigint(20) NULL DEFAULT NULL,
  `DeletionTime` datetime(6) NULL DEFAULT NULL,
  `DeleterUserId` bigint(20) NULL DEFAULT NULL,
  `Description` longtext CHARACTER SET utf8 COLLATE utf8_general_ci NULL,
  `OperateResult` bit(1) NULL DEFAULT NULL,
  `OperateType` longtext CHARACTER SET utf8 COLLATE utf8_general_ci NULL,
  PRIMARY KEY (`Id`) USING BTREE
) ENGINE = InnoDB AUTO_INCREMENT = 1099867127495659521 CHARACTER SET = utf8 COLLATE = utf8_general_ci ROW_FORMAT = Dynamic;

-- ----------------------------
-- Records of sys_loginlog
-- ----------------------------
INSERT INTO `sys_loginlog` VALUES (1081093697954779136, 1032079319188508672, 'admin', '2019-01-04 15:43:17.498042', '127.0.0.1', 'Localhost', b'0', '2019-01-04 15:43:17.999975', NULL, NULL, NULL, NULL, NULL, '安全退出。', b'1', 'Logout');
INSERT INTO `sys_loginlog` VALUES (1081093811314233344, 1035359633864265728, 'flyang', '2019-01-04 15:43:44.678381', '::1', '本地', b'0', '2019-01-04 15:43:45.026069', NULL, NULL, NULL, NULL, NULL, '系统登录，登录成功。', b'1', 'Login');
INSERT INTO `sys_loginlog` VALUES (1081093835913826304, 1035359633864265728, 'flyang', '2019-01-04 15:43:50.614365', '127.0.0.1', 'Localhost', b'0', '2019-01-04 15:43:50.891930', NULL, NULL, NULL, NULL, NULL, '安全退出。', b'1', 'Logout');
INSERT INTO `sys_loginlog` VALUES (1081093991551864832, 1032079319188508672, 'admin', '2019-01-04 15:44:27.660320', '222.240.1.188', '湖南省长沙市 电信', b'0', '2019-01-04 15:44:27.998476', NULL, NULL, NULL, NULL, NULL, '系统登录，登录成功。', b'1', 'Login');
INSERT INTO `sys_loginlog` VALUES (1081110642733223936, 1032079319188508672, 'admin', '2019-01-04 16:50:37.452182', '127.0.0.1', '', b'0', '2019-01-04 16:50:37.949447', NULL, NULL, NULL, NULL, NULL, '安全退出。', b'1', 'Logout');
INSERT INTO `sys_loginlog` VALUES (1081110672269512704, 1035359633864265728, 'flyang', '2019-01-04 16:50:44.587054', '127.0.0.1', '', b'0', '2019-01-04 16:50:44.991386', NULL, NULL, NULL, NULL, NULL, '系统登录，登录成功。', b'1', 'Login');
INSERT INTO `sys_loginlog` VALUES (1082083447603859456, 1035359633864265728, 'flyang', '2019-01-07 09:16:11.242545', '::1', '', b'0', '2019-01-07 09:16:12.704430', NULL, NULL, NULL, NULL, NULL, '系统登录，登录成功。', b'1', 'Login');
INSERT INTO `sys_loginlog` VALUES (1082083498543681536, 1035359633864265728, 'flyang', '2019-01-07 09:16:24.532516', '::1', '', b'0', '2019-01-07 09:16:24.849223', NULL, NULL, NULL, NULL, NULL, '安全退出。', b'1', 'Logout');
INSERT INTO `sys_loginlog` VALUES (1082083597789302784, 1032079319188508672, 'admin', '2019-01-07 09:16:48.208735', '::1', '', b'0', '2019-01-07 09:16:48.511115', NULL, NULL, NULL, NULL, NULL, '系统登录，登录成功。', b'1', 'Login');
INSERT INTO `sys_loginlog` VALUES (1082276019760664576, 1035359633864265728, 'flyang', '2019-01-07 22:01:24.262765', '::1', '', b'0', '2019-01-07 22:01:25.485052', NULL, NULL, NULL, NULL, NULL, '系统登录，登录成功。', b'1', 'Login');
INSERT INTO `sys_loginlog` VALUES (1082277629006057472, 1035359633864265728, 'flyang', '2019-01-07 22:07:48.084035', '::1', '', b'0', '2019-01-07 22:07:49.158361', NULL, NULL, NULL, NULL, NULL, '安全退出。', b'1', 'Logout');
INSERT INTO `sys_loginlog` VALUES (1082277669330096128, 1032079319188508672, 'admin', '2019-01-07 22:07:58.250065', '::1', '', b'0', '2019-01-07 22:07:58.772837', NULL, NULL, NULL, NULL, NULL, '系统登录，登录成功。', b'1', 'Login');
INSERT INTO `sys_loginlog` VALUES (1082277810736861184, 1032079319188508672, 'admin', '2019-01-07 22:08:32.019885', '::1', '', b'0', '2019-01-07 22:08:32.486103', NULL, NULL, NULL, NULL, NULL, '安全退出。', b'1', 'Logout');
INSERT INTO `sys_loginlog` VALUES (1082277849190240256, 1032079319188508672, 'admin', '2019-01-07 22:08:41.170402', '::1', '', b'0', '2019-01-07 22:08:41.654467', NULL, NULL, NULL, NULL, NULL, '系统登录，登录成功。', b'1', 'Login');
INSERT INTO `sys_loginlog` VALUES (1082278137821270016, 1032079319188508672, 'admin', '2019-01-07 22:09:49.798255', '::1', '', b'0', '2019-01-07 22:09:50.469729', NULL, NULL, NULL, NULL, NULL, '安全退出。', b'1', 'Logout');
INSERT INTO `sys_loginlog` VALUES (1082278181374922752, 1032079319188508672, 'admin', '2019-01-07 22:10:00.352150', '::1', '', b'0', '2019-01-07 22:10:00.853131', NULL, NULL, NULL, NULL, NULL, '系统登录，登录成功。', b'1', 'Login');
INSERT INTO `sys_loginlog` VALUES (1082444150563016704, 1032079319188508672, 'admin', '2019-01-08 09:09:29.536765', '::1', '', b'0', '2019-01-08 09:09:30.991913', NULL, NULL, NULL, NULL, NULL, '系统登录，登录成功。', b'1', 'Login');
INSERT INTO `sys_loginlog` VALUES (1082524344531423232, 1032079319188508672, 'admin', '2019-01-08 14:28:09.562487', '::1', '', b'0', '2019-01-08 14:28:10.724081', NULL, NULL, NULL, NULL, NULL, '系统登录，登录成功。', b'1', 'Login');
INSERT INTO `sys_loginlog` VALUES (1082531444569542656, 1032079319188508672, 'admin', '2019-01-08 14:56:23.117922', '127.0.0.1', '', b'0', '2019-01-08 14:56:23.504156', NULL, NULL, NULL, NULL, NULL, '安全退出。', b'1', 'Logout');
INSERT INTO `sys_loginlog` VALUES (1082531474240049152, 1032079319188508672, 'admin', '2019-01-08 14:56:30.279631', '127.0.0.1', '', b'0', '2019-01-08 14:56:30.578092', NULL, NULL, NULL, NULL, NULL, '系统登录，登录成功。', b'1', 'Login');
INSERT INTO `sys_loginlog` VALUES (1082534062586990592, 1032079319188508672, 'admin', '2019-01-08 15:06:47.279326', '127.0.0.1', '', b'0', '2019-01-08 15:06:47.688742', NULL, NULL, NULL, NULL, NULL, '安全退出。', b'1', 'Logout');
INSERT INTO `sys_loginlog` VALUES (1082534089401176064, 1035359633864265728, 'flyang', '2019-01-08 15:06:53.820788', '127.0.0.1', '', b'0', '2019-01-08 15:06:54.081261', NULL, NULL, NULL, NULL, NULL, '系统登录，登录成功。', b'1', 'Login');
INSERT INTO `sys_loginlog` VALUES (1082534110196535296, 1035359633864265728, 'flyang', '2019-01-08 15:06:58.857419', '127.0.0.1', '', b'0', '2019-01-08 15:06:59.039138', NULL, NULL, NULL, NULL, NULL, '安全退出。', b'1', 'Logout');
INSERT INTO `sys_loginlog` VALUES (1082534133336510464, 1032079319188508672, 'admin', '2019-01-08 15:07:04.305299', '127.0.0.1', '', b'0', '2019-01-08 15:07:04.556760', NULL, NULL, NULL, NULL, NULL, '系统登录，登录成功。', b'1', 'Login');
INSERT INTO `sys_loginlog` VALUES (1082542918411096064, 1032079319188508672, 'admin', '2019-01-08 15:41:58.893940', '127.0.0.1', '', b'0', '2019-01-08 15:41:59.081625', NULL, NULL, NULL, NULL, NULL, '安全退出。', b'1', 'Logout');
INSERT INTO `sys_loginlog` VALUES (1082542945627934720, 1032079319188508672, 'admin', '2019-01-08 15:42:05.455917', '127.0.0.1', '', b'0', '2019-01-08 15:42:05.570001', NULL, NULL, NULL, NULL, NULL, '系统登录，登录成功。', b'1', 'Login');
INSERT INTO `sys_loginlog` VALUES (1082543987203641344, 1032079319188508672, 'admin', '2019-01-08 15:46:13.820212', '127.0.0.1', '', b'0', '2019-01-08 15:46:13.901567', NULL, NULL, NULL, NULL, NULL, '安全退出。', b'1', 'Logout');
INSERT INTO `sys_loginlog` VALUES (1082544018912579584, 1032079319188508672, 'admin', '2019-01-08 15:46:21.363851', '127.0.0.1', '', b'0', '2019-01-08 15:46:21.461402', NULL, NULL, NULL, NULL, NULL, '系统登录，登录成功。', b'1', 'Login');
INSERT INTO `sys_loginlog` VALUES (1082565374442082304, 1032079319188508672, 'admin', '2019-01-08 17:11:12.556013', '127.0.0.1', '', b'0', '2019-01-08 17:11:13.016325', NULL, NULL, NULL, NULL, NULL, '安全退出。', b'1', 'Logout');
INSERT INTO `sys_loginlog` VALUES (1082565403835764736, 1032079319188508672, 'admin', '2019-01-08 17:11:19.631210', '127.0.0.1', '', b'0', '2019-01-08 17:11:20.024551', NULL, NULL, NULL, NULL, NULL, '系统登录，登录成功。', b'1', 'Login');
INSERT INTO `sys_loginlog` VALUES (1082805336844406784, 1032079319188508672, 'admin', '2019-01-09 09:04:42.583042', '127.0.0.1', '', b'0', '2019-01-09 09:04:44.511796', NULL, NULL, NULL, NULL, NULL, '系统登录，登录成功。', b'1', 'Login');
INSERT INTO `sys_loginlog` VALUES (1082827238656839680, 1032079319188508672, 'admin', '2019-01-09 10:31:45.148747', '::1', '', b'0', '2019-01-09 10:31:46.310990', NULL, NULL, NULL, NULL, NULL, '系统登录，登录成功。', b'1', 'Login');
INSERT INTO `sys_loginlog` VALUES (1082927761737256960, 1032079319188508672, 'admin', '2019-01-09 17:11:11.995717', '::1', '', b'0', '2019-01-09 17:11:12.880367', NULL, NULL, NULL, NULL, NULL, '系统登录，登录成功。', b'1', 'Login');
INSERT INTO `sys_loginlog` VALUES (1082928811970007040, 1032079319188508672, 'admin', '2019-01-09 17:15:22.300429', '::1', '', b'0', '2019-01-09 17:15:23.275916', NULL, NULL, NULL, NULL, NULL, '系统登录，登录成功。', b'1', 'Login');
INSERT INTO `sys_loginlog` VALUES (1082997807578746880, 1032079319188508672, 'admin', '2019-01-09 21:49:32.275851', '::1', '', b'0', '2019-01-09 21:49:33.110393', NULL, NULL, NULL, NULL, NULL, '系统登录，登录成功。', b'1', 'Login');
INSERT INTO `sys_loginlog` VALUES (1083008161570492416, 1032079319188508672, 'admin', '2019-01-09 22:30:40.689514', '::1', '', b'0', '2019-01-09 22:30:41.694384', NULL, NULL, NULL, NULL, NULL, '系统登录，登录成功。', b'1', 'Login');
INSERT INTO `sys_loginlog` VALUES (1083198990390005760, 1032079319188508672, 'admin', '2019-01-10 11:08:58.265100', '::1', '', b'0', '2019-01-10 11:08:58.830553', NULL, NULL, NULL, NULL, NULL, '系统登录，登录成功。', b'1', 'Login');
INSERT INTO `sys_loginlog` VALUES (1083251478031896576, 1032079319188508672, 'admin', '2019-01-10 14:37:32.120446', '::1', '', b'0', '2019-01-10 14:37:32.859449', NULL, NULL, NULL, NULL, NULL, '系统登录，登录成功。', b'1', 'Login');
INSERT INTO `sys_loginlog` VALUES (1083263212377477120, 1032079319188508672, 'admin', '2019-01-10 15:24:10.350349', '::1', '', b'0', '2019-01-10 15:24:10.545343', NULL, NULL, NULL, NULL, NULL, '安全退出。', b'1', 'Logout');
INSERT INTO `sys_loginlog` VALUES (1083263237417472000, 1032079319188508672, 'admin', '2019-01-10 15:24:16.358337', '::1', '', b'0', '2019-01-10 15:24:16.515888', NULL, NULL, NULL, NULL, NULL, '系统登录，登录成功。', b'1', 'Login');
INSERT INTO `sys_loginlog` VALUES (1087528435229790208, 0, 'admin', '2019-01-22 09:52:38.239231', '127.0.0.1', '', b'0', '2019-01-22 09:52:38.917099', NULL, NULL, NULL, NULL, NULL, '系统登录，验证码错误，请重新输入。', b'0', 'Login');
INSERT INTO `sys_loginlog` VALUES (1087530367298179072, 0, 'admin', '2019-01-22 10:00:18.376002', '127.0.0.1', '', b'0', '2019-01-22 10:00:19.558516', NULL, NULL, NULL, NULL, NULL, '系统登录，密码不正确，请重新输入。', b'0', 'Login');
INSERT INTO `sys_loginlog` VALUES (1087530420389679104, 1032079319188508672, 'admin', '2019-01-22 10:00:31.768765', '127.0.0.1', '', b'0', '2019-01-22 10:00:32.216577', NULL, NULL, NULL, NULL, NULL, '系统登录，登录成功。', b'1', 'Login');
INSERT INTO `sys_loginlog` VALUES (1087530466866761728, 1032079319188508672, 'admin', '2019-01-22 10:00:43.053672', '127.0.0.1', '', b'0', '2019-01-22 10:00:43.297610', NULL, NULL, NULL, NULL, NULL, '安全退出。', b'1', 'Logout');
INSERT INTO `sys_loginlog` VALUES (1087530515239669760, 1032079319188508672, 'admin', '2019-01-22 10:00:54.603846', '127.0.0.1', '', b'0', '2019-01-22 10:00:54.830053', NULL, NULL, NULL, NULL, NULL, '系统登录，登录成功。', b'1', 'Login');
INSERT INTO `sys_loginlog` VALUES (1087531089330835456, 1032079319188508672, 'admin', '2019-01-22 10:03:11.127331', '127.0.0.1', '', b'0', '2019-01-22 10:03:11.704834', NULL, NULL, NULL, NULL, NULL, '安全退出。', b'1', 'Logout');
INSERT INTO `sys_loginlog` VALUES (1087531175825772544, 1032079319188508672, 'admin', '2019-01-22 10:03:31.763542', '127.0.0.1', '', b'0', '2019-01-22 10:03:32.326681', NULL, NULL, NULL, NULL, NULL, '系统登录，登录成功。', b'1', 'Login');
INSERT INTO `sys_loginlog` VALUES (1087532414038839296, 1032079319188508672, 'admin', '2019-01-22 10:08:27.035825', '::1', '', b'0', '2019-01-22 10:08:27.539422', NULL, NULL, NULL, NULL, NULL, '安全退出。', b'1', 'Logout');
INSERT INTO `sys_loginlog` VALUES (1087532827341361152, 0, 'admin', '2019-01-22 10:10:05.715283', '127.0.0.1', '', b'0', '2019-01-22 10:10:06.078711', NULL, NULL, NULL, NULL, NULL, '系统登录，验证码错误，请重新输入。', b'0', 'Login');
INSERT INTO `sys_loginlog` VALUES (1087532852247138304, 0, 'admin', '2019-01-22 10:10:11.596563', '127.0.0.1', '', b'0', '2019-01-22 10:10:12.016520', NULL, NULL, NULL, NULL, NULL, '系统登录，验证码错误，请重新输入。', b'0', 'Login');
INSERT INTO `sys_loginlog` VALUES (1087533006333284352, 0, 'admin', '2019-01-22 10:10:43.328218', '127.0.0.1', '', b'0', '2019-01-22 10:10:48.753673', NULL, NULL, NULL, NULL, NULL, '系统登录，验证码错误，请重新输入。', b'0', 'Login');
INSERT INTO `sys_loginlog` VALUES (1087533371933986816, 1032079319188508672, 'admin', '2019-01-22 10:12:14.647537', '127.0.0.1', '', b'0', '2019-01-22 10:12:15.919123', NULL, NULL, NULL, NULL, NULL, '系统登录，登录成功。', b'1', 'Login');
INSERT INTO `sys_loginlog` VALUES (1087533930963406848, 1032079319188508672, 'admin', '2019-01-22 10:14:28.702801', '127.0.0.1', '', b'0', '2019-01-22 10:14:29.202490', NULL, NULL, NULL, NULL, NULL, '安全退出。', b'1', 'Logout');
INSERT INTO `sys_loginlog` VALUES (1087534871829680128, 1032079319188508672, 'admin', '2019-01-22 10:18:12.227317', '127.0.0.1', '', b'0', '2019-01-22 10:18:13.522884', NULL, NULL, NULL, NULL, NULL, '系统登录，登录成功。', b'1', 'Login');
INSERT INTO `sys_loginlog` VALUES (1087535005690892288, 1032079319188508672, 'admin', '2019-01-22 10:18:44.950775', '127.0.0.1', '', b'0', '2019-01-22 10:18:45.437481', NULL, NULL, NULL, NULL, NULL, '安全退出。', b'1', 'Logout');
INSERT INTO `sys_loginlog` VALUES (1087535042521075712, 1032079319188508672, 'admin', '2019-01-22 10:18:53.657070', '127.0.0.1', '', b'0', '2019-01-22 10:18:54.218209', NULL, NULL, NULL, NULL, NULL, '系统登录，登录成功。', b'1', 'Login');
INSERT INTO `sys_loginlog` VALUES (1087634413950472192, 1032079319188508672, 'admin', '2019-01-22 16:53:45.780115', '::1', '', b'0', '2019-01-22 16:53:46.213270', NULL, NULL, NULL, NULL, NULL, '安全退出。', b'1', 'Logout');
INSERT INTO `sys_loginlog` VALUES (1087638675350753280, 1032079319188508672, 'admin', '2019-01-22 17:10:40.965758', '127.0.0.1', '', b'0', '2019-01-22 17:10:42.210816', NULL, NULL, NULL, NULL, NULL, '系统登录，登录成功。', b'1', 'Login');
INSERT INTO `sys_loginlog` VALUES (1087644555513303040, 1032079319188508672, 'admin', '2019-01-22 17:34:02.915586', '::1', '', b'0', '2019-01-22 17:34:04.150740', NULL, NULL, NULL, NULL, NULL, '系统登录，登录成功。', b'1', 'Login');
INSERT INTO `sys_loginlog` VALUES (1087647460765077504, 1032079319188508672, 'admin', '2019-01-22 17:45:35.688446', '::1', '', b'0', '2019-01-22 17:45:36.816376', NULL, NULL, NULL, NULL, NULL, '系统登录，登录成功。', b'1', 'Login');
INSERT INTO `sys_loginlog` VALUES (1087648425928953856, 1032079319188508672, 'admin', '2019-01-22 17:49:26.366276', '::1', '', b'0', '2019-01-22 17:49:26.929504', NULL, NULL, NULL, NULL, NULL, '安全退出。', b'1', 'Logout');
INSERT INTO `sys_loginlog` VALUES (1087648489602682880, 1032079319188508672, 'admin', '2019-01-22 17:49:41.502056', '::1', '', b'0', '2019-01-22 17:49:42.110328', NULL, NULL, NULL, NULL, NULL, '系统登录，登录成功。', b'1', 'Login');
INSERT INTO `sys_loginlog` VALUES (1088815501540462592, 1032079319188508672, 'admin', '2019-01-25 23:06:58.415700', '::1', '', b'0', '2019-01-25 23:06:59.438591', NULL, NULL, NULL, NULL, NULL, '系统登录，登录成功。', b'1', 'Login');
INSERT INTO `sys_loginlog` VALUES (1088820220522532864, 1032079319188508672, 'admin', '2019-01-25 23:25:43.222216', '::1', '', b'0', '2019-01-25 23:25:44.531735', NULL, NULL, NULL, NULL, NULL, '系统登录，登录成功。', b'1', 'Login');
INSERT INTO `sys_loginlog` VALUES (1089143301950541824, 0, 'admin', '2019-01-26 20:49:31.208528', '127.0.0.1', '', b'0', '2019-01-26 20:49:33.146106', NULL, NULL, NULL, NULL, NULL, '系统登录，Unknown column \'t.DutyId\' in \'field list\'', b'0', 'Login');
INSERT INTO `sys_loginlog` VALUES (1089144166014914560, 0, 'admin', '2019-01-26 20:52:58.885324', '::1', '', b'0', '2019-01-26 20:52:59.155909', NULL, NULL, NULL, NULL, NULL, '系统登录，Unknown column \'t.DutyId\' in \'field list\'', b'0', 'Login');
INSERT INTO `sys_loginlog` VALUES (1089144291391049728, 1032079319188508672, 'admin', '2019-01-26 20:53:28.166888', '::1', '', b'0', '2019-01-26 20:53:29.047923', NULL, NULL, NULL, NULL, NULL, '系统登录，登录成功。', b'1', 'Login');
INSERT INTO `sys_loginlog` VALUES (1089146883483504640, 1032079319188508672, 'admin', '2019-01-26 21:03:46.073807', '::1', '', b'0', '2019-01-26 21:03:47.050477', NULL, NULL, NULL, NULL, NULL, '系统登录，登录成功。', b'1', 'Login');
INSERT INTO `sys_loginlog` VALUES (1089155249228353536, 1032079319188508672, 'admin', '2019-01-26 21:37:00.988052', '::1', '', b'0', '2019-01-26 21:37:01.599615', NULL, NULL, NULL, NULL, NULL, '安全退出。', b'1', 'Logout');
INSERT INTO `sys_loginlog` VALUES (1089155275908321280, 0, 'weixin', '2019-01-26 21:37:07.647503', '::1', '', b'0', '2019-01-26 21:37:07.960969', NULL, NULL, NULL, NULL, NULL, '系统登录，账户不存在，请重新输入。', b'0', 'Login');
INSERT INTO `sys_loginlog` VALUES (1089155333869408256, 1032079319188508672, 'admin', '2019-01-26 21:37:21.438561', '::1', '', b'0', '2019-01-26 21:37:21.779124', NULL, NULL, NULL, NULL, NULL, '系统登录，登录成功。', b'1', 'Login');
INSERT INTO `sys_loginlog` VALUES (1089155477109084160, 1032079319188508672, 'admin', '2019-01-26 21:37:55.287911', '::1', '', b'0', '2019-01-26 21:37:55.930826', NULL, NULL, NULL, NULL, NULL, '安全退出。', b'1', 'Logout');
INSERT INTO `sys_loginlog` VALUES (1089155504128790528, 1035359633864265728, 'flyang', '2019-01-26 21:38:02.067999', '::1', '', b'0', '2019-01-26 21:38:02.372132', NULL, NULL, NULL, NULL, NULL, '系统登录，登录成功。', b'1', 'Login');
INSERT INTO `sys_loginlog` VALUES (1089169991762317312, 1035359633864265728, 'flyang', '2019-01-26 22:35:36.163398', '::1', '', b'0', '2019-01-26 22:35:36.493125', NULL, NULL, NULL, NULL, NULL, '安全退出。', b'1', 'Logout');
INSERT INTO `sys_loginlog` VALUES (1089170030521880576, 1032079319188508672, 'admin', '2019-01-26 22:35:45.595057', '::1', '', b'0', '2019-01-26 22:35:45.734619', NULL, NULL, NULL, NULL, NULL, '系统登录，登录成功。', b'1', 'Login');
INSERT INTO `sys_loginlog` VALUES (1089170205051064320, 1032079319188508672, 'admin', '2019-01-26 22:36:27.276109', '::1', '', b'0', '2019-01-26 22:36:27.345758', NULL, NULL, NULL, NULL, NULL, '安全退出。', b'1', 'Logout');
INSERT INTO `sys_loginlog` VALUES (1089170232980934656, 1035359633864265728, 'flyang', '2019-01-26 22:36:33.904319', '::1', '', b'0', '2019-01-26 22:36:34.004301', NULL, NULL, NULL, NULL, NULL, '系统登录，登录成功。', b'1', 'Login');
INSERT INTO `sys_loginlog` VALUES (1089170447838351360, 1035359633864265728, 'flyang', '2019-01-26 22:37:25.150912', '::1', '', b'0', '2019-01-26 22:37:25.230682', NULL, NULL, NULL, NULL, NULL, '安全退出。', b'1', 'Logout');
INSERT INTO `sys_loginlog` VALUES (1089170489949163520, 1032079319188508672, 'admin', '2019-01-26 22:37:35.189782', '::1', '', b'0', '2019-01-26 22:37:35.270634', NULL, NULL, NULL, NULL, NULL, '系统登录，登录成功。', b'1', 'Login');
INSERT INTO `sys_loginlog` VALUES (1089170568542031872, 1032079319188508672, 'admin', '2019-01-26 22:37:53.773172', '::1', '', b'0', '2019-01-26 22:37:54.008307', NULL, NULL, NULL, NULL, NULL, '安全退出。', b'1', 'Logout');
INSERT INTO `sys_loginlog` VALUES (1089170589308030976, 1035359633864265728, 'flyang', '2019-01-26 22:37:58.843318', '::1', '', b'0', '2019-01-26 22:37:58.959512', NULL, NULL, NULL, NULL, NULL, '系统登录，登录成功。', b'1', 'Login');
INSERT INTO `sys_loginlog` VALUES (1089170624716345344, 1035359633864265728, 'flyang', '2019-01-26 22:38:07.334405', '::1', '', b'0', '2019-01-26 22:38:07.401064', NULL, NULL, NULL, NULL, NULL, '安全退出。', b'1', 'Logout');
INSERT INTO `sys_loginlog` VALUES (1089170650117050368, 1032079319188508672, 'admin', '2019-01-26 22:38:13.352600', '::1', '', b'0', '2019-01-26 22:38:13.457438', NULL, NULL, NULL, NULL, NULL, '系统登录，登录成功。', b'1', 'Login');
INSERT INTO `sys_loginlog` VALUES (1089170703363739648, 1032079319188508672, 'admin', '2019-01-26 22:38:26.073116', '::1', '', b'0', '2019-01-26 22:38:26.152534', NULL, NULL, NULL, NULL, NULL, '安全退出。', b'1', 'Logout');
INSERT INTO `sys_loginlog` VALUES (1089170724331065344, 1032079319188508672, 'admin', '2019-01-26 22:38:31.060504', '::1', '', b'0', '2019-01-26 22:38:31.151347', NULL, NULL, NULL, NULL, NULL, '系统登录，登录成功。', b'1', 'Login');
INSERT INTO `sys_loginlog` VALUES (1089170740156174336, 1032079319188508672, 'admin', '2019-01-26 22:38:34.851396', '::1', '', b'0', '2019-01-26 22:38:34.924688', NULL, NULL, NULL, NULL, NULL, '安全退出。', b'1', 'Logout');
INSERT INTO `sys_loginlog` VALUES (1089170760569851904, 1035359633864265728, 'flyang', '2019-01-26 22:38:39.687896', '::1', '', b'0', '2019-01-26 22:38:39.791439', NULL, NULL, NULL, NULL, NULL, '系统登录，登录成功。', b'1', 'Login');
INSERT INTO `sys_loginlog` VALUES (1089172889606950912, 1035359633864265728, 'flyang', '2019-01-26 22:47:06.722002', '::1', '', b'0', '2019-01-26 22:47:07.393831', NULL, NULL, NULL, NULL, NULL, '安全退出。', b'1', 'Logout');
INSERT INTO `sys_loginlog` VALUES (1089172925510193152, 1032079319188508672, 'admin', '2019-01-26 22:47:15.616651', '::1', '', b'0', '2019-01-26 22:47:15.953534', NULL, NULL, NULL, NULL, NULL, '系统登录，登录成功。', b'1', 'Login');
INSERT INTO `sys_loginlog` VALUES (1089173458648174592, 1032079319188508672, 'admin', '2019-01-26 22:49:22.670254', '::1', '', b'0', '2019-01-26 22:49:23.063622', NULL, NULL, NULL, NULL, NULL, '安全退出。', b'1', 'Logout');
INSERT INTO `sys_loginlog` VALUES (1089173490537467904, 1089173340586905600, 'flyangtest', '2019-01-26 22:49:30.468122', '::1', '', b'0', '2019-01-26 22:49:30.666410', NULL, NULL, NULL, NULL, NULL, '系统登录，登录成功。', b'1', 'Login');
INSERT INTO `sys_loginlog` VALUES (1089180400858828800, 1032079319188508672, 'admin', '2019-01-26 23:16:57.630862', '::1', '', b'0', '2019-01-26 23:16:58.215444', NULL, NULL, NULL, NULL, NULL, '系统登录，登录成功。', b'1', 'Login');
INSERT INTO `sys_loginlog` VALUES (1089339298702036992, 1032079319188508672, 'admin', '2019-01-27 09:48:21.541387', '::1', '', b'0', '2019-01-27 09:48:22.413794', NULL, NULL, NULL, NULL, NULL, '系统登录，登录成功。', b'1', 'Login');
INSERT INTO `sys_loginlog` VALUES (1089349185897107456, 1032079319188508672, 'admin', '2019-01-27 10:27:39.523872', '::1', '', b'0', '2019-01-27 10:27:39.704991', NULL, NULL, NULL, NULL, NULL, '安全退出。', b'1', 'Logout');
INSERT INTO `sys_loginlog` VALUES (1089349222555324416, 1089173340586905600, 'flyangtest', '2019-01-27 10:27:48.308059', '::1', '', b'0', '2019-01-27 10:27:48.444121', NULL, NULL, NULL, NULL, NULL, '系统登录，登录成功。', b'1', 'Login');
INSERT INTO `sys_loginlog` VALUES (1089351564323328000, 1089173340586905600, 'flyangtest', '2019-01-27 10:37:06.565648', '127.0.0.1', '', b'0', '2019-01-27 10:37:06.765381', NULL, NULL, NULL, NULL, NULL, '安全退出。', b'1', 'Logout');
INSERT INTO `sys_loginlog` VALUES (1089351602889953280, 1032079319188508672, 'admin', '2019-01-27 10:37:15.788058', '127.0.0.1', '', b'0', '2019-01-27 10:37:15.960549', NULL, NULL, NULL, NULL, NULL, '系统登录，登录成功。', b'1', 'Login');
INSERT INTO `sys_loginlog` VALUES (1089352114641178624, 1032079319188508672, 'admin', '2019-01-27 10:39:17.901830', '127.0.0.1', '', b'0', '2019-01-27 10:39:17.971659', NULL, NULL, NULL, NULL, NULL, '安全退出。', b'1', 'Logout');
INSERT INTO `sys_loginlog` VALUES (1089352145783885824, 1089173340586905600, 'flyangtest', '2019-01-27 10:39:25.294700', '127.0.0.1', '', b'0', '2019-01-27 10:39:25.396116', NULL, NULL, NULL, NULL, NULL, '系统登录，登录成功。', b'1', 'Login');
INSERT INTO `sys_loginlog` VALUES (1089354143769956352, 1089173340586905600, 'flyangtest', '2019-01-27 10:47:21.250173', '127.0.0.1', '', b'0', '2019-01-27 10:47:21.753447', NULL, NULL, NULL, NULL, NULL, '安全退出。', b'1', 'Logout');
INSERT INTO `sys_loginlog` VALUES (1089354168243720192, 1032079319188508672, 'admin', '2019-01-27 10:47:27.274316', '127.0.0.1', '', b'0', '2019-01-27 10:47:27.588326', NULL, NULL, NULL, NULL, NULL, '系统登录，登录成功。', b'1', 'Login');
INSERT INTO `sys_loginlog` VALUES (1089355581711585280, 1032079319188508672, 'admin', '2019-01-27 10:53:04.370339', '127.0.0.1', '', b'0', '2019-01-27 10:53:04.585777', NULL, NULL, NULL, NULL, NULL, '安全退出。', b'1', 'Logout');
INSERT INTO `sys_loginlog` VALUES (1089355616595611648, 1089173340586905600, 'flyangtest', '2019-01-27 10:53:12.728084', '127.0.0.1', '', b'0', '2019-01-27 10:53:12.902780', NULL, NULL, NULL, NULL, NULL, '系统登录，登录成功。', b'1', 'Login');
INSERT INTO `sys_loginlog` VALUES (1089368750328778752, 1032079319188508672, 'admin', '2019-01-27 11:45:23.643278', '::1', '', b'0', '2019-01-27 11:45:24.229005', NULL, NULL, NULL, NULL, NULL, '系统登录，登录成功。', b'1', 'Login');
INSERT INTO `sys_loginlog` VALUES (1089370188484317184, 1032079319188508672, 'admin', '2019-01-27 11:51:06.934895', '::1', '', b'0', '2019-01-27 11:51:07.111896', NULL, NULL, NULL, NULL, NULL, '安全退出。', b'1', 'Logout');
INSERT INTO `sys_loginlog` VALUES (1089370234613272576, 1089173340586905600, 'flyangtest', '2019-01-27 11:51:17.930881', '::1', '', b'0', '2019-01-27 11:51:18.109602', NULL, NULL, NULL, NULL, NULL, '系统登录，登录成功。', b'1', 'Login');
INSERT INTO `sys_loginlog` VALUES (1089370375982288896, 1089173340586905600, 'flyangtest', '2019-01-27 11:51:51.742858', '::1', '', b'0', '2019-01-27 11:51:51.814965', NULL, NULL, NULL, NULL, NULL, '系统登录，登录成功。', b'1', 'Login');
INSERT INTO `sys_loginlog` VALUES (1089394134650851328, 1089173340586905600, 'flyangtest', '2019-01-27 13:26:15.938194', '::1', '', b'0', '2019-01-27 13:26:16.322294', NULL, NULL, NULL, NULL, NULL, '安全退出。', b'1', 'Logout');
INSERT INTO `sys_loginlog` VALUES (1089394169992056832, 1089173340586905600, 'flyangtest', '2019-01-27 13:26:24.481723', '::1', '', b'0', '2019-01-27 13:26:24.748190', NULL, NULL, NULL, NULL, NULL, '系统登录，登录成功。', b'1', 'Login');
INSERT INTO `sys_loginlog` VALUES (1089395253435305984, 1032079319188508672, 'admin', '2019-01-27 13:30:42.790693', '::1', '', b'0', '2019-01-27 13:30:43.061262', NULL, NULL, NULL, NULL, NULL, '系统登录，登录成功。', b'1', 'Login');
INSERT INTO `sys_loginlog` VALUES (1089429695335895040, 1089173340586905600, 'flyangtest', '2019-01-27 15:47:34.194649', '::1', '', b'0', '2019-01-27 15:47:34.650157', NULL, NULL, NULL, NULL, NULL, '安全退出。', b'1', 'Logout');
INSERT INTO `sys_loginlog` VALUES (1089514775173533696, 1032079319188508672, 'admin', '2019-01-27 21:25:38.296253', '::1', '', b'0', '2019-01-27 21:25:39.264251', NULL, NULL, NULL, NULL, NULL, '系统登录，登录成功。', b'1', 'Login');
INSERT INTO `sys_loginlog` VALUES (1089515087212974080, 1032079319188508672, 'admin', '2019-01-27 21:26:53.578396', '::1', '', b'0', '2019-01-27 21:26:53.660843', NULL, NULL, NULL, NULL, NULL, '安全退出。', b'1', 'Logout');
INSERT INTO `sys_loginlog` VALUES (1089515117009309696, 1089173340586905600, 'flyangtest', '2019-01-27 21:27:00.660051', '::1', '', b'0', '2019-01-27 21:27:00.764055', NULL, NULL, NULL, NULL, NULL, '系统登录，登录成功。', b'1', 'Login');
INSERT INTO `sys_loginlog` VALUES (1089519570168975360, 1089173340586905600, 'flyangtest', '2019-01-27 21:44:41.978874', '127.0.0.1', '', b'0', '2019-01-27 21:44:42.480617', NULL, NULL, NULL, NULL, NULL, '安全退出。', b'1', 'Logout');
INSERT INTO `sys_loginlog` VALUES (1089519621700194304, 0, 'flyangnet', '2019-01-27 21:44:54.408884', '127.0.0.1', '', b'0', '2019-01-27 21:44:54.766654', NULL, NULL, NULL, NULL, NULL, '系统登录，账户不存在，请重新输入。', b'0', 'Login');
INSERT INTO `sys_loginlog` VALUES (1089519658480046080, 1089173340586905600, 'flyangtest', '2019-01-27 21:45:03.164869', '127.0.0.1', '', b'0', '2019-01-27 21:45:03.535306', NULL, NULL, NULL, NULL, NULL, '系统登录，登录成功。', b'1', 'Login');
INSERT INTO `sys_loginlog` VALUES (1089694137063706624, 1089173340586905600, 'flyangtest', '2019-01-28 09:18:21.090221', '::1', '', b'0', '2019-01-28 09:18:22.471901', NULL, NULL, NULL, NULL, NULL, '系统登录，登录成功。', b'1', 'Login');
INSERT INTO `sys_loginlog` VALUES (1089759902433415168, 1032079319188508672, 'admin', '2019-01-28 13:39:41.587795', '::1', '', b'0', '2019-01-28 13:39:42.157166', NULL, NULL, NULL, NULL, NULL, '系统登录，登录成功。', b'1', 'Login');
INSERT INTO `sys_loginlog` VALUES (1089768657170599936, 1032079319188508672, 'admin', '2019-01-28 14:14:29.193223', '127.0.0.1', '', b'0', '2019-01-28 14:14:29.449814', NULL, NULL, NULL, NULL, NULL, '系统登录，登录成功。', b'1', 'Login');
INSERT INTO `sys_loginlog` VALUES (1089768687243759616, 1032079319188508672, 'admin', '2019-01-28 14:14:36.548226', '127.0.0.1', '', b'0', '2019-01-28 14:14:36.619294', NULL, NULL, NULL, NULL, NULL, '安全退出。', b'1', 'Logout');
INSERT INTO `sys_loginlog` VALUES (1089768720999518208, 1089173340586905600, 'flyangtest', '2019-01-28 14:14:44.573062', '127.0.0.1', '', b'0', '2019-01-28 14:14:44.667250', NULL, NULL, NULL, NULL, NULL, '系统登录，登录成功。', b'1', 'Login');
INSERT INTO `sys_loginlog` VALUES (1089787437590384640, 1089173340586905600, 'flyangtest', '2019-01-28 15:29:06.771621', '127.0.0.1', '', b'0', '2019-01-28 15:29:07.050443', NULL, NULL, NULL, NULL, NULL, '系统登录，登录成功。', b'1', 'Login');
INSERT INTO `sys_loginlog` VALUES (1089787609984667648, 1089173340586905600, 'flyangtest', '2019-01-28 15:29:47.024090', '::1', '', b'0', '2019-01-28 15:29:48.152718', NULL, NULL, NULL, NULL, NULL, '系统登录，登录成功。', b'1', 'Login');
INSERT INTO `sys_loginlog` VALUES (1089892825081974784, 1089173340586905600, 'flyangtest', '2019-01-28 22:27:51.295067', '::1', '', b'0', '2019-01-28 22:27:53.386891', NULL, NULL, NULL, NULL, NULL, '系统登录，登录成功。', b'1', 'Login');
INSERT INTO `sys_loginlog` VALUES (1089897250185940992, 1032079319188508672, 'admin', '2019-01-28 22:45:27.904692', '::1', '', b'0', '2019-01-28 22:45:28.413061', NULL, NULL, NULL, NULL, NULL, '系统登录，登录成功。', b'1', 'Login');
INSERT INTO `sys_loginlog` VALUES (1090053987442495488, 1089173340586905600, 'flyangtest', '2019-01-29 09:08:16.526331', '::1', '', b'0', '2019-01-29 09:08:17.487944', NULL, NULL, NULL, NULL, NULL, '系统登录，登录成功。', b'1', 'Login');
INSERT INTO `sys_loginlog` VALUES (1090054295090499584, 1089173340586905600, 'flyangtest', '2019-01-29 09:09:30.746149', '::1', '', b'0', '2019-01-29 09:09:30.836856', NULL, NULL, NULL, NULL, NULL, '系统登录，登录成功。', b'1', 'Login');
INSERT INTO `sys_loginlog` VALUES (1090072067715502080, 1089173340586905600, 'flyangtest', '2019-01-29 10:20:07.932817', '::1', '', b'0', '2019-01-29 10:20:08.160771', NULL, NULL, NULL, NULL, NULL, '安全退出。', b'1', 'Logout');
INSERT INTO `sys_loginlog` VALUES (1090072091199410176, 1032079319188508672, 'admin', '2019-01-29 10:20:13.594458', '::1', '', b'0', '2019-01-29 10:20:13.759198', NULL, NULL, NULL, NULL, NULL, '系统登录，登录成功。', b'1', 'Login');
INSERT INTO `sys_loginlog` VALUES (1090072420976562176, 1032079319188508672, 'admin', '2019-01-29 10:21:32.304551', '::1', '', b'0', '2019-01-29 10:21:32.384891', NULL, NULL, NULL, NULL, NULL, '安全退出。', b'1', 'Logout');
INSERT INTO `sys_loginlog` VALUES (1090072455785091072, 1089173340586905600, 'flyangtest', '2019-01-29 10:21:40.588699', '::1', '', b'0', '2019-01-29 10:21:40.683344', NULL, NULL, NULL, NULL, NULL, '系统登录，登录成功。', b'1', 'Login');
INSERT INTO `sys_loginlog` VALUES (1090139525449125888, 1089173340586905600, 'flyangtest', '2019-01-29 14:48:11.104215', '::1', '', b'0', '2019-01-29 14:48:11.337980', NULL, NULL, NULL, NULL, NULL, '安全退出。', b'1', 'Logout');
INSERT INTO `sys_loginlog` VALUES (1090139566989512704, 1032079319188508672, 'admin', '2019-01-29 14:48:21.113387', '::1', '', b'0', '2019-01-29 14:48:21.241155', NULL, NULL, NULL, NULL, NULL, '系统登录，登录成功。', b'1', 'Login');
INSERT INTO `sys_loginlog` VALUES (1090177086318055424, 1089173340586905600, 'flyangtest', '2019-01-29 17:17:26.366871', '::1', '', b'0', '2019-01-29 17:17:26.546263', NULL, NULL, NULL, NULL, NULL, '安全退出。', b'1', 'Logout');
INSERT INTO `sys_loginlog` VALUES (1090177108984074240, 1032079319188508672, 'admin', '2019-01-29 17:17:31.780871', '::1', '', b'0', '2019-01-29 17:17:31.950803', NULL, NULL, NULL, NULL, NULL, '系统登录，登录成功。', b'1', 'Login');
INSERT INTO `sys_loginlog` VALUES (1090177437070921728, 1032079319188508672, 'admin', '2019-01-29 17:18:50.108788', '::1', '', b'0', '2019-01-29 17:18:50.172871', NULL, NULL, NULL, NULL, NULL, '安全退出。', b'1', 'Logout');
INSERT INTO `sys_loginlog` VALUES (1090177473351651328, 1089173340586905600, 'flyangtest', '2019-01-29 17:18:58.747537', '::1', '', b'0', '2019-01-29 17:18:58.822078', NULL, NULL, NULL, NULL, NULL, '系统登录，登录成功。', b'1', 'Login');
INSERT INTO `sys_loginlog` VALUES (1090263126877802496, 1089173340586905600, 'flyangtest', '2019-01-29 22:59:18.996032', '::1', '', b'0', '2019-01-29 22:59:20.214195', NULL, NULL, NULL, NULL, NULL, '系统登录，登录成功。', b'1', 'Login');
INSERT INTO `sys_loginlog` VALUES (1090421211294470144, 1089173340586905600, 'flyangtest', '2019-01-30 09:27:29.532712', '::1', '', b'0', '2019-01-30 09:27:30.476338', NULL, NULL, NULL, NULL, NULL, '系统登录，登录成功。', b'1', 'Login');
INSERT INTO `sys_loginlog` VALUES (1090442420165939200, 1032079319188508672, 'admin', '2019-01-30 10:51:46.954366', '::1', '', b'0', '2019-01-30 10:51:47.065037', NULL, NULL, NULL, NULL, NULL, '系统登录，登录成功。', b'1', 'Login');
INSERT INTO `sys_loginlog` VALUES (1090778146585841664, 1089173340586905600, 'flyangtest', '2019-01-31 09:05:49.578472', '::1', '', b'0', '2019-01-31 09:05:50.481419', NULL, NULL, NULL, NULL, NULL, '系统登录，登录成功。', b'1', 'Login');
INSERT INTO `sys_loginlog` VALUES (1090899339129262080, 1089173340586905600, 'flyangtest', '2019-01-31 17:07:24.034926', '::1', '', b'0', '2019-01-31 17:07:25.035172', NULL, NULL, NULL, NULL, NULL, '系统登录，登录成功。', b'1', 'Login');
INSERT INTO `sys_loginlog` VALUES (1091266036931629056, 1089173340586905600, 'flyangtest', '2019-02-01 17:24:31.078852', '::1', '', b'0', '2019-02-01 17:24:32.604369', NULL, NULL, NULL, NULL, NULL, '系统登录，登录成功。', b'1', 'Login');
INSERT INTO `sys_loginlog` VALUES (1091349378481917952, 0, 'flyangtest', '2019-02-01 22:55:42.306584', '::1', '', b'0', '2019-02-01 22:55:42.778130', NULL, NULL, NULL, NULL, NULL, '系统登录，验证码错误，请重新输入。', b'0', 'Login');
INSERT INTO `sys_loginlog` VALUES (1091349401902911488, 1089173340586905600, 'flyangtest', '2019-02-01 22:55:48.123750', '::1', '', b'0', '2019-02-01 22:55:48.362728', NULL, NULL, NULL, NULL, NULL, '系统登录，登录成功。', b'1', 'Login');
INSERT INTO `sys_loginlog` VALUES (1094766435072348160, 0, 'flyangtest', '2019-02-11 09:13:51.888921', '::1', '', b'0', '2019-02-11 09:13:52.555858', NULL, NULL, NULL, NULL, NULL, '系统登录，密码不正确，请重新输入。', b'0', 'Login');
INSERT INTO `sys_loginlog` VALUES (1094766466600931328, 1089173340586905600, 'flyangtest', '2019-02-11 09:13:59.887759', '::1', '', b'0', '2019-02-11 09:14:00.072049', NULL, NULL, NULL, NULL, NULL, '系统登录，登录成功。', b'1', 'Login');
INSERT INTO `sys_loginlog` VALUES (1094781867179249664, 1089173340586905600, 'flyangtest', '2019-02-11 10:15:11.758796', '::1', '', b'0', '2019-02-11 10:15:11.856498', NULL, NULL, NULL, NULL, NULL, '系统登录，登录成功。', b'1', 'Login');
INSERT INTO `sys_loginlog` VALUES (1094797610973270016, 1089173340586905600, 'flyangtest', '2019-02-11 11:17:45.257920', '::1', '', b'0', '2019-02-11 11:17:45.469310', NULL, NULL, NULL, NULL, NULL, '系统登录，登录成功。', b'1', 'Login');
INSERT INTO `sys_loginlog` VALUES (1094799392843632640, 1089173340586905600, 'flyangtest', '2019-02-11 11:24:50.213607', '::1', '', b'0', '2019-02-11 11:24:50.300985', NULL, NULL, NULL, NULL, NULL, '安全退出。', b'1', 'Logout');
INSERT INTO `sys_loginlog` VALUES (1094799414234583040, 1032079319188508672, 'admin', '2019-02-11 11:24:55.292920', '::1', '', b'0', '2019-02-11 11:24:55.400513', NULL, NULL, NULL, NULL, NULL, '系统登录，登录成功。', b'1', 'Login');
INSERT INTO `sys_loginlog` VALUES (1094799551451238400, 1032079319188508672, 'admin', '2019-02-11 11:25:28.020417', '::1', '', b'0', '2019-02-11 11:25:28.115415', NULL, NULL, NULL, NULL, NULL, '安全退出。', b'1', 'Logout');
INSERT INTO `sys_loginlog` VALUES (1094847837671395328, 1089173340586905600, 'flyangtest', '2019-02-11 14:37:19.377461', '::1', '', b'0', '2019-02-11 14:37:20.447544', NULL, NULL, NULL, NULL, NULL, '系统登录，登录成功。', b'1', 'Login');
INSERT INTO `sys_loginlog` VALUES (1094865159370969088, 1089173340586905600, 'flyangtest', '2019-02-11 15:46:09.930803', '::1', '', b'0', '2019-02-11 15:46:10.263055', NULL, NULL, NULL, NULL, NULL, '系统登录，登录成功。', b'1', 'Login');
INSERT INTO `sys_loginlog` VALUES (1094871160828596224, 1089173340586905600, 'flyangtest', '2019-02-11 16:10:01.003036', '::1', '', b'0', '2019-02-11 16:10:01.121622', NULL, NULL, NULL, NULL, NULL, '系统登录，登录成功。', b'1', 'Login');
INSERT INTO `sys_loginlog` VALUES (1094883751198068736, 1089173340586905600, 'flyangtest', '2019-02-11 17:00:02.764845', '::1', '', b'0', '2019-02-11 17:00:02.899116', NULL, NULL, NULL, NULL, NULL, '系统登录，登录成功。', b'1', 'Login');
INSERT INTO `sys_loginlog` VALUES (1095132751797030912, 1089173340586905600, 'flyangtest', '2019-02-12 09:29:28.239154', '::1', '', b'0', '2019-02-12 09:29:29.268650', NULL, NULL, NULL, NULL, NULL, '系统登录，登录成功。', b'1', 'Login');
INSERT INTO `sys_loginlog` VALUES (1095147920728133632, 1089173340586905600, 'flyangtest', '2019-02-12 10:29:45.698005', '::1', '', b'0', '2019-02-12 10:29:45.823349', NULL, NULL, NULL, NULL, NULL, '系统登录，登录成功。', b'1', 'Login');
INSERT INTO `sys_loginlog` VALUES (1095148068908699648, 0, 'flyangtest', '2019-02-12 10:30:21.046395', '::1', '', b'0', '2019-02-12 10:30:21.152755', NULL, NULL, NULL, NULL, NULL, '系统登录，验证码错误，请重新输入。', b'0', 'Login');
INSERT INTO `sys_loginlog` VALUES (1095148089838276608, 0, 'flyangtest', '2019-02-12 10:30:26.063836', '::1', '', b'0', '2019-02-12 10:30:26.142435', NULL, NULL, NULL, NULL, NULL, '系统登录，验证码错误，请重新输入。', b'0', 'Login');
INSERT INTO `sys_loginlog` VALUES (1095148118615396352, 1089173340586905600, 'flyangtest', '2019-02-12 10:30:32.916465', '::1', '', b'0', '2019-02-12 10:30:33.003247', NULL, NULL, NULL, NULL, NULL, '系统登录，登录成功。', b'1', 'Login');
INSERT INTO `sys_loginlog` VALUES (1095148805508173824, 1089173340586905600, 'flyangtest', '2019-02-12 10:33:16.001006', '::1', '', b'0', '2019-02-12 10:33:16.771296', NULL, NULL, NULL, NULL, NULL, '系统登录，登录成功。', b'1', 'Login');
INSERT INTO `sys_loginlog` VALUES (1095151973554065408, 1089173340586905600, 'flyangtest', '2019-02-12 10:45:51.262167', '::1', '', b'0', '2019-02-12 10:45:52.093038', NULL, NULL, NULL, NULL, NULL, '系统登录，登录成功。', b'1', 'Login');
INSERT INTO `sys_loginlog` VALUES (1095152078084509696, 1089173340586905600, 'flyangtest', '2019-02-12 10:46:16.909867', '::1', '', b'0', '2019-02-12 10:46:17.014889', NULL, NULL, NULL, NULL, NULL, '安全退出。', b'1', 'Logout');
INSERT INTO `sys_loginlog` VALUES (1095152111022379008, 1032079319188508672, 'admin', '2019-02-12 10:46:24.786884', '::1', '', b'0', '2019-02-12 10:46:24.867959', NULL, NULL, NULL, NULL, NULL, '系统登录，登录成功。', b'1', 'Login');
INSERT INTO `sys_loginlog` VALUES (1095153962325250048, 1032079319188508672, 'admin', '2019-02-12 10:53:45.966139', '::1', '', b'0', '2019-02-12 10:53:46.252911', NULL, NULL, NULL, NULL, NULL, '安全退出。', b'1', 'Logout');
INSERT INTO `sys_loginlog` VALUES (1095154000191426560, 1089173340586905600, 'flyangtest', '2019-02-12 10:53:55.128155', '::1', '', b'0', '2019-02-12 10:53:55.280826', NULL, NULL, NULL, NULL, NULL, '系统登录，登录成功。', b'1', 'Login');
INSERT INTO `sys_loginlog` VALUES (1095193952547639296, 1089173340586905600, 'flyangtest', '2019-02-12 13:32:39.919306', '::1', '', b'0', '2019-02-12 13:32:40.664225', NULL, NULL, NULL, NULL, NULL, '系统登录，登录成功。', b'1', 'Login');
INSERT INTO `sys_loginlog` VALUES (1095196241626796032, 1089173340586905600, 'flyangtest', '2019-02-12 13:41:46.277438', '::1', '', b'0', '2019-02-12 13:41:46.423839', NULL, NULL, NULL, NULL, NULL, '系统登录，登录成功。', b'1', 'Login');
INSERT INTO `sys_loginlog` VALUES (1095494762410151936, 1089173340586905600, 'flyangtest', '2019-02-13 09:27:58.450485', '::1', '', b'0', '2019-02-13 09:27:59.324209', NULL, NULL, NULL, NULL, NULL, '系统登录，登录成功。', b'1', 'Login');
INSERT INTO `sys_loginlog` VALUES (1095518183269470208, 1032079319188508672, 'admin', '2019-02-13 11:01:02.958140', '::1', '', b'0', '2019-02-13 11:01:03.292527', NULL, NULL, NULL, NULL, NULL, '系统登录，登录成功。', b'1', 'Login');
INSERT INTO `sys_loginlog` VALUES (1095560058273665024, 1032079319188508672, 'admin', '2019-02-13 13:47:26.986314', '::1', '', b'0', '2019-02-13 13:47:27.071473', NULL, NULL, NULL, NULL, NULL, '安全退出。', b'1', 'Logout');
INSERT INTO `sys_loginlog` VALUES (1095560095376478208, 1089173340586905600, 'flyangtest', '2019-02-13 13:47:35.813144', '::1', '', b'0', '2019-02-13 13:47:35.917466', NULL, NULL, NULL, NULL, NULL, '系统登录，登录成功。', b'1', 'Login');
INSERT INTO `sys_loginlog` VALUES (1095561269278281728, 1089173340586905600, 'flyangtest', '2019-02-13 13:52:15.660066', '::1', '', b'0', '2019-02-13 13:52:15.797290', NULL, NULL, NULL, NULL, NULL, '系统登录，登录成功。', b'1', 'Login');
INSERT INTO `sys_loginlog` VALUES (1095565460507856896, 1089173340586905600, 'flyangtest', '2019-02-13 14:08:53.717756', '::1', '', b'0', '2019-02-13 14:08:55.065089', NULL, NULL, NULL, NULL, NULL, '系统登录，登录成功。', b'1', 'Login');
INSERT INTO `sys_loginlog` VALUES (1095600215077031936, 1089173340586905600, 'flyangtest', '2019-02-13 16:27:00.955942', '::1', '', b'0', '2019-02-13 16:27:01.199117', NULL, NULL, NULL, NULL, NULL, '安全退出。', b'1', 'Logout');
INSERT INTO `sys_loginlog` VALUES (1095600246228127744, 1035359633864265728, 'flyang', '2019-02-13 16:27:08.379723', '::1', '', b'0', '2019-02-13 16:27:08.626918', NULL, NULL, NULL, NULL, NULL, '系统登录，登录成功。', b'1', 'Login');
INSERT INTO `sys_loginlog` VALUES (1095608066826702848, 1035359633864265728, 'flyang', '2019-02-13 16:58:12.161465', '::1', '', b'0', '2019-02-13 16:58:13.202431', NULL, NULL, NULL, NULL, NULL, '系统登录，登录成功。', b'1', 'Login');
INSERT INTO `sys_loginlog` VALUES (1095852469638008832, 1035359633864265728, 'flyang', '2019-02-14 09:09:22.510039', '::1', '', b'0', '2019-02-14 09:09:23.373240', NULL, NULL, NULL, NULL, NULL, '系统登录，登录成功。', b'1', 'Login');
INSERT INTO `sys_loginlog` VALUES (1095935168335712256, 1035359633864265728, 'flyang', '2019-02-14 14:37:59.461107', '::1', '', b'0', '2019-02-14 14:38:00.279460', NULL, NULL, NULL, NULL, NULL, '系统登录，登录成功。', b'1', 'Login');
INSERT INTO `sys_loginlog` VALUES (1095937903000948736, 1035359633864265728, 'flyang', '2019-02-14 14:48:52.188225', '::1', '', b'0', '2019-02-14 14:48:52.274600', NULL, NULL, NULL, NULL, NULL, '安全退出。', b'1', 'Logout');
INSERT INTO `sys_loginlog` VALUES (1095937932461740032, 1032079319188508672, 'admin', '2019-02-14 14:48:59.229260', '::1', '', b'0', '2019-02-14 14:48:59.298446', NULL, NULL, NULL, NULL, NULL, '系统登录，登录成功。', b'1', 'Login');
INSERT INTO `sys_loginlog` VALUES (1095938689831407616, 1032079319188508672, 'admin', '2019-02-14 14:51:59.631116', '::1', '', b'0', '2019-02-14 14:51:59.869668', NULL, NULL, NULL, NULL, NULL, '安全退出。', b'1', 'Logout');
INSERT INTO `sys_loginlog` VALUES (1095938720512741376, 1032079319188508672, 'admin', '2019-02-14 14:52:07.101718', '::1', '', b'0', '2019-02-14 14:52:07.184906', NULL, NULL, NULL, NULL, NULL, '系统登录，登录成功。', b'1', 'Login');
INSERT INTO `sys_loginlog` VALUES (1096217087229169664, 1035359633864265728, 'flyang', '2019-02-15 09:18:14.128255', '::1', '', b'0', '2019-02-15 09:18:14.981257', NULL, NULL, NULL, NULL, NULL, '系统登录，登录成功。', b'1', 'Login');
INSERT INTO `sys_loginlog` VALUES (1096232087431811072, 1035359633864265728, 'flyang', '2019-02-15 10:17:49.930254', '::1', '', b'0', '2019-02-15 10:17:51.308252', NULL, NULL, NULL, NULL, NULL, '系统登录，登录成功。', b'1', 'Login');
INSERT INTO `sys_loginlog` VALUES (1096292291892613120, 1032079319188508672, 'admin', '2019-02-15 14:17:04.349554', '::1', '', b'0', '2019-02-15 14:17:05.170378', NULL, NULL, NULL, NULL, NULL, '系统登录，登录成功。', b'1', 'Login');
INSERT INTO `sys_loginlog` VALUES (1096300117423689728, 1032079319188508672, 'admin', '2019-02-15 14:48:10.698276', '::1', '', b'0', '2019-02-15 14:48:10.922282', NULL, NULL, NULL, NULL, NULL, '安全退出。', b'1', 'Logout');
INSERT INTO `sys_loginlog` VALUES (1096300163733000192, 1035359633864265728, 'flyang', '2019-02-15 14:48:21.692420', '::1', '', b'0', '2019-02-15 14:48:21.963479', NULL, NULL, NULL, NULL, NULL, '系统登录，登录成功。', b'1', 'Login');
INSERT INTO `sys_loginlog` VALUES (1096302056303628288, 1035359633864265728, 'flyang', '2019-02-15 14:55:51.903697', '::1', '', b'0', '2019-02-15 14:55:53.187806', NULL, NULL, NULL, NULL, NULL, '系统登录，登录成功。', b'1', 'Login');
INSERT INTO `sys_loginlog` VALUES (1096303159636267008, 1035359633864265728, 'flyang', '2019-02-15 15:00:14.900448', '::1', '', b'0', '2019-02-15 15:00:16.242338', NULL, NULL, NULL, NULL, NULL, '系统登录，登录成功。', b'1', 'Login');
INSERT INTO `sys_loginlog` VALUES (1096304689286352896, 1035359633864265728, 'flyang', '2019-02-15 15:06:19.718938', '::1', '', b'0', '2019-02-15 15:06:20.939135', NULL, NULL, NULL, NULL, NULL, '系统登录，登录成功。', b'1', 'Login');
INSERT INTO `sys_loginlog` VALUES (1096306513301082112, 1035359633864265728, 'flyang', '2019-02-15 15:13:34.819355', '::1', '', b'0', '2019-02-15 15:13:35.818813', NULL, NULL, NULL, NULL, NULL, '系统登录，登录成功。', b'1', 'Login');
INSERT INTO `sys_loginlog` VALUES (1096322041990221824, 1035359633864265728, 'flyang', '2019-02-15 16:15:18.026413', '::1', '', b'0', '2019-02-15 16:15:18.146140', NULL, NULL, NULL, NULL, NULL, '安全退出。', b'1', 'Logout');
INSERT INTO `sys_loginlog` VALUES (1096322068418531328, 1032079319188508672, 'admin', '2019-02-15 16:15:24.344998', '::1', '', b'0', '2019-02-15 16:15:24.447923', NULL, NULL, NULL, NULL, NULL, '系统登录，登录成功。', b'1', 'Login');
INSERT INTO `sys_loginlog` VALUES (1097314812125384704, 1035359633864265728, 'flyang', '2019-02-18 10:00:12.072355', '::1', '', b'0', '2019-02-18 10:00:12.991221', NULL, NULL, NULL, NULL, NULL, '系统登录，登录成功。', b'1', 'Login');
INSERT INTO `sys_loginlog` VALUES (1097316597980336128, 1035359633864265728, 'flyang', '2019-02-18 10:07:18.699904', '::1', '', b'0', '2019-02-18 10:07:18.772268', NULL, NULL, NULL, NULL, NULL, '安全退出。', b'1', 'Logout');
INSERT INTO `sys_loginlog` VALUES (1097316622017892352, 1032079319188508672, 'admin', '2019-02-18 10:07:24.404427', '::1', '', b'0', '2019-02-18 10:07:24.503124', NULL, NULL, NULL, NULL, NULL, '系统登录，登录成功。', b'1', 'Login');
INSERT INTO `sys_loginlog` VALUES (1097317122310279168, 1032079319188508672, 'admin', '2019-02-18 10:09:23.680938', '::1', '', b'0', '2019-02-18 10:09:23.782451', NULL, NULL, NULL, NULL, NULL, '安全退出。', b'1', 'Logout');
INSERT INTO `sys_loginlog` VALUES (1097317163410264064, 1035359633864265728, 'flyang', '2019-02-18 10:09:33.509220', '::1', '', b'0', '2019-02-18 10:09:33.581459', NULL, NULL, NULL, NULL, NULL, '系统登录，登录成功。', b'1', 'Login');
INSERT INTO `sys_loginlog` VALUES (1097319463415582720, 1035359633864265728, 'flyang', '2019-02-18 10:18:41.817419', '::1', '', b'0', '2019-02-18 10:18:41.945164', NULL, NULL, NULL, NULL, NULL, '系统登录，登录成功。', b'1', 'Login');
INSERT INTO `sys_loginlog` VALUES (1097332928096112640, 1035359633864265728, 'flyang', '2019-02-18 11:12:10.903950', '::1', '', b'0', '2019-02-18 11:12:12.175468', NULL, NULL, NULL, NULL, NULL, '系统登录，登录成功。', b'1', 'Login');
INSERT INTO `sys_loginlog` VALUES (1097333479483510784, 1035359633864265728, 'flyang', '2019-02-18 11:14:22.372498', '::1', '', b'0', '2019-02-18 11:14:23.636814', NULL, NULL, NULL, NULL, NULL, '系统登录，登录成功。', b'1', 'Login');
INSERT INTO `sys_loginlog` VALUES (1097334035954405376, 1035359633864265728, 'flyang', '2019-02-18 11:16:34.930961', '::1', '', b'0', '2019-02-18 11:16:36.310150', NULL, NULL, NULL, NULL, NULL, '系统登录，登录成功。', b'1', 'Login');
INSERT INTO `sys_loginlog` VALUES (1097335041559760896, 1035359633864265728, 'flyang', '2019-02-18 11:20:34.724131', '::1', '', b'0', '2019-02-18 11:20:36.064165', NULL, NULL, NULL, NULL, NULL, '系统登录，登录成功。', b'1', 'Login');
INSERT INTO `sys_loginlog` VALUES (1097335910074290176, 1035359633864265728, 'flyang', '2019-02-18 11:24:01.847101', '::1', '', b'0', '2019-02-18 11:24:03.135091', NULL, NULL, NULL, NULL, NULL, '系统登录，登录成功。', b'1', 'Login');
INSERT INTO `sys_loginlog` VALUES (1097371077555916800, 1035359633864265728, 'flyang', '2019-02-18 13:43:46.436328', '::1', '', b'0', '2019-02-18 13:43:47.715270', NULL, NULL, NULL, NULL, NULL, '系统登录，登录成功。', b'1', 'Login');
INSERT INTO `sys_loginlog` VALUES (1097372520664928256, 1035359633864265728, 'flyang', '2019-02-18 13:49:28.598627', '::1', '', b'0', '2019-02-18 13:49:31.779936', NULL, NULL, NULL, NULL, NULL, '系统登录，登录成功。', b'1', 'Login');
INSERT INTO `sys_loginlog` VALUES (1097388101782867968, 1035359633864265728, 'flyang', '2019-02-18 14:51:25.237771', '::1', '', b'0', '2019-02-18 14:51:26.608122', NULL, NULL, NULL, NULL, NULL, '系统登录，登录成功。', b'1', 'Login');
INSERT INTO `sys_loginlog` VALUES (1097389111184068608, 1035359633864265728, 'flyang', '2019-02-18 14:55:25.621381', '::1', '', b'0', '2019-02-18 14:55:27.267280', NULL, NULL, NULL, NULL, NULL, '系统登录，登录成功。', b'1', 'Login');
INSERT INTO `sys_loginlog` VALUES (1097390083595702272, 1035359633864265728, 'flyang', '2019-02-18 14:59:18.853407', '::1', '', b'0', '2019-02-18 14:59:19.108857', NULL, NULL, NULL, NULL, NULL, '安全退出。', b'1', 'Logout');
INSERT INTO `sys_loginlog` VALUES (1097390113723387904, 1035359633864265728, 'flyang', '2019-02-18 14:59:26.000148', '::1', '', b'0', '2019-02-18 14:59:26.291571', NULL, NULL, NULL, NULL, NULL, '系统登录，登录成功。', b'1', 'Login');
INSERT INTO `sys_loginlog` VALUES (1097666645368901632, 1035359633864265728, 'flyang', '2019-02-19 09:18:15.709864', '::1', '', b'0', '2019-02-19 09:18:16.574077', NULL, NULL, NULL, NULL, NULL, '系统登录，登录成功。', b'1', 'Login');
INSERT INTO `sys_loginlog` VALUES (1097680632080896000, 1035359633864265728, 'flyang', '2019-02-19 10:13:50.963387', '::1', '', b'0', '2019-02-19 10:13:51.265466', NULL, NULL, NULL, NULL, NULL, '系统登录，登录成功。', b'1', 'Login');
INSERT INTO `sys_loginlog` VALUES (1097683300757147648, 1035359633864265728, 'flyang', '2019-02-19 10:24:25.608454', '::1', '', b'0', '2019-02-19 10:24:27.527578', NULL, NULL, NULL, NULL, NULL, '系统登录，登录成功。', b'1', 'Login');
INSERT INTO `sys_loginlog` VALUES (1097683585130958848, 1035359633864265728, 'flyang', '2019-02-19 10:25:35.004615', '::1', '', b'0', '2019-02-19 10:25:35.327230', NULL, NULL, NULL, NULL, NULL, '安全退出。', b'1', 'Logout');
INSERT INTO `sys_loginlog` VALUES (1097683614885351424, 1032079319188508672, 'admin', '2019-02-19 10:25:42.142483', '::1', '', b'0', '2019-02-19 10:25:42.421350', NULL, NULL, NULL, NULL, NULL, '系统登录，登录成功。', b'1', 'Login');
INSERT INTO `sys_loginlog` VALUES (1097687664691384320, 1032079319188508672, 'admin', '2019-02-19 10:41:47.691543', '::1', '', b'0', '2019-02-19 10:41:47.970072', NULL, NULL, NULL, NULL, NULL, '安全退出。', b'1', 'Logout');
INSERT INTO `sys_loginlog` VALUES (1097687691333603328, 1035359633864265728, 'flyang', '2019-02-19 10:41:54.031603', '::1', '', b'0', '2019-02-19 10:41:54.322487', NULL, NULL, NULL, NULL, NULL, '系统登录，登录成功。', b'1', 'Login');
INSERT INTO `sys_loginlog` VALUES (1097688326191845376, 1035359633864265728, 'flyang', '2019-02-19 10:44:24.386344', '::1', '', b'0', '2019-02-19 10:44:25.684212', NULL, NULL, NULL, NULL, NULL, '系统登录，登录成功。', b'1', 'Login');
INSERT INTO `sys_loginlog` VALUES (1097691019622879232, 1035359633864265728, 'flyang', '2019-02-19 10:55:06.547631', '::1', '', b'0', '2019-02-19 10:55:07.848704', NULL, NULL, NULL, NULL, NULL, '系统登录，登录成功。', b'1', 'Login');
INSERT INTO `sys_loginlog` VALUES (1097692940555390976, 1035359633864265728, 'flyang', '2019-02-19 11:02:45.050971', '::1', '', b'0', '2019-02-19 11:02:45.835040', NULL, NULL, NULL, NULL, NULL, '系统登录，登录成功。', b'1', 'Login');
INSERT INTO `sys_loginlog` VALUES (1097742654126559232, 1035359633864265728, 'flyang', '2019-02-19 14:20:18.347192', '::1', '', b'0', '2019-02-19 14:20:18.473206', NULL, NULL, NULL, NULL, NULL, '安全退出。', b'1', 'Logout');
INSERT INTO `sys_loginlog` VALUES (1097742697361444864, 1089173340586905600, 'flyangtest', '2019-02-19 14:20:28.585700', '::1', '', b'0', '2019-02-19 14:20:28.781590', NULL, NULL, NULL, NULL, NULL, '系统登录，登录成功。', b'1', 'Login');
INSERT INTO `sys_loginlog` VALUES (1097746587922337792, 1035359633864265728, 'flyang', '2019-02-19 14:35:55.064781', '::1', '', b'0', '2019-02-19 14:35:56.363265', NULL, NULL, NULL, NULL, NULL, '系统登录，登录成功。', b'1', 'Login');
INSERT INTO `sys_loginlog` VALUES (1097757381049323520, 1035359633864265728, 'flyang', '2019-02-19 15:18:48.793454', '::1', '', b'0', '2019-02-19 15:18:49.646031', NULL, NULL, NULL, NULL, NULL, '系统登录，登录成功。', b'1', 'Login');
INSERT INTO `sys_loginlog` VALUES (1097759322605228032, 1035359633864265728, 'flyang', '2019-02-19 15:26:31.224558', '::1', '', b'0', '2019-02-19 15:26:32.548415', NULL, NULL, NULL, NULL, NULL, '系统登录，登录成功。', b'1', 'Login');
INSERT INTO `sys_loginlog` VALUES (1098096801610862592, 1035359633864265728, 'flyang', '2019-02-20 13:47:32.937587', '::1', '', b'0', '2019-02-20 13:47:33.813420', NULL, NULL, NULL, NULL, NULL, '系统登录，登录成功。', b'1', 'Login');
INSERT INTO `sys_loginlog` VALUES (1098133074220290048, 1035359633864265728, 'flyang', '2019-02-20 16:11:41.685674', '::1', '', b'0', '2019-02-20 16:11:41.877700', NULL, NULL, NULL, NULL, NULL, '安全退出。', b'1', 'Logout');
INSERT INTO `sys_loginlog` VALUES (1098133120751898624, 1089173340586905600, 'flyangtest', '2019-02-20 16:11:52.597612', '::1', '', b'0', '2019-02-20 16:11:52.971084', NULL, NULL, NULL, NULL, NULL, '系统登录，登录成功。', b'1', 'Login');
INSERT INTO `sys_loginlog` VALUES (1098133203119640576, 1089173340586905600, 'flyangtest', '2019-02-20 16:12:12.534419', '::1', '', b'0', '2019-02-20 16:12:12.609206', NULL, NULL, NULL, NULL, NULL, '安全退出。', b'1', 'Logout');
INSERT INTO `sys_loginlog` VALUES (1098133226226061312, 1035359633864265728, 'flyang', '2019-02-20 16:12:18.031006', '::1', '', b'0', '2019-02-20 16:12:18.118860', NULL, NULL, NULL, NULL, NULL, '系统登录，登录成功。', b'1', 'Login');
INSERT INTO `sys_loginlog` VALUES (1098390413938659328, 1035359633864265728, 'flyang', '2019-02-21 09:14:15.622746', '::1', '', b'0', '2019-02-21 09:14:16.447510', NULL, NULL, NULL, NULL, NULL, '系统登录，登录成功。', b'1', 'Login');
INSERT INTO `sys_loginlog` VALUES (1098392761566105600, 1035359633864265728, 'flyang', '2019-02-21 09:23:34.821626', '::1', '', b'0', '2019-02-21 09:23:36.165844', NULL, NULL, NULL, NULL, NULL, '系统登录，登录成功。', b'1', 'Login');
INSERT INTO `sys_loginlog` VALUES (1098756683628417024, 1035359633864265728, 'flyang', '2019-02-22 09:29:41.095745', '::1', '', b'0', '2019-02-22 09:29:41.946916', NULL, NULL, NULL, NULL, NULL, '系统登录，登录成功。', b'1', 'Login');
INSERT INTO `sys_loginlog` VALUES (1098870789400301568, 1035359633864265728, 'flyang', '2019-02-22 17:03:06.482211', '127.0.0.1', '', b'0', '2019-02-22 17:03:06.882905', NULL, NULL, NULL, NULL, NULL, '安全退出。', b'1', 'Logout');
INSERT INTO `sys_loginlog` VALUES (1098870818198392832, 0, 'admin', '2019-02-22 17:03:13.337593', '127.0.0.1', '', b'0', '2019-02-22 17:03:13.748816', NULL, NULL, NULL, NULL, NULL, '系统登录，验证码错误，请重新输入。', b'0', 'Login');
INSERT INTO `sys_loginlog` VALUES (1098870838595293184, 1032079319188508672, 'admin', '2019-02-22 17:03:18.266391', '127.0.0.1', '', b'0', '2019-02-22 17:03:18.611469', NULL, NULL, NULL, NULL, NULL, '系统登录，登录成功。', b'1', 'Login');
INSERT INTO `sys_loginlog` VALUES (1098871739477266432, 1032079319188508672, 'admin', '2019-02-22 17:06:53.093675', '127.0.0.1', '', b'0', '2019-02-22 17:06:53.398113', NULL, NULL, NULL, NULL, NULL, '安全退出。', b'1', 'Logout');
INSERT INTO `sys_loginlog` VALUES (1098871773476294656, 1035359633864265728, 'flyang', '2019-02-22 17:07:01.211441', '127.0.0.1', '', b'0', '2019-02-22 17:07:01.504097', NULL, NULL, NULL, NULL, NULL, '系统登录，登录成功。', b'1', 'Login');
INSERT INTO `sys_loginlog` VALUES (1099848030707912704, 1035359633864265728, 'flyang', '2019-02-25 09:46:18.538402', '::1', '', b'0', '2019-02-25 09:46:19.366719', NULL, NULL, NULL, NULL, NULL, '系统登录，登录成功。', b'1', 'Login');
INSERT INTO `sys_loginlog` VALUES (1099858378504671232, 1035359633864265728, 'flyang', '2019-02-25 10:27:25.621716', '::1', '', b'0', '2019-02-25 10:27:26.473329', NULL, NULL, NULL, NULL, NULL, '系统登录，登录成功。', b'1', 'Login');
INSERT INTO `sys_loginlog` VALUES (1099858732457791488, 1035359633864265728, 'flyang', '2019-02-25 10:28:50.775524', '::1', '', b'0', '2019-02-25 10:28:50.862371', NULL, NULL, NULL, NULL, NULL, '系统登录，登录成功。', b'1', 'Login');
INSERT INTO `sys_loginlog` VALUES (1099861591106654208, 1035359633864265728, 'flyang', '2019-02-25 10:40:12.289471', '::1', '', b'0', '2019-02-25 10:40:12.417259', NULL, NULL, NULL, NULL, NULL, '系统登录，登录成功。', b'1', 'Login');
INSERT INTO `sys_loginlog` VALUES (1099863606570389504, 1035359633864265728, 'flyang', '2019-02-25 10:48:12.820523', '::1', '', b'0', '2019-02-25 10:48:12.941964', NULL, NULL, NULL, NULL, NULL, '系统登录，登录成功。', b'1', 'Login');
INSERT INTO `sys_loginlog` VALUES (1099864854912700416, 1035359633864265728, 'flyang', '2019-02-25 10:53:10.190233', '::1', '', b'0', '2019-02-25 10:53:10.569859', NULL, NULL, NULL, NULL, NULL, '安全退出。', b'1', 'Logout');
INSERT INTO `sys_loginlog` VALUES (1099864888433577984, 1089173340586905600, 'flyangtest', '2019-02-25 10:53:18.190660', '::1', '', b'0', '2019-02-25 10:53:18.561389', NULL, NULL, NULL, NULL, NULL, '系统登录，登录成功。', b'1', 'Login');
INSERT INTO `sys_loginlog` VALUES (1099866871995437056, 1089173340586905600, 'flyangtest', '2019-02-25 11:01:11.295840', '::1', '', b'0', '2019-02-25 11:01:11.479652', NULL, NULL, NULL, NULL, NULL, '安全退出。', b'1', 'Logout');
INSERT INTO `sys_loginlog` VALUES (1099866919420432384, 1035359633864265728, 'flyang', '2019-02-25 11:01:22.444146', '::1', '', b'0', '2019-02-25 11:01:22.786230', NULL, NULL, NULL, NULL, NULL, '系统登录，登录成功。', b'1', 'Login');
INSERT INTO `sys_loginlog` VALUES (1099867127495659520, 1035359633864265728, 'flyang', '2019-02-25 11:02:10.983367', '::1', '', b'0', '2019-02-25 11:02:12.395264', NULL, NULL, NULL, NULL, NULL, '系统登录，登录成功。', b'1', 'Login');

-- ----------------------------
-- Table structure for sys_operatelog
-- ----------------------------
DROP TABLE IF EXISTS `sys_operatelog`;
CREATE TABLE `sys_operatelog`  (
  `Id` bigint(20) NOT NULL AUTO_INCREMENT,
  `UserId` bigint(20) NOT NULL,
  `UserName` longtext CHARACTER SET utf8 COLLATE utf8_general_ci NULL,
  `Method` longtext CHARACTER SET utf8 COLLATE utf8_general_ci NULL,
  `OperateTime` datetime(6) NULL DEFAULT NULL,
  `Parameter` longtext CHARACTER SET utf8 COLLATE utf8_general_ci NULL,
  `Area` longtext CHARACTER SET utf8 COLLATE utf8_general_ci NULL,
  `Controller` longtext CHARACTER SET utf8 COLLATE utf8_general_ci NULL,
  `Action` longtext CHARACTER SET utf8 COLLATE utf8_general_ci NULL,
  `DeletedMark` bit(1) NULL DEFAULT NULL,
  `CreationTime` datetime(6) NULL DEFAULT NULL,
  `CreatorUserId` bigint(20) NULL DEFAULT NULL,
  `LastModificationTime` datetime(6) NULL DEFAULT NULL,
  `LastModifierUserId` bigint(20) NULL DEFAULT NULL,
  `DeletionTime` datetime(6) NULL DEFAULT NULL,
  `DeleterUserId` bigint(20) NULL DEFAULT NULL,
  `Description` longtext CHARACTER SET utf8 COLLATE utf8_general_ci NULL,
  PRIMARY KEY (`Id`) USING BTREE
) ENGINE = InnoDB AUTO_INCREMENT = 1089144421603217409 CHARACTER SET = utf8 COLLATE = utf8_general_ci ROW_FORMAT = Dynamic;

-- ----------------------------
-- Records of sys_operatelog
-- ----------------------------
INSERT INTO `sys_operatelog` VALUES (1087648565511196672, 1035359633864265728, 'flyang', 'Task', NULL, NULL, 'hangfire', 'OperateLog', 'TaskTest1', b'0', '2019-01-22 17:50:00.208709', NULL, NULL, NULL, NULL, NULL, NULL);
INSERT INTO `sys_operatelog` VALUES (1087648817458843648, 1035359633864265728, 'flyang', 'Task', NULL, NULL, 'hangfire', 'OperateLog', 'TaskTest1', b'0', '2019-01-22 17:51:00.277381', NULL, NULL, NULL, NULL, NULL, NULL);
INSERT INTO `sys_operatelog` VALUES (1087649069481988096, 1035359633864265728, 'flyang', 'Task', NULL, NULL, 'hangfire', 'OperateLog', 'TaskTest1', b'0', '2019-01-22 17:52:00.364142', NULL, NULL, NULL, NULL, NULL, NULL);
INSERT INTO `sys_operatelog` VALUES (1087649321442217984, 1035359633864265728, 'flyang', 'Task', NULL, NULL, 'hangfire', 'OperateLog', 'TaskTest1', b'0', '2019-01-22 17:53:00.436546', NULL, NULL, NULL, NULL, NULL, NULL);
INSERT INTO `sys_operatelog` VALUES (1087649573339533312, 1035359633864265728, 'flyang', 'Task', NULL, NULL, 'hangfire', 'OperateLog', 'TaskTest1', b'0', '2019-01-22 17:54:00.493565', NULL, NULL, NULL, NULL, NULL, NULL);
INSERT INTO `sys_operatelog` VALUES (1087649825291374592, 1035359633864265728, 'flyang', 'Task', NULL, NULL, 'hangfire', 'OperateLog', 'TaskTest1', b'0', '2019-01-22 17:55:00.563222', NULL, NULL, NULL, NULL, NULL, NULL);
INSERT INTO `sys_operatelog` VALUES (1087650077268381696, 1035359633864265728, 'flyang', 'Task', NULL, NULL, 'hangfire', 'OperateLog', 'TaskTest1', b'0', '2019-01-22 17:56:00.639385', NULL, NULL, NULL, NULL, NULL, NULL);
INSERT INTO `sys_operatelog` VALUES (1087650329174085632, 1035359633864265728, 'flyang', 'Task', NULL, NULL, 'hangfire', 'OperateLog', 'TaskTest1', b'0', '2019-01-22 17:57:00.698701', NULL, NULL, NULL, NULL, NULL, NULL);
INSERT INTO `sys_operatelog` VALUES (1088816511897964544, 1035359633864265728, 'flyang', 'Task', NULL, NULL, 'hangfire', 'OperateLog', 'TaskTest1', b'0', '2019-01-25 23:11:00.326198', NULL, NULL, NULL, NULL, NULL, NULL);
INSERT INTO `sys_operatelog` VALUES (1088816604541751296, 1035359633864265728, 'flyang', 'Task', NULL, NULL, 'hangfire', 'OperateLog', 'TaskTest1', b'0', '2019-01-25 23:11:22.414131', NULL, NULL, NULL, NULL, NULL, NULL);
INSERT INTO `sys_operatelog` VALUES (1088816604575305728, 1035359633864265728, 'flyang', 'Task', NULL, NULL, 'hangfire', 'OperateLog', 'TaskTest1', b'0', '2019-01-25 23:11:22.422188', NULL, NULL, NULL, NULL, NULL, NULL);
INSERT INTO `sys_operatelog` VALUES (1088816793482563584, 1035359633864265728, 'flyang', 'Task', NULL, NULL, 'hangfire', 'OperateLog', 'TaskTest1', b'0', '2019-01-25 23:12:07.461217', NULL, NULL, NULL, NULL, NULL, NULL);
INSERT INTO `sys_operatelog` VALUES (1088816856564895744, 1035359633864265728, 'flyang', 'Task', NULL, NULL, 'hangfire', 'OperateLog', 'TaskTest1', b'0', '2019-01-25 23:12:22.501666', NULL, NULL, NULL, NULL, NULL, NULL);
INSERT INTO `sys_operatelog` VALUES (1088817015961030656, 1035359633864265728, 'flyang', 'Task', NULL, NULL, 'hangfire', 'OperateLog', 'TaskTest1', b'0', '2019-01-25 23:13:00.504048', NULL, NULL, NULL, NULL, NULL, NULL);
INSERT INTO `sys_operatelog` VALUES (1088817045392461824, 1035359633864265728, 'flyang', 'Task', NULL, NULL, 'hangfire', 'OperateLog', 'TaskTest1', b'0', '2019-01-25 23:13:07.521417', NULL, NULL, NULL, NULL, NULL, NULL);
INSERT INTO `sys_operatelog` VALUES (1088817620230213632, 1035359633864265728, 'flyang', 'Task', NULL, NULL, 'hangfire', 'OperateLog', 'TaskTest1', b'0', '2019-01-25 23:15:24.573850', NULL, NULL, NULL, NULL, NULL, NULL);
INSERT INTO `sys_operatelog` VALUES (1088817771493593088, 1035359633864265728, 'flyang', 'Task', NULL, NULL, 'hangfire', 'OperateLog', 'TaskTest1', b'0', '2019-01-25 23:16:00.637663', NULL, NULL, NULL, NULL, NULL, NULL);
INSERT INTO `sys_operatelog` VALUES (1088818275560853504, 1035359633864265728, 'flyang', 'Task', NULL, NULL, 'hangfire', 'OperateLog', 'TaskTest1', b'0', '2019-01-25 23:18:00.816316', NULL, NULL, NULL, NULL, NULL, NULL);
INSERT INTO `sys_operatelog` VALUES (1088818527462363136, 1035359633864265728, 'flyang', 'Task', NULL, NULL, 'hangfire', 'OperateLog', 'TaskTest1', b'0', '2019-01-25 23:19:00.874238', NULL, NULL, NULL, NULL, NULL, NULL);
INSERT INTO `sys_operatelog` VALUES (1088818564422569984, 1035359633864265728, 'flyang', 'Task', NULL, NULL, 'hangfire', 'OperateLog', 'TaskTest1', b'0', '2019-01-25 23:19:09.686304', NULL, NULL, NULL, NULL, NULL, NULL);
INSERT INTO `sys_operatelog` VALUES (1088818690461405184, 1035359633864265728, 'flyang', 'Task', NULL, NULL, 'hangfire', 'OperateLog', 'TaskTest1', b'0', '2019-01-25 23:19:39.736719', NULL, NULL, NULL, NULL, NULL, NULL);
INSERT INTO `sys_operatelog` VALUES (1088818942228697088, 1035359633864265728, 'flyang', 'Task', NULL, NULL, 'hangfire', 'OperateLog', 'TaskTest1', b'0', '2019-01-25 23:20:39.762921', NULL, NULL, NULL, NULL, NULL, NULL);
INSERT INTO `sys_operatelog` VALUES (1088819027213684736, 1035359633864265728, 'flyang', 'Task', NULL, NULL, 'hangfire', 'OperateLog', 'TaskTest1', b'0', '2019-01-25 23:21:00.024084', NULL, NULL, NULL, NULL, NULL, NULL);
INSERT INTO `sys_operatelog` VALUES (1088819279098417152, 1035359633864265728, 'flyang', 'Task', NULL, NULL, 'hangfire', 'OperateLog', 'TaskTest1', b'0', '2019-01-25 23:22:00.078060', NULL, NULL, NULL, NULL, NULL, NULL);
INSERT INTO `sys_operatelog` VALUES (1088819783065014272, 1035359633864265728, 'flyang', 'Task', NULL, NULL, 'hangfire', 'OperateLog', 'TaskTest1', b'0', '2019-01-25 23:24:00.233293', NULL, NULL, NULL, NULL, NULL, NULL);
INSERT INTO `sys_operatelog` VALUES (1088820034958135296, 1035359633864265728, 'flyang', 'Task', NULL, NULL, 'hangfire', 'OperateLog', 'TaskTest1', b'0', '2019-01-25 23:25:00.289139', NULL, NULL, NULL, NULL, NULL, NULL);
INSERT INTO `sys_operatelog` VALUES (1088820287014834176, 1035359633864265728, 'flyang', 'Task', NULL, NULL, 'hangfire', 'OperateLog', 'TaskTest1', b'0', '2019-01-25 23:26:00.384935', NULL, NULL, NULL, NULL, NULL, NULL);
INSERT INTO `sys_operatelog` VALUES (1088820538949898240, 1035359633864265728, 'flyang', 'Task', NULL, NULL, 'hangfire', 'OperateLog', 'TaskTest1', b'0', '2019-01-25 23:27:00.450475', NULL, NULL, NULL, NULL, NULL, NULL);
INSERT INTO `sys_operatelog` VALUES (1088820790905933824, 1035359633864265728, 'flyang', 'Task', NULL, NULL, 'hangfire', 'OperateLog', 'TaskTest1', b'0', '2019-01-25 23:28:00.521523', NULL, NULL, NULL, NULL, NULL, NULL);
INSERT INTO `sys_operatelog` VALUES (1088821042962632704, 1035359633864265728, 'flyang', 'Task', NULL, NULL, 'hangfire', 'OperateLog', 'TaskTest1', b'0', '2019-01-25 23:29:00.616258', NULL, NULL, NULL, NULL, NULL, NULL);
INSERT INTO `sys_operatelog` VALUES (1088821295044497408, 1035359633864265728, 'flyang', 'Task', NULL, NULL, 'hangfire', 'OperateLog', 'TaskTest1', b'0', '2019-01-25 23:30:00.717772', NULL, NULL, NULL, NULL, NULL, NULL);
INSERT INTO `sys_operatelog` VALUES (1088821547055058944, 1035359633864265728, 'flyang', 'Task', NULL, NULL, 'hangfire', 'OperateLog', 'TaskTest1', b'0', '2019-01-25 23:31:00.801560', NULL, NULL, NULL, NULL, NULL, NULL);
INSERT INTO `sys_operatelog` VALUES (1088821798910431232, 1035359633864265728, 'flyang', 'Task', NULL, NULL, 'hangfire', 'OperateLog', 'TaskTest1', b'0', '2019-01-25 23:32:00.848814', NULL, NULL, NULL, NULL, NULL, NULL);
INSERT INTO `sys_operatelog` VALUES (1089142393682399232, 1035359633864265728, 'flyang', 'Task', NULL, NULL, 'hangfire', 'OperateLog', 'TaskTest1', b'0', '2019-01-26 20:45:56.598312', NULL, NULL, NULL, NULL, NULL, NULL);
INSERT INTO `sys_operatelog` VALUES (1089142410237317120, 1035359633864265728, 'flyang', 'Task', NULL, NULL, 'hangfire', 'OperateLog', 'TaskTest1', b'0', '2019-01-26 20:46:00.545537', NULL, NULL, NULL, NULL, NULL, NULL);
INSERT INTO `sys_operatelog` VALUES (1089142662252072960, 1035359633864265728, 'flyang', 'Task', NULL, NULL, 'hangfire', 'OperateLog', 'TaskTest1', b'0', '2019-01-26 20:47:00.630236', NULL, NULL, NULL, NULL, NULL, NULL);
INSERT INTO `sys_operatelog` VALUES (1089142914216497152, 1035359633864265728, 'flyang', 'Task', NULL, NULL, 'hangfire', 'OperateLog', 'TaskTest1', b'0', '2019-01-26 20:48:00.703473', NULL, NULL, NULL, NULL, NULL, NULL);
INSERT INTO `sys_operatelog` VALUES (1089143321856708608, 1035359633864265728, 'flyang', 'Task', NULL, NULL, 'hangfire', 'OperateLog', 'TaskTest1', b'0', '2019-01-26 20:49:37.892760', NULL, NULL, NULL, NULL, NULL, NULL);
INSERT INTO `sys_operatelog` VALUES (1089143417969184768, 1035359633864265728, 'flyang', 'Task', NULL, NULL, 'hangfire', 'OperateLog', 'TaskTest1', b'0', '2019-01-26 20:50:00.807044', NULL, NULL, NULL, NULL, NULL, NULL);
INSERT INTO `sys_operatelog` VALUES (1089143669937803264, 1035359633864265728, 'flyang', 'Task', NULL, NULL, 'hangfire', 'OperateLog', 'TaskTest1', b'0', '2019-01-26 20:51:00.881944', NULL, NULL, NULL, NULL, NULL, NULL);
INSERT INTO `sys_operatelog` VALUES (1089143921969336320, 1035359633864265728, 'flyang', 'Task', NULL, NULL, 'hangfire', 'OperateLog', 'TaskTest1', b'0', '2019-01-26 20:52:00.970661', NULL, NULL, NULL, NULL, NULL, NULL);
INSERT INTO `sys_operatelog` VALUES (1089144169731067904, 1035359633864265728, 'flyang', 'Task', NULL, NULL, 'hangfire', 'OperateLog', 'TaskTest1', b'0', '2019-01-26 20:53:00.041412', NULL, NULL, NULL, NULL, NULL, NULL);
INSERT INTO `sys_operatelog` VALUES (1089144421603217408, 1035359633864265728, 'flyang', 'Task', NULL, NULL, 'hangfire', 'OperateLog', 'TaskTest1', b'0', '2019-01-26 20:54:00.092121', NULL, NULL, NULL, NULL, NULL, NULL);

-- ----------------------------
-- Table structure for sys_organize
-- ----------------------------
DROP TABLE IF EXISTS `sys_organize`;
CREATE TABLE `sys_organize`  (
  `Id` bigint(20) NOT NULL AUTO_INCREMENT,
  `ParentId` bigint(20) NOT NULL,
  `Layers` int(11) NULL DEFAULT NULL,
  `EnCode` longtext CHARACTER SET utf8 COLLATE utf8_general_ci NULL,
  `FullName` longtext CHARACTER SET utf8 COLLATE utf8_general_ci NULL,
  `ShortName` longtext CHARACTER SET utf8 COLLATE utf8_general_ci NULL,
  `CategoryId` longtext CHARACTER SET utf8 COLLATE utf8_general_ci NULL,
  `ManagerId` longtext CHARACTER SET utf8 COLLATE utf8_general_ci NULL,
  `TelePhone` longtext CHARACTER SET utf8 COLLATE utf8_general_ci NULL,
  `MobilePhone` longtext CHARACTER SET utf8 COLLATE utf8_general_ci NULL,
  `WeChat` longtext CHARACTER SET utf8 COLLATE utf8_general_ci NULL,
  `Fax` longtext CHARACTER SET utf8 COLLATE utf8_general_ci NULL,
  `Email` longtext CHARACTER SET utf8 COLLATE utf8_general_ci NULL,
  `AreaId` longtext CHARACTER SET utf8 COLLATE utf8_general_ci NULL,
  `Address` longtext CHARACTER SET utf8 COLLATE utf8_general_ci NULL,
  `AllowEdit` bit(1) NULL DEFAULT NULL,
  `AllowDelete` bit(1) NULL DEFAULT NULL,
  `SortCode` int(11) NULL DEFAULT NULL,
  `DeletedMark` bit(1) NULL DEFAULT NULL,
  `EnabledMark` bit(1) NULL DEFAULT NULL,
  `CreationTime` datetime(6) NULL DEFAULT NULL,
  `CreatorUserId` bigint(20) NULL DEFAULT NULL,
  `LastModificationTime` datetime(6) NULL DEFAULT NULL,
  `LastModifierUserId` bigint(20) NULL DEFAULT NULL,
  `DeletionTime` datetime(6) NULL DEFAULT NULL,
  `DeleterUserId` bigint(20) NULL DEFAULT NULL,
  `Type` longtext CHARACTER SET utf8 COLLATE utf8_general_ci NULL,
  PRIMARY KEY (`Id`) USING BTREE
) ENGINE = InnoDB AUTO_INCREMENT = 100001010 CHARACTER SET = utf8 COLLATE = utf8_general_ci ROW_FORMAT = Dynamic;

-- ----------------------------
-- Records of sys_organize
-- ----------------------------
INSERT INTO `sys_organize` VALUES (100001, 0, NULL, 'Company', '上海贸易有限公司', NULL, '', '&nbsp;', '&nbsp;', '&nbsp;', '&nbsp;', '&nbsp;', '&nbsp;', NULL, '&nbsp;', NULL, NULL, 1, b'0', b'1', '2018-08-22 09:34:03.000000', NULL, '2018-08-22 09:13:40.306272', NULL, '2018-08-22 16:03:04.068905', NULL, 'Company');
INSERT INTO `sys_organize` VALUES (100001001, 100001, NULL, 'Network', '网络部', NULL, '', '&nbsp;', '&nbsp;', '&nbsp;', '&nbsp;', '&nbsp;', '&nbsp;', NULL, '&nbsp;', NULL, NULL, 2, b'0', b'1', '2018-08-22 09:34:16.000000', NULL, '2019-01-09 14:00:50.158796', NULL, '2019-01-08 16:44:29.788075', NULL, 'Department');
INSERT INTO `sys_organize` VALUES (100001002, 100001, NULL, 'Financial', '财务部', NULL, '', '&nbsp;', '&nbsp;', '&nbsp;', '&nbsp;', '&nbsp;', '&nbsp;', NULL, '&nbsp;', NULL, NULL, 3, b'0', b'1', '2018-08-22 09:34:18.000000', NULL, '2018-08-22 09:33:21.240061', NULL, '2019-01-08 16:44:25.897393', NULL, 'Department');
INSERT INTO `sys_organize` VALUES (100001003, 100001, NULL, 'HumanResourse', '人事部', NULL, NULL, NULL, '&nbsp;', '&nbsp;', '&nbsp;', '&nbsp;', '&nbsp;', NULL, '&nbsp;', NULL, NULL, 4, b'0', b'1', '2018-08-22 09:34:21.000000', NULL, '2018-08-22 09:33:25.823990', NULL, '2018-11-29 14:50:03.552823', NULL, 'Department');
INSERT INTO `sys_organize` VALUES (100001004, 100001, NULL, 'Purchase', '采购部', NULL, NULL, NULL, '&nbsp;', '&nbsp;', '&nbsp;', '&nbsp;', '&nbsp;', NULL, '&nbsp;', NULL, NULL, 5, b'0', b'1', '2018-08-22 09:34:23.000000', NULL, '2019-01-29 15:54:40.617914', NULL, '2018-11-29 14:50:07.242046', NULL, 'Department');
INSERT INTO `sys_organize` VALUES (100001005, 100001, NULL, 'Administration', '行政部', NULL, NULL, NULL, '&nbsp;', '&nbsp;', '&nbsp;', '&nbsp;', '&nbsp;', NULL, '&nbsp;', NULL, NULL, 66, b'0', b'1', '2018-08-22 09:34:27.000000', NULL, '2019-01-29 15:54:34.434799', NULL, '2018-08-22 15:20:49.056477', NULL, 'Department');
INSERT INTO `sys_organize` VALUES (100001006, 100001, NULL, 'Market', '市场部', NULL, NULL, NULL, '&nbsp;', '&nbsp;', '&nbsp;', '&nbsp;', '&nbsp;', NULL, '&nbsp;', NULL, NULL, 7, b'0', b'1', '2018-08-22 09:34:29.000000', NULL, '2018-08-22 09:33:40.666938', NULL, '2018-08-22 15:20:46.207397', NULL, 'Department');
INSERT INTO `sys_organize` VALUES (100001007, 100001, NULL, 'Sales', '营销部', NULL, NULL, NULL, '&nbsp;', '&nbsp;', '&nbsp;', '&nbsp;', '&nbsp;', NULL, '&nbsp;', NULL, NULL, 8, b'0', b'1', '2018-08-22 09:34:32.000000', NULL, '2018-08-22 09:33:45.258179', NULL, '2018-08-22 15:20:32.502221', NULL, 'Department');
INSERT INTO `sys_organize` VALUES (100001008, 100001, NULL, 'Ministry', '技术部', NULL, NULL, NULL, '&nbsp;', '&nbsp;', '&nbsp;', '&nbsp;', '&nbsp;', NULL, '&nbsp;', NULL, NULL, 9, b'0', b'1', '2018-08-22 09:34:34.000000', NULL, '2019-01-08 16:43:46.171812', NULL, NULL, NULL, 'Department');
INSERT INTO `sys_organize` VALUES (100001009, 100001, NULL, 'Manufacturing', '生产部', NULL, NULL, NULL, '&nbsp;', '&nbsp;', '&nbsp;', '&nbsp;', '&nbsp;', NULL, '&nbsp;', NULL, NULL, 99, b'0', b'1', '2018-08-22 09:34:36.000000', NULL, '2019-01-03 18:32:28.263129', NULL, NULL, NULL, 'Department');

-- ----------------------------
-- Table structure for sys_permission
-- ----------------------------
DROP TABLE IF EXISTS `sys_permission`;
CREATE TABLE `sys_permission`  (
  `Id` bigint(20) NOT NULL AUTO_INCREMENT,
  `ResourceId` bigint(20) NOT NULL,
  `ObjectId` bigint(20) NOT NULL,
  `ObjectType` longtext CHARACTER SET utf8 COLLATE utf8_general_ci NULL,
  `CreationTime` datetime(6) NULL DEFAULT NULL,
  `CreatorUserId` bigint(20) NULL DEFAULT NULL,
  `LastModificationTime` datetime(6) NULL DEFAULT NULL,
  `LastModifierUserId` bigint(20) NULL DEFAULT NULL,
  `DeletionTime` datetime(6) NULL DEFAULT NULL,
  `DeleterUserId` bigint(20) NULL DEFAULT NULL,
  `SortCode` int(11) NULL DEFAULT NULL,
  `DeletedMark` bit(1) NULL DEFAULT NULL,
  PRIMARY KEY (`Id`) USING BTREE,
  INDEX `IX_Sys_Permission_ResourceId`(`ResourceId`) USING BTREE,
  CONSTRAINT `FK_Sys_Permission_Sys_Resource_ResourceId` FOREIGN KEY (`ResourceId`) REFERENCES `sys_resource` (`Id`) ON DELETE CASCADE ON UPDATE RESTRICT
) ENGINE = InnoDB AUTO_INCREMENT = 1095942663938641921 CHARACTER SET = utf8 COLLATE = utf8_general_ci ROW_FORMAT = Dynamic;

-- ----------------------------
-- Records of sys_permission
-- ----------------------------
INSERT INTO `sys_permission` VALUES (1082559780796633088, 1, 1, 'RolePermission', '2019-01-08 16:48:59.387236', NULL, NULL, NULL, NULL, NULL, NULL, b'0');
INSERT INTO `sys_permission` VALUES (1082559780805021696, 2, 1, 'RolePermission', '2019-01-08 16:48:59.389833', NULL, NULL, NULL, NULL, NULL, NULL, b'0');
INSERT INTO `sys_permission` VALUES (1082559780817604608, 9, 1, 'RolePermission', '2019-01-08 16:48:59.392315', NULL, NULL, NULL, NULL, NULL, NULL, b'0');
INSERT INTO `sys_permission` VALUES (1082559780884713472, 10, 1, 'RolePermission', '2019-01-08 16:48:59.408994', NULL, NULL, NULL, NULL, NULL, NULL, b'0');
INSERT INTO `sys_permission` VALUES (1082559780897296384, 11, 1, 'RolePermission', '2019-01-08 16:48:59.411750', NULL, NULL, NULL, NULL, NULL, NULL, b'0');
INSERT INTO `sys_permission` VALUES (1082559809133350912, 1, 8, 'RolePermission', '2019-01-08 16:49:06.143533', NULL, NULL, NULL, NULL, NULL, NULL, b'0');
INSERT INTO `sys_permission` VALUES (1082559809145933824, 2, 8, 'RolePermission', '2019-01-08 16:49:06.146378', NULL, NULL, NULL, NULL, NULL, NULL, b'0');
INSERT INTO `sys_permission` VALUES (1082559809158516736, 9, 8, 'RolePermission', '2019-01-08 16:49:06.149477', NULL, NULL, NULL, NULL, NULL, NULL, b'0');
INSERT INTO `sys_permission` VALUES (1082559809171099648, 10, 8, 'RolePermission', '2019-01-08 16:49:06.152533', NULL, NULL, NULL, NULL, NULL, NULL, b'0');
INSERT INTO `sys_permission` VALUES (1082559809187876864, 11, 8, 'RolePermission', '2019-01-08 16:49:06.156668', NULL, NULL, NULL, NULL, NULL, NULL, b'0');
INSERT INTO `sys_permission` VALUES (1082559809200459776, 12, 8, 'RolePermission', '2019-01-08 16:49:06.159514', NULL, NULL, NULL, NULL, NULL, NULL, b'0');
INSERT INTO `sys_permission` VALUES (1082559809213042688, 3, 8, 'RolePermission', '2019-01-08 16:49:06.162021', NULL, NULL, NULL, NULL, NULL, NULL, b'0');
INSERT INTO `sys_permission` VALUES (1082559809221431296, 13, 8, 'RolePermission', '2019-01-08 16:49:06.164886', NULL, NULL, NULL, NULL, NULL, NULL, b'0');
INSERT INTO `sys_permission` VALUES (1082559809234014208, 14, 8, 'RolePermission', '2019-01-08 16:49:06.167669', NULL, NULL, NULL, NULL, NULL, NULL, b'0');
INSERT INTO `sys_permission` VALUES (1082559809246597120, 15, 8, 'RolePermission', '2019-01-08 16:49:06.170347', NULL, NULL, NULL, NULL, NULL, NULL, b'0');
INSERT INTO `sys_permission` VALUES (1082559809259180032, 16, 8, 'RolePermission', '2019-01-08 16:49:06.173350', NULL, NULL, NULL, NULL, NULL, NULL, b'0');
INSERT INTO `sys_permission` VALUES (1082559809267568640, 4, 8, 'RolePermission', '2019-01-08 16:49:06.175858', NULL, NULL, NULL, NULL, NULL, NULL, b'0');
INSERT INTO `sys_permission` VALUES (1082559809280151552, 17, 8, 'RolePermission', '2019-01-08 16:49:06.178585', NULL, NULL, NULL, NULL, NULL, NULL, b'0');
INSERT INTO `sys_permission` VALUES (1082559809292734464, 18, 8, 'RolePermission', '2019-01-08 16:49:06.181312', NULL, NULL, NULL, NULL, NULL, NULL, b'0');
INSERT INTO `sys_permission` VALUES (1082559809305317376, 19, 8, 'RolePermission', '2019-01-08 16:49:06.184238', NULL, NULL, NULL, NULL, NULL, NULL, b'0');
INSERT INTO `sys_permission` VALUES (1082559809317900288, 20, 8, 'RolePermission', '2019-01-08 16:49:06.187073', NULL, NULL, NULL, NULL, NULL, NULL, b'0');
INSERT INTO `sys_permission` VALUES (1082559809326288896, 5, 8, 'RolePermission', '2019-01-08 16:49:06.189928', NULL, NULL, NULL, NULL, NULL, NULL, b'0');
INSERT INTO `sys_permission` VALUES (1082559809338871808, 21, 8, 'RolePermission', '2019-01-08 16:49:06.192688', NULL, NULL, NULL, NULL, NULL, NULL, b'0');
INSERT INTO `sys_permission` VALUES (1082559809351454720, 22, 8, 'RolePermission', '2019-01-08 16:49:06.195449', NULL, NULL, NULL, NULL, NULL, NULL, b'0');
INSERT INTO `sys_permission` VALUES (1082559809364037632, 23, 8, 'RolePermission', '2019-01-08 16:49:06.198531', NULL, NULL, NULL, NULL, NULL, NULL, b'0');
INSERT INTO `sys_permission` VALUES (1082559809376620544, 24, 8, 'RolePermission', '2019-01-08 16:49:06.201289', NULL, NULL, NULL, NULL, NULL, NULL, b'0');
INSERT INTO `sys_permission` VALUES (1082559809385009152, 38, 8, 'RolePermission', '2019-01-08 16:49:06.203955', NULL, NULL, NULL, NULL, NULL, NULL, b'0');
INSERT INTO `sys_permission` VALUES (1082559809397592064, 39, 8, 'RolePermission', '2019-01-08 16:49:06.206610', NULL, NULL, NULL, NULL, NULL, NULL, b'0');
INSERT INTO `sys_permission` VALUES (1082559809410174976, 40, 8, 'RolePermission', '2019-01-08 16:49:06.209459', NULL, NULL, NULL, NULL, NULL, NULL, b'0');
INSERT INTO `sys_permission` VALUES (1082559809422757888, 6, 8, 'RolePermission', '2019-01-08 16:49:06.212411', NULL, NULL, NULL, NULL, NULL, NULL, b'0');
INSERT INTO `sys_permission` VALUES (1082559809435340800, 25, 8, 'RolePermission', '2019-01-08 16:49:06.215644', NULL, NULL, NULL, NULL, NULL, NULL, b'0');
INSERT INTO `sys_permission` VALUES (1082559809447923712, 26, 8, 'RolePermission', '2019-01-08 16:49:06.218164', NULL, NULL, NULL, NULL, NULL, NULL, b'0');
INSERT INTO `sys_permission` VALUES (1082559809456312320, 27, 8, 'RolePermission', '2019-01-08 16:49:06.220841', NULL, NULL, NULL, NULL, NULL, NULL, b'0');
INSERT INTO `sys_permission` VALUES (1082559809468895232, 28, 8, 'RolePermission', '2019-01-08 16:49:06.223269', NULL, NULL, NULL, NULL, NULL, NULL, b'0');
INSERT INTO `sys_permission` VALUES (1082559809477283840, 7, 8, 'RolePermission', '2019-01-08 16:49:06.225840', NULL, NULL, NULL, NULL, NULL, NULL, b'0');
INSERT INTO `sys_permission` VALUES (1082559809489866752, 29, 8, 'RolePermission', '2019-01-08 16:49:06.228554', NULL, NULL, NULL, NULL, NULL, NULL, b'0');
INSERT INTO `sys_permission` VALUES (1082559809502449664, 30, 8, 'RolePermission', '2019-01-08 16:49:06.231188', NULL, NULL, NULL, NULL, NULL, NULL, b'0');
INSERT INTO `sys_permission` VALUES (1082559809515032576, 31, 8, 'RolePermission', '2019-01-08 16:49:06.234003', NULL, NULL, NULL, NULL, NULL, NULL, b'0');
INSERT INTO `sys_permission` VALUES (1082559809523421184, 32, 8, 'RolePermission', '2019-01-08 16:49:06.236842', NULL, NULL, NULL, NULL, NULL, NULL, b'0');
INSERT INTO `sys_permission` VALUES (1082559809536004096, 37, 8, 'RolePermission', '2019-01-08 16:49:06.239349', NULL, NULL, NULL, NULL, NULL, NULL, b'0');
INSERT INTO `sys_permission` VALUES (1082559809544392704, 8, 8, 'RolePermission', '2019-01-08 16:49:06.241667', NULL, NULL, NULL, NULL, NULL, NULL, b'0');
INSERT INTO `sys_permission` VALUES (1082559809556975616, 33, 8, 'RolePermission', '2019-01-08 16:49:06.244232', NULL, NULL, NULL, NULL, NULL, NULL, b'0');
INSERT INTO `sys_permission` VALUES (1082559809565364224, 34, 8, 'RolePermission', '2019-01-08 16:49:06.246939', NULL, NULL, NULL, NULL, NULL, NULL, b'0');
INSERT INTO `sys_permission` VALUES (1082559809577947136, 35, 8, 'RolePermission', '2019-01-08 16:49:06.249805', NULL, NULL, NULL, NULL, NULL, NULL, b'0');
INSERT INTO `sys_permission` VALUES (1082559809590530048, 36, 8, 'RolePermission', '2019-01-08 16:49:06.252218', NULL, NULL, NULL, NULL, NULL, NULL, b'0');
INSERT INTO `sys_permission` VALUES (1090444001221414912, 1089154720314036224, 1036862466061111296, 'RolePermission', '2019-01-30 10:58:04.020034', NULL, NULL, NULL, NULL, NULL, NULL, b'0');
INSERT INTO `sys_permission` VALUES (1090444001229803520, 1089155081133232128, 1036862466061111296, 'RolePermission', '2019-01-30 10:58:04.020889', NULL, NULL, NULL, NULL, NULL, NULL, b'0');
INSERT INTO `sys_permission` VALUES (1090444001233997824, 1089180469758660608, 1036862466061111296, 'RolePermission', '2019-01-30 10:58:04.021128', NULL, NULL, NULL, NULL, NULL, NULL, b'0');
INSERT INTO `sys_permission` VALUES (1090444001233997825, 1089180469767049216, 1036862466061111296, 'RolePermission', '2019-01-30 10:58:04.021330', NULL, NULL, NULL, NULL, NULL, NULL, b'0');
INSERT INTO `sys_permission` VALUES (1090444001233997826, 1089180469775437824, 1036862466061111296, 'RolePermission', '2019-01-30 10:58:04.021578', NULL, NULL, NULL, NULL, NULL, NULL, b'0');
INSERT INTO `sys_permission` VALUES (1090444001233997827, 1089180469783826432, 1036862466061111296, 'RolePermission', '2019-01-30 10:58:04.021779', NULL, NULL, NULL, NULL, NULL, NULL, b'0');
INSERT INTO `sys_permission` VALUES (1090444001233997828, 1089351990259093504, 1036862466061111296, 'RolePermission', '2019-01-30 10:58:04.021984', NULL, NULL, NULL, NULL, NULL, NULL, b'0');
INSERT INTO `sys_permission` VALUES (1090444001238192128, 1039708555701260288, 1036862466061111296, 'RolePermission', '2019-01-30 10:58:04.022184', NULL, NULL, NULL, NULL, NULL, NULL, b'0');
INSERT INTO `sys_permission` VALUES (1090444001238192129, 1039708779706454016, 1036862466061111296, 'RolePermission', '2019-01-30 10:58:04.022375', NULL, NULL, NULL, NULL, NULL, NULL, b'0');
INSERT INTO `sys_permission` VALUES (1090444001238192130, 1039708779706454017, 1036862466061111296, 'RolePermission', '2019-01-30 10:58:04.022569', NULL, NULL, NULL, NULL, NULL, NULL, b'0');
INSERT INTO `sys_permission` VALUES (1090444001238192131, 1039708779706454018, 1036862466061111296, 'RolePermission', '2019-01-30 10:58:04.022793', NULL, NULL, NULL, NULL, NULL, NULL, b'0');
INSERT INTO `sys_permission` VALUES (1090444001238192132, 1070727251030577152, 1036862466061111296, 'RolePermission', '2019-01-30 10:58:04.022992', NULL, NULL, NULL, NULL, NULL, NULL, b'0');
INSERT INTO `sys_permission` VALUES (1090444001242386432, 1070727484540063744, 1036862466061111296, 'RolePermission', '2019-01-30 10:58:04.023216', NULL, NULL, NULL, NULL, NULL, NULL, b'0');
INSERT INTO `sys_permission` VALUES (1090444001242386433, 1039708779706454019, 1036862466061111296, 'RolePermission', '2019-01-30 10:58:04.023414', NULL, NULL, NULL, NULL, NULL, NULL, b'0');
INSERT INTO `sys_permission` VALUES (1090444001242386434, 1039708779706454020, 1036862466061111296, 'RolePermission', '2019-01-30 10:58:04.023672', NULL, NULL, NULL, NULL, NULL, NULL, b'0');
INSERT INTO `sys_permission` VALUES (1090444001242386435, 1089395347727454208, 1036862466061111296, 'RolePermission', '2019-01-30 10:58:04.023872', NULL, NULL, NULL, NULL, NULL, NULL, b'0');
INSERT INTO `sys_permission` VALUES (1090444001246580736, 1089395347740037120, 1036862466061111296, 'RolePermission', '2019-01-30 10:58:04.024096', NULL, NULL, NULL, NULL, NULL, NULL, b'0');
INSERT INTO `sys_permission` VALUES (1090444001246580737, 1089395347748425728, 1036862466061111296, 'RolePermission', '2019-01-30 10:58:04.024297', NULL, NULL, NULL, NULL, NULL, NULL, b'0');
INSERT INTO `sys_permission` VALUES (1090444001246580738, 1089395347752620032, 1036862466061111296, 'RolePermission', '2019-01-30 10:58:04.024546', NULL, NULL, NULL, NULL, NULL, NULL, b'0');
INSERT INTO `sys_permission` VALUES (1090444001246580739, 1039708779706454021, 1036862466061111296, 'RolePermission', '2019-01-30 10:58:04.024766', NULL, NULL, NULL, NULL, NULL, NULL, b'0');
INSERT INTO `sys_permission` VALUES (1090444001246580740, 1089760026668699648, 1036862466061111296, 'RolePermission', '2019-01-30 10:58:04.024989', NULL, NULL, NULL, NULL, NULL, NULL, b'0');
INSERT INTO `sys_permission` VALUES (1090444001250775040, 1089760026651922432, 1036862466061111296, 'RolePermission', '2019-01-30 10:58:04.025188', NULL, NULL, NULL, NULL, NULL, NULL, b'0');
INSERT INTO `sys_permission` VALUES (1090444001250775041, 1089760026685476864, 1036862466061111296, 'RolePermission', '2019-01-30 10:58:04.025455', NULL, NULL, NULL, NULL, NULL, NULL, b'0');
INSERT INTO `sys_permission` VALUES (1090444001250775042, 1089760026639339520, 1036862466061111296, 'RolePermission', '2019-01-30 10:58:04.025572', NULL, NULL, NULL, NULL, NULL, NULL, b'0');
INSERT INTO `sys_permission` VALUES (1090444001250775043, 1039708779706454022, 1036862466061111296, 'RolePermission', '2019-01-30 10:58:04.025661', NULL, NULL, NULL, NULL, NULL, NULL, b'0');
INSERT INTO `sys_permission` VALUES (1090444001250775044, 1089760026660311040, 1036862466061111296, 'RolePermission', '2019-01-30 10:58:04.025756', NULL, NULL, NULL, NULL, NULL, NULL, b'0');
INSERT INTO `sys_permission` VALUES (1090444001250775045, 1090443600434696192, 1036862466061111296, 'RolePermission', '2019-01-30 10:58:04.025842', NULL, NULL, NULL, NULL, NULL, NULL, b'0');
INSERT INTO `sys_permission` VALUES (1090444001250775046, 1089760026681282560, 1036862466061111296, 'RolePermission', '2019-01-30 10:58:04.025937', NULL, NULL, NULL, NULL, NULL, NULL, b'0');
INSERT INTO `sys_permission` VALUES (1090444001254969344, 1089760026672893952, 1036862466061111296, 'RolePermission', '2019-01-30 10:58:04.026021', NULL, NULL, NULL, NULL, NULL, NULL, b'0');
INSERT INTO `sys_permission` VALUES (1090444001254969345, 1090443841443598336, 1036862466061111296, 'RolePermission', '2019-01-30 10:58:04.026116', NULL, NULL, NULL, NULL, NULL, NULL, b'0');
INSERT INTO `sys_permission` VALUES (1095942663905087488, 1, 30, 'RolePermission', '2019-02-14 15:07:47.362519', NULL, NULL, NULL, NULL, NULL, NULL, b'0');
INSERT INTO `sys_permission` VALUES (1095942663905087489, 1095938583900065792, 30, 'RolePermission', '2019-02-14 15:07:47.362700', NULL, NULL, NULL, NULL, NULL, NULL, b'0');
INSERT INTO `sys_permission` VALUES (1095942663905087490, 1095942482149117952, 30, 'RolePermission', '2019-02-14 15:07:47.362835', NULL, NULL, NULL, NULL, NULL, NULL, b'0');
INSERT INTO `sys_permission` VALUES (1095942663905087491, 1095939554088718336, 30, 'RolePermission', '2019-02-14 15:07:47.362966', NULL, NULL, NULL, NULL, NULL, NULL, b'0');
INSERT INTO `sys_permission` VALUES (1095942663909281792, 2, 30, 'RolePermission', '2019-02-14 15:07:47.363095', NULL, NULL, NULL, NULL, NULL, NULL, b'0');
INSERT INTO `sys_permission` VALUES (1095942663909281793, 9, 30, 'RolePermission', '2019-02-14 15:07:47.363224', NULL, NULL, NULL, NULL, NULL, NULL, b'0');
INSERT INTO `sys_permission` VALUES (1095942663909281794, 10, 30, 'RolePermission', '2019-02-14 15:07:47.363357', NULL, NULL, NULL, NULL, NULL, NULL, b'0');
INSERT INTO `sys_permission` VALUES (1095942663909281795, 11, 30, 'RolePermission', '2019-02-14 15:07:47.363484', NULL, NULL, NULL, NULL, NULL, NULL, b'0');
INSERT INTO `sys_permission` VALUES (1095942663909281796, 12, 30, 'RolePermission', '2019-02-14 15:07:47.363612', NULL, NULL, NULL, NULL, NULL, NULL, b'0');
INSERT INTO `sys_permission` VALUES (1095942663909281797, 3, 30, 'RolePermission', '2019-02-14 15:07:47.363740', NULL, NULL, NULL, NULL, NULL, NULL, b'0');
INSERT INTO `sys_permission` VALUES (1095942663909281798, 13, 30, 'RolePermission', '2019-02-14 15:07:47.363867', NULL, NULL, NULL, NULL, NULL, NULL, b'0');
INSERT INTO `sys_permission` VALUES (1095942663909281799, 14, 30, 'RolePermission', '2019-02-14 15:07:47.363995', NULL, NULL, NULL, NULL, NULL, NULL, b'0');
INSERT INTO `sys_permission` VALUES (1095942663913476096, 15, 30, 'RolePermission', '2019-02-14 15:07:47.364122', NULL, NULL, NULL, NULL, NULL, NULL, b'0');
INSERT INTO `sys_permission` VALUES (1095942663913476097, 16, 30, 'RolePermission', '2019-02-14 15:07:47.364249', NULL, NULL, NULL, NULL, NULL, NULL, b'0');
INSERT INTO `sys_permission` VALUES (1095942663913476098, 4, 30, 'RolePermission', '2019-02-14 15:07:47.364379', NULL, NULL, NULL, NULL, NULL, NULL, b'0');
INSERT INTO `sys_permission` VALUES (1095942663913476099, 17, 30, 'RolePermission', '2019-02-14 15:07:47.364507', NULL, NULL, NULL, NULL, NULL, NULL, b'0');
INSERT INTO `sys_permission` VALUES (1095942663913476100, 18, 30, 'RolePermission', '2019-02-14 15:07:47.364634', NULL, NULL, NULL, NULL, NULL, NULL, b'0');
INSERT INTO `sys_permission` VALUES (1095942663913476101, 19, 30, 'RolePermission', '2019-02-14 15:07:47.364762', NULL, NULL, NULL, NULL, NULL, NULL, b'0');
INSERT INTO `sys_permission` VALUES (1095942663913476102, 20, 30, 'RolePermission', '2019-02-14 15:07:47.364888', NULL, NULL, NULL, NULL, NULL, NULL, b'0');
INSERT INTO `sys_permission` VALUES (1095942663917670400, 5, 30, 'RolePermission', '2019-02-14 15:07:47.365016', NULL, NULL, NULL, NULL, NULL, NULL, b'0');
INSERT INTO `sys_permission` VALUES (1095942663917670401, 21, 30, 'RolePermission', '2019-02-14 15:07:47.365143', NULL, NULL, NULL, NULL, NULL, NULL, b'0');
INSERT INTO `sys_permission` VALUES (1095942663917670402, 22, 30, 'RolePermission', '2019-02-14 15:07:47.365273', NULL, NULL, NULL, NULL, NULL, NULL, b'0');
INSERT INTO `sys_permission` VALUES (1095942663917670403, 23, 30, 'RolePermission', '2019-02-14 15:07:47.365403', NULL, NULL, NULL, NULL, NULL, NULL, b'0');
INSERT INTO `sys_permission` VALUES (1095942663917670404, 38, 30, 'RolePermission', '2019-02-14 15:07:47.365530', NULL, NULL, NULL, NULL, NULL, NULL, b'0');
INSERT INTO `sys_permission` VALUES (1095942663917670405, 39, 30, 'RolePermission', '2019-02-14 15:07:47.365657', NULL, NULL, NULL, NULL, NULL, NULL, b'0');
INSERT INTO `sys_permission` VALUES (1095942663917670406, 40, 30, 'RolePermission', '2019-02-14 15:07:47.365786', NULL, NULL, NULL, NULL, NULL, NULL, b'0');
INSERT INTO `sys_permission` VALUES (1095942663917670407, 24, 30, 'RolePermission', '2019-02-14 15:07:47.365913', NULL, NULL, NULL, NULL, NULL, NULL, b'0');
INSERT INTO `sys_permission` VALUES (1095942663921864704, 6, 30, 'RolePermission', '2019-02-14 15:07:47.366041', NULL, NULL, NULL, NULL, NULL, NULL, b'0');
INSERT INTO `sys_permission` VALUES (1095942663921864705, 25, 30, 'RolePermission', '2019-02-14 15:07:47.366171', NULL, NULL, NULL, NULL, NULL, NULL, b'0');
INSERT INTO `sys_permission` VALUES (1095942663921864706, 26, 30, 'RolePermission', '2019-02-14 15:07:47.366301', NULL, NULL, NULL, NULL, NULL, NULL, b'0');
INSERT INTO `sys_permission` VALUES (1095942663921864707, 27, 30, 'RolePermission', '2019-02-14 15:07:47.366428', NULL, NULL, NULL, NULL, NULL, NULL, b'0');
INSERT INTO `sys_permission` VALUES (1095942663921864708, 28, 30, 'RolePermission', '2019-02-14 15:07:47.366556', NULL, NULL, NULL, NULL, NULL, NULL, b'0');
INSERT INTO `sys_permission` VALUES (1095942663921864709, 7, 30, 'RolePermission', '2019-02-14 15:07:47.366683', NULL, NULL, NULL, NULL, NULL, NULL, b'0');
INSERT INTO `sys_permission` VALUES (1095942663921864710, 29, 30, 'RolePermission', '2019-02-14 15:07:47.366811', NULL, NULL, NULL, NULL, NULL, NULL, b'0');
INSERT INTO `sys_permission` VALUES (1095942663921864711, 30, 30, 'RolePermission', '2019-02-14 15:07:47.366938', NULL, NULL, NULL, NULL, NULL, NULL, b'0');
INSERT INTO `sys_permission` VALUES (1095942663926059008, 31, 30, 'RolePermission', '2019-02-14 15:07:47.367066', NULL, NULL, NULL, NULL, NULL, NULL, b'0');
INSERT INTO `sys_permission` VALUES (1095942663926059009, 32, 30, 'RolePermission', '2019-02-14 15:07:47.367193', NULL, NULL, NULL, NULL, NULL, NULL, b'0');
INSERT INTO `sys_permission` VALUES (1095942663926059010, 37, 30, 'RolePermission', '2019-02-14 15:07:47.367338', NULL, NULL, NULL, NULL, NULL, NULL, b'0');
INSERT INTO `sys_permission` VALUES (1095942663926059011, 8, 30, 'RolePermission', '2019-02-14 15:07:47.367475', NULL, NULL, NULL, NULL, NULL, NULL, b'0');
INSERT INTO `sys_permission` VALUES (1095942663926059012, 33, 30, 'RolePermission', '2019-02-14 15:07:47.367603', NULL, NULL, NULL, NULL, NULL, NULL, b'0');
INSERT INTO `sys_permission` VALUES (1095942663926059013, 34, 30, 'RolePermission', '2019-02-14 15:07:47.367730', NULL, NULL, NULL, NULL, NULL, NULL, b'0');
INSERT INTO `sys_permission` VALUES (1095942663926059014, 35, 30, 'RolePermission', '2019-02-14 15:07:47.367858', NULL, NULL, NULL, NULL, NULL, NULL, b'0');
INSERT INTO `sys_permission` VALUES (1095942663926059015, 36, 30, 'RolePermission', '2019-02-14 15:07:47.367985', NULL, NULL, NULL, NULL, NULL, NULL, b'0');
INSERT INTO `sys_permission` VALUES (1095942663930253312, 41, 30, 'RolePermission', '2019-02-14 15:07:47.368113', NULL, NULL, NULL, NULL, NULL, NULL, b'0');
INSERT INTO `sys_permission` VALUES (1095942663930253313, 1088816067578564608, 30, 'RolePermission', '2019-02-14 15:07:47.368240', NULL, NULL, NULL, NULL, NULL, NULL, b'0');
INSERT INTO `sys_permission` VALUES (1095942663930253314, 1088816674792148992, 30, 'RolePermission', '2019-02-14 15:07:47.368370', NULL, NULL, NULL, NULL, NULL, NULL, b'0');
INSERT INTO `sys_permission` VALUES (1095942663930253315, 1082542708943360000, 30, 'RolePermission', '2019-02-14 15:07:47.368498', NULL, NULL, NULL, NULL, NULL, NULL, b'0');
INSERT INTO `sys_permission` VALUES (1095942663930253316, 1081090512116649984, 30, 'RolePermission', '2019-02-14 15:07:47.368625', NULL, NULL, NULL, NULL, NULL, NULL, b'0');
INSERT INTO `sys_permission` VALUES (1095942663930253317, 1082531367444680704, 30, 'RolePermission', '2019-02-14 15:07:47.368753', NULL, NULL, NULL, NULL, NULL, NULL, b'0');
INSERT INTO `sys_permission` VALUES (1095942663930253318, 1055090255939637248, 30, 'RolePermission', '2019-02-14 15:07:47.368882', NULL, NULL, NULL, NULL, NULL, NULL, b'0');
INSERT INTO `sys_permission` VALUES (1095942663934447616, 1088817307154780160, 30, 'RolePermission', '2019-02-14 15:07:47.369010', NULL, NULL, NULL, NULL, NULL, NULL, b'0');
INSERT INTO `sys_permission` VALUES (1095942663934447617, 1088817556858474496, 30, 'RolePermission', '2019-02-14 15:07:47.369137', NULL, NULL, NULL, NULL, NULL, NULL, b'0');
INSERT INTO `sys_permission` VALUES (1095942663934447618, 1088817721405214720, 30, 'RolePermission', '2019-02-14 15:07:47.369264', NULL, NULL, NULL, NULL, NULL, NULL, b'0');
INSERT INTO `sys_permission` VALUES (1095942663934447619, 1088818037307609088, 30, 'RolePermission', '2019-02-14 15:07:47.369440', NULL, NULL, NULL, NULL, NULL, NULL, b'0');
INSERT INTO `sys_permission` VALUES (1095942663934447620, 1088818336252432384, 30, 'RolePermission', '2019-02-14 15:07:47.369633', NULL, NULL, NULL, NULL, NULL, NULL, b'0');
INSERT INTO `sys_permission` VALUES (1095942663934447621, 1055096967866224640, 30, 'RolePermission', '2019-02-14 15:07:47.369819', NULL, NULL, NULL, NULL, NULL, NULL, b'0');
INSERT INTO `sys_permission` VALUES (1095942663934447622, 1055352444604780544, 30, 'RolePermission', '2019-02-14 15:07:47.369990', NULL, NULL, NULL, NULL, NULL, NULL, b'0');
INSERT INTO `sys_permission` VALUES (1095942663938641920, 1055091815180537856, 30, 'RolePermission', '2019-02-14 15:07:47.370123', NULL, NULL, NULL, NULL, NULL, NULL, b'0');

-- ----------------------------
-- Table structure for sys_position
-- ----------------------------
DROP TABLE IF EXISTS `sys_position`;
CREATE TABLE `sys_position`  (
  `Id` bigint(20) NOT NULL AUTO_INCREMENT,
  `OrganizeId` bigint(20) NOT NULL,
  `EnCode` longtext CHARACTER SET utf8 COLLATE utf8_general_ci NULL,
  `FullName` longtext CHARACTER SET utf8 COLLATE utf8_general_ci NULL,
  `AllowEdit` bit(1) NULL DEFAULT NULL,
  `AllowDelete` bit(1) NULL DEFAULT NULL,
  `SortCode` int(11) NULL DEFAULT NULL,
  `EnabledMark` bit(1) NULL DEFAULT NULL,
  `DeletedMark` bit(1) NULL DEFAULT NULL,
  `CreationTime` datetime(6) NULL DEFAULT NULL,
  `CreatorUserId` bigint(20) NULL DEFAULT NULL,
  `LastModificationTime` datetime(6) NULL DEFAULT NULL,
  `LastModifierUserId` bigint(20) NULL DEFAULT NULL,
  `DeletionTime` datetime(6) NULL DEFAULT NULL,
  `DeleterUserId` bigint(20) NULL DEFAULT NULL,
  `Description` longtext CHARACTER SET utf8 COLLATE utf8_general_ci NULL,
  PRIMARY KEY (`Id`) USING BTREE
) ENGINE = InnoDB AUTO_INCREMENT = 18 CHARACTER SET = utf8 COLLATE = utf8_general_ci ROW_FORMAT = Dynamic;

-- ----------------------------
-- Records of sys_position
-- ----------------------------
INSERT INTO `sys_position` VALUES (1, 100001, 'manager', '经理', b'0', b'0', 1, b'1', b'0', '2019-01-08 15:55:43.000000', NULL, '2019-01-08 15:57:56.636045', NULL, NULL, NULL, NULL);
INSERT INTO `sys_position` VALUES (2, 100001, '10024', '总经理助理', b'0', b'0', 10024, b'1', b'0', '2019-01-08 15:55:45.000000', NULL, '2019-01-08 16:04:19.236683', NULL, NULL, NULL, '总经理助理');
INSERT INTO `sys_position` VALUES (3, 100001, 'president', '董事长', b'0', b'0', 1, b'1', b'0', '2019-01-08 15:55:47.000000', NULL, '2019-01-08 16:04:54.033080', NULL, NULL, NULL, '董事长');
INSERT INTO `sys_position` VALUES (4, 100001, 'employee', '员工', b'0', b'0', 33, b'1', b'0', '2019-01-08 15:55:50.000000', NULL, '2019-01-08 16:04:40.445752', NULL, NULL, NULL, 'employee');
INSERT INTO `sys_position` VALUES (5, 100001, '10023', '行业顾问', b'0', b'0', 10023, b'1', b'0', '2019-01-08 15:55:52.000000', NULL, '2019-01-08 16:04:47.113011', NULL, NULL, NULL, '10023');
INSERT INTO `sys_position` VALUES (6, 100001, '10019', '总裁', NULL, NULL, NULL, b'1', b'1', '2019-01-08 15:55:55.000000', NULL, NULL, NULL, '2019-01-08 15:53:59.570478', NULL, NULL);
INSERT INTO `sys_position` VALUES (7, 100001, '10025', '大堂经理', NULL, NULL, NULL, b'1', b'1', '2019-01-08 15:55:57.000000', NULL, NULL, NULL, '2019-01-08 15:53:55.532002', NULL, NULL);
INSERT INTO `sys_position` VALUES (8, 100001, 'general', '总经理', b'0', b'0', 55, b'1', b'0', '2019-01-08 15:55:59.000000', NULL, '2019-01-08 16:04:33.416889', NULL, NULL, NULL, '总经理');
INSERT INTO `sys_position` VALUES (9, 100001, '10022', '人力资源专员', NULL, NULL, NULL, b'1', b'1', '2019-01-08 15:56:02.000000', NULL, NULL, NULL, '2019-01-08 15:51:22.805515', NULL, NULL);
INSERT INTO `sys_position` VALUES (10, 100001, 'chairman', '主任', b'0', b'0', 11, b'1', b'0', '2019-01-08 15:56:05.000000', NULL, '2019-01-08 16:04:27.264136', NULL, NULL, NULL, 'chairman');
INSERT INTO `sys_position` VALUES (11, 100001, '10018', '行政助理', b'0', b'0', 6, b'1', b'0', '2019-01-08 15:56:08.000000', NULL, '2019-01-08 16:04:12.052934', NULL, NULL, NULL, '行政助理');
INSERT INTO `sys_position` VALUES (12, 100001, 'fileattache', '档案专员', NULL, NULL, NULL, b'1', b'1', '2019-01-08 15:56:11.000000', NULL, NULL, NULL, '2019-01-08 15:51:18.835761', NULL, NULL);
INSERT INTO `sys_position` VALUES (13, 100001, '10020', '首席执行官', b'0', b'0', 6, b'1', b'0', '2019-01-08 15:56:13.000000', NULL, '2019-01-08 16:04:02.529579', NULL, NULL, NULL, '首席执行官');
INSERT INTO `sys_position` VALUES (14, 100001, 'director', '总监', b'0', b'0', 5, b'1', b'0', '2019-01-08 15:56:17.000000', NULL, '2019-01-08 16:03:55.289670', NULL, NULL, NULL, '总监');
INSERT INTO `sys_position` VALUES (15, 100001, 'charge', '主管', b'0', b'0', 4, b'1', b'0', '2019-01-08 15:56:20.000000', NULL, '2019-01-08 16:03:47.973164', NULL, NULL, NULL, '主管');
INSERT INTO `sys_position` VALUES (16, 100001, 'vicegeneral', '副总经理', b'0', b'0', 3, b'1', b'0', '2019-01-08 15:56:23.000000', NULL, '2019-01-08 16:03:42.157665', NULL, NULL, NULL, '副总经理');
INSERT INTO `sys_position` VALUES (17, 100001, 'engineer', '高级工程', b'0', b'0', 2, b'1', b'0', '2019-01-08 15:56:26.000000', NULL, '2019-01-08 16:03:33.804408', NULL, NULL, NULL, '高级工程');

-- ----------------------------
-- Table structure for sys_resource
-- ----------------------------
DROP TABLE IF EXISTS `sys_resource`;
CREATE TABLE `sys_resource`  (
  `Id` bigint(20) NOT NULL AUTO_INCREMENT,
  `ParentId` bigint(20) NOT NULL,
  `Layers` int(11) NULL DEFAULT NULL,
  `EnCode` longtext CHARACTER SET utf8 COLLATE utf8_general_ci NULL,
  `FullName` longtext CHARACTER SET utf8 COLLATE utf8_general_ci NULL,
  `Icon` longtext CHARACTER SET utf8 COLLATE utf8_general_ci NULL,
  `UrlAddress` longtext CHARACTER SET utf8 COLLATE utf8_general_ci NULL,
  `Target` longtext CHARACTER SET utf8 COLLATE utf8_general_ci NULL,
  `IsMenu` bit(1) NULL DEFAULT NULL,
  `IsExpand` bit(1) NULL DEFAULT NULL,
  `IsPublic` bit(1) NULL DEFAULT NULL,
  `IsDisplay` bit(1) NULL DEFAULT NULL,
  `AllowEdit` bit(1) NULL DEFAULT NULL,
  `AllowDelete` bit(1) NULL DEFAULT NULL,
  `SortCode` int(11) NULL DEFAULT NULL,
  `DeletedMark` bit(1) NULL DEFAULT NULL,
  `EnabledMark` bit(1) NULL DEFAULT NULL,
  `Description` longtext CHARACTER SET utf8 COLLATE utf8_general_ci NULL,
  `CreationTime` datetime(6) NULL DEFAULT NULL,
  `CreatorUserId` bigint(20) NULL DEFAULT NULL,
  `LastModificationTime` datetime(6) NULL DEFAULT NULL,
  `LastModifierUserId` bigint(20) NULL DEFAULT NULL,
  `DeletionTime` datetime(6) NULL DEFAULT NULL,
  `DeleterUserId` bigint(20) NULL DEFAULT NULL,
  `ObjectType` longtext CHARACTER SET utf8 COLLATE utf8_general_ci NULL,
  `Location` int(11) NULL DEFAULT NULL,
  `JsEvent` longtext CHARACTER SET utf8 COLLATE utf8_general_ci NULL,
  `Split` bit(1) NULL DEFAULT NULL,
  `PermissionCode` longtext CHARACTER SET utf8 COLLATE utf8_general_ci NULL,
  `Module` longtext CHARACTER SET utf8 COLLATE utf8_general_ci NULL,
  PRIMARY KEY (`Id`) USING BTREE
) ENGINE = InnoDB AUTO_INCREMENT = 1095942482149117953 CHARACTER SET = utf8 COLLATE = utf8_general_ci ROW_FORMAT = Dynamic;

-- ----------------------------
-- Records of sys_resource
-- ----------------------------
INSERT INTO `sys_resource` VALUES (1, 0, NULL, NULL, '系统管理', 'fa fa-th-large', '&nbsp;', 'expand', b'0', b'0', b'0', b'1', b'0', b'0', 1, b'0', b'1', '&nbsp;', NULL, NULL, '2018-08-26 19:38:11.839387', NULL, NULL, NULL, 'Menu', NULL, NULL, NULL, 'SystemManage', 'System');
INSERT INTO `sys_resource` VALUES (2, 1, NULL, NULL, '机构管理', 'fa fa-th-large', '/SystemManage/Organize/Index', 'iframe', b'0', b'0', b'0', b'1', b'0', b'0', 1, b'0', b'1', '&nbsp;', NULL, NULL, '2019-01-08 00:35:51.272271', NULL, NULL, NULL, 'Menu', NULL, NULL, NULL, 'SystemManage_Organize_Index', 'System');
INSERT INTO `sys_resource` VALUES (3, 1, NULL, NULL, '角色管理', 'fa fa-th-large', '/SystemManage/Role/Index', 'iframe', b'0', b'0', b'0', b'1', b'0', b'0', 1, b'0', b'1', '&nbsp;', NULL, NULL, '2018-08-26 19:38:52.760442', NULL, NULL, NULL, 'Menu', NULL, NULL, NULL, 'SystemManage_Role_Index', 'System');
INSERT INTO `sys_resource` VALUES (4, 1, NULL, NULL, '岗位管理', 'fa fa-th-large', '/SystemManage/Position/Index', 'iframe', b'0', b'0', b'0', b'1', b'0', b'0', 1, b'0', b'1', '&nbsp;', NULL, NULL, '2019-01-25 23:07:50.362036', NULL, NULL, NULL, 'Menu', NULL, NULL, NULL, 'SystemManage_Position_Index', 'System');
INSERT INTO `sys_resource` VALUES (5, 1, NULL, NULL, '用户管理', 'fa fa-th-large', '/SystemManage/User/Index', 'iframe', b'0', b'0', b'0', b'1', b'0', b'0', 1, b'0', b'1', '&nbsp;', NULL, NULL, '2018-08-26 19:39:33.150148', NULL, NULL, NULL, 'Menu', NULL, NULL, NULL, 'SystemManage_User_Index', 'System');
INSERT INTO `sys_resource` VALUES (6, 1, NULL, NULL, '区域管理', 'fa fa-th-large', '/SystemManage/Area/Index', 'iframe', b'0', b'0', b'0', b'1', b'0', b'0', 1, b'0', b'1', '&nbsp;', NULL, NULL, '2018-09-12 17:11:40.397998', NULL, NULL, NULL, 'Menu', NULL, NULL, NULL, 'SystemManage_Area_Index', 'System');
INSERT INTO `sys_resource` VALUES (7, 1, NULL, NULL, '数据字典', 'fa fa-th-large', '/SystemManage/DictItem/Index', 'iframe', b'0', b'0', b'0', b'1', b'0', b'0', 1, b'0', b'1', '&nbsp;', NULL, NULL, '2019-01-09 09:30:41.129507', NULL, NULL, NULL, 'Menu', NULL, NULL, NULL, 'SystemManage_DictItem_Index', 'System');
INSERT INTO `sys_resource` VALUES (8, 1, NULL, NULL, '系统菜单', 'fa fa-th-large', '/SystemManage/Menu/Index', 'iframe', b'0', b'0', b'0', b'1', b'0', b'0', 1, b'0', b'1', '&nbsp;', NULL, NULL, '2018-08-26 19:40:00.714633', NULL, NULL, NULL, 'Menu', NULL, NULL, NULL, 'SystemManage_Menu_Index', 'System');
INSERT INTO `sys_resource` VALUES (9, 2, NULL, 'NF-Add', '新增', 'fa fa-th-large', '&nbsp;', NULL, NULL, NULL, b'0', NULL, b'0', b'0', 1, b'0', b'1', '&nbsp;', NULL, NULL, '2019-01-04 09:05:33.407776', NULL, NULL, NULL, 'Button', 1, '&nbsp;', b'0', 'SystemManage_Organize_Form', NULL);
INSERT INTO `sys_resource` VALUES (10, 2, NULL, 'NF-Edit', '编辑', 'fa fa-th-large', '&nbsp;', NULL, NULL, NULL, b'0', NULL, b'0', b'0', 2, b'0', b'1', '&nbsp;', NULL, NULL, '2019-01-04 09:08:42.267620', NULL, NULL, NULL, 'Button', 2, '&nbsp;', b'0', 'SystemManage_Organize_Form', NULL);
INSERT INTO `sys_resource` VALUES (11, 2, NULL, 'NF-Details', '查看', 'fa fa-th-large', '&nbsp;', NULL, NULL, NULL, b'0', NULL, b'0', b'0', 3, b'0', b'1', '&nbsp;', NULL, NULL, '2019-01-04 09:09:02.186966', NULL, NULL, NULL, 'Button', 2, '&nbsp;', b'0', 'SystemManage_Organize_Details', NULL);
INSERT INTO `sys_resource` VALUES (12, 2, NULL, 'NF-Delete', '删除', 'fa fa-th-large', '&nbsp;', NULL, NULL, NULL, b'0', NULL, b'0', b'0', 4, b'0', b'1', '&nbsp;', NULL, NULL, '2019-01-04 09:15:25.265193', NULL, NULL, NULL, 'Button', 2, '&nbsp;', b'0', 'SystemManage_Organize_DeleteForm', NULL);
INSERT INTO `sys_resource` VALUES (13, 3, NULL, 'NF-Add', '新增', 'fa fa-th-large', NULL, NULL, NULL, NULL, NULL, b'1', NULL, NULL, NULL, b'0', b'1', NULL, NULL, NULL, NULL, NULL, NULL, NULL, 'Button', NULL, NULL, NULL, 'SystemManage_Role_Form', 'System');
INSERT INTO `sys_resource` VALUES (14, 3, NULL, 'NF-Edit', '编辑', 'fa fa-th-large', NULL, NULL, NULL, NULL, NULL, b'1', NULL, NULL, NULL, b'0', b'1', NULL, NULL, NULL, NULL, NULL, NULL, NULL, 'Button', NULL, NULL, NULL, 'SystemManage_Role_Form', 'System');
INSERT INTO `sys_resource` VALUES (15, 3, NULL, 'NF-Details', '查看', 'fa fa-th-large', NULL, NULL, NULL, NULL, NULL, b'1', NULL, NULL, NULL, b'0', b'1', NULL, NULL, NULL, NULL, NULL, NULL, NULL, 'Button', NULL, NULL, NULL, 'SystemManage_Role_Details', 'System');
INSERT INTO `sys_resource` VALUES (16, 3, NULL, 'NF-Delete', '删除', 'fa fa-th-large', NULL, NULL, NULL, NULL, NULL, b'1', NULL, NULL, NULL, b'0', b'1', NULL, NULL, NULL, NULL, NULL, NULL, NULL, 'Button', NULL, NULL, NULL, 'SystemManage_Role_Delete', 'System');
INSERT INTO `sys_resource` VALUES (17, 4, NULL, 'NF-Add', '新增', 'fa fa-th-large', '&nbsp;', NULL, NULL, NULL, b'0', NULL, b'0', b'0', 1, b'0', b'1', '&nbsp;', NULL, NULL, '2019-01-25 23:08:00.332550', NULL, NULL, NULL, 'Button', 1, '&nbsp;', b'0', 'SystemManage_Position_Form', NULL);
INSERT INTO `sys_resource` VALUES (18, 4, NULL, 'NF-Edit', '编辑', 'fa fa-th-large', '&nbsp;', NULL, NULL, NULL, b'0', NULL, b'0', b'0', 2, b'0', b'1', '&nbsp;', NULL, NULL, '2019-01-25 23:08:06.222805', NULL, NULL, NULL, 'Button', 2, '&nbsp;', b'0', 'SystemManage_Position_Form', NULL);
INSERT INTO `sys_resource` VALUES (19, 4, NULL, 'NF-Details', '查看', 'fa fa-th-large', '&nbsp;', NULL, NULL, NULL, b'0', NULL, b'0', b'0', 3, b'0', b'1', '&nbsp;', NULL, NULL, '2019-01-25 23:08:11.388386', NULL, NULL, NULL, 'Button', 2, '&nbsp;', b'0', 'SystemManage_Position_Details', NULL);
INSERT INTO `sys_resource` VALUES (20, 4, NULL, 'NF-Delete', '删除', 'fa fa-th-large', '&nbsp;', NULL, NULL, NULL, b'0', NULL, b'0', b'0', 4, b'0', b'1', '&nbsp;', NULL, NULL, '2019-01-25 23:08:17.230391', NULL, NULL, NULL, 'Button', 2, '&nbsp;', b'0', 'SystemManage_Position_Delete', NULL);
INSERT INTO `sys_resource` VALUES (21, 5, NULL, 'NF-Add', '新增', 'fa fa-th-large', '&nbsp;', NULL, NULL, NULL, b'0', NULL, b'0', b'0', 1, b'0', b'1', '&nbsp;', NULL, NULL, '2019-01-09 14:17:54.032972', NULL, NULL, NULL, 'Button', 1, '&nbsp;', b'0', 'SystemManage_User_Form', NULL);
INSERT INTO `sys_resource` VALUES (22, 5, NULL, 'NF-Edit', '编辑', 'fa fa-th-large', '&nbsp;', NULL, NULL, NULL, b'0', NULL, b'0', b'0', 2, b'0', b'1', '&nbsp;', NULL, NULL, '2019-01-09 14:18:05.267306', NULL, NULL, NULL, 'Button', 2, '&nbsp;', b'0', 'SystemManage_User_Form', NULL);
INSERT INTO `sys_resource` VALUES (23, 5, NULL, 'NF-Details', '查看', 'fa fa-th-large', '&nbsp;', NULL, NULL, NULL, b'0', NULL, b'0', b'0', 3, b'0', b'1', '&nbsp;', NULL, NULL, '2019-01-09 14:18:26.451911', NULL, NULL, NULL, 'Button', 2, '&nbsp;', b'0', 'SystemManage_User_Details', NULL);
INSERT INTO `sys_resource` VALUES (24, 5, NULL, 'NF-Delete', '删除', 'fa fa-th-large', '&nbsp;', NULL, NULL, NULL, b'0', NULL, b'0', b'0', 7, b'0', b'1', '&nbsp;', NULL, NULL, '2019-01-09 14:20:08.712749', NULL, NULL, NULL, 'Button', 2, '&nbsp;', b'0', 'SystemManage_User_Delete', NULL);
INSERT INTO `sys_resource` VALUES (25, 6, NULL, 'NF-Add', '新增', 'fa fa-th-large', '/SystemManage/Area/Form', NULL, NULL, NULL, NULL, b'1', NULL, NULL, NULL, b'0', b'1', NULL, NULL, NULL, NULL, NULL, NULL, NULL, 'Button', NULL, NULL, NULL, 'SystemManage_Area_Form', 'System');
INSERT INTO `sys_resource` VALUES (26, 6, NULL, 'NF-Edit', '编辑', 'fa fa-th-large', '/SystemManage/Area/Form', NULL, NULL, NULL, NULL, b'1', NULL, NULL, NULL, b'0', b'1', NULL, NULL, NULL, NULL, NULL, NULL, NULL, 'Button', NULL, NULL, NULL, 'SystemManage_Area_Form', 'System');
INSERT INTO `sys_resource` VALUES (27, 6, NULL, 'NF-Details', '查看', 'fa fa-th-large', '/SystemManage/Area/Details', NULL, NULL, NULL, NULL, b'1', NULL, NULL, NULL, b'0', b'1', NULL, NULL, NULL, NULL, NULL, NULL, NULL, 'Button', NULL, NULL, NULL, 'SystemManage_Area_Details', 'System');
INSERT INTO `sys_resource` VALUES (28, 6, NULL, 'NF-Delete', '删除', 'fa fa-th-large', '/SystemManage/Area/DeleteForm', NULL, NULL, NULL, NULL, b'1', NULL, NULL, NULL, b'0', b'1', NULL, NULL, NULL, NULL, NULL, NULL, NULL, 'Button', NULL, NULL, NULL, 'SystemManage_Area_DeleteForm', 'System');
INSERT INTO `sys_resource` VALUES (29, 7, NULL, 'NF-Add', '新增', 'fa fa-th-large', '&nbsp;', NULL, NULL, NULL, b'0', NULL, b'0', b'0', 1, b'0', b'1', '&nbsp;', NULL, NULL, '2019-01-09 09:31:07.352922', NULL, NULL, NULL, 'Button', 1, '&nbsp;', b'0', 'SystemManage_DictItem_Form', NULL);
INSERT INTO `sys_resource` VALUES (30, 7, NULL, 'NF-Edit', '编辑', 'fa fa-th-large', '&nbsp;', NULL, NULL, NULL, b'0', NULL, b'0', b'0', 2, b'0', b'1', '&nbsp;', NULL, NULL, '2019-01-09 09:31:43.588569', NULL, NULL, NULL, 'Button', 2, '&nbsp;', b'0', 'SystemManage_DictItem_Form', NULL);
INSERT INTO `sys_resource` VALUES (31, 7, NULL, 'NF-Details', '查看', 'fa fa-th-large', '&nbsp;', NULL, NULL, NULL, b'0', NULL, b'0', b'0', 3, b'0', b'1', '&nbsp;', NULL, NULL, '2019-01-09 14:47:38.553453', NULL, NULL, NULL, 'Button', 2, '&nbsp;', b'0', 'SystemManage_DictItem_Details', NULL);
INSERT INTO `sys_resource` VALUES (32, 7, NULL, 'NF-Delete', '删除', 'fa fa-th-large', '&nbsp;', NULL, NULL, NULL, b'0', NULL, b'0', b'0', 4, b'0', b'1', '&nbsp;', NULL, NULL, '2019-01-09 09:31:55.826814', NULL, NULL, NULL, 'Button', 2, '&nbsp;', b'0', 'SystemManage_DictItem_Delete', NULL);
INSERT INTO `sys_resource` VALUES (33, 8, NULL, 'NF-Add', '新增', 'fa fa-th-large', NULL, NULL, NULL, NULL, NULL, b'1', NULL, NULL, NULL, b'0', b'1', NULL, NULL, NULL, NULL, NULL, NULL, NULL, 'Button', NULL, NULL, NULL, 'SystemManage_Menu_Form', 'System');
INSERT INTO `sys_resource` VALUES (34, 8, NULL, 'NF-Edit', '编辑', 'fa fa-th-large', NULL, NULL, NULL, NULL, NULL, b'1', NULL, NULL, NULL, b'0', b'1', NULL, NULL, NULL, NULL, NULL, NULL, NULL, 'Button', NULL, NULL, NULL, 'SystemManage_Menu_Form', 'System');
INSERT INTO `sys_resource` VALUES (35, 8, NULL, 'NF-Details', '查看', 'fa fa-th-large', NULL, NULL, NULL, NULL, NULL, b'1', NULL, NULL, NULL, b'0', b'1', NULL, NULL, NULL, NULL, NULL, '2019-01-09 09:11:15.131038', NULL, 'Button', NULL, NULL, NULL, 'SystemManage_Menu_Details', 'System');
INSERT INTO `sys_resource` VALUES (36, 8, NULL, 'NF-Delete', '删除', 'fa fa-th-large', NULL, NULL, NULL, NULL, NULL, b'1', NULL, NULL, NULL, b'0', b'1', NULL, NULL, NULL, NULL, NULL, NULL, NULL, 'Button', NULL, NULL, NULL, 'SystemManage_Menu_Delete', 'System');
INSERT INTO `sys_resource` VALUES (37, 7, NULL, 'NF-Dict', '字典', 'fa fa-th-large', '&nbsp;', NULL, NULL, NULL, b'0', NULL, b'0', b'0', 5, b'0', b'1', '&nbsp;', NULL, NULL, '2019-01-09 09:32:19.023181', NULL, NULL, NULL, 'Button', 2, '&nbsp;', b'0', 'SystemManage_Dict_Index', NULL);
INSERT INTO `sys_resource` VALUES (38, 5, NULL, 'NF-ResetPassword', '重置密码', 'fa fa-th-large', '&nbsp;', NULL, NULL, NULL, b'0', NULL, b'0', b'0', 4, b'0', b'1', '&nbsp;', NULL, NULL, '2019-01-09 14:19:04.827876', NULL, NULL, NULL, 'Button', 2, '&nbsp;', b'0', 'SystemManage_User_ResetPassword', NULL);
INSERT INTO `sys_resource` VALUES (39, 5, NULL, 'NF-Enabled', '启用', 'fa fa-th-large', '&nbsp;', NULL, NULL, NULL, b'0', NULL, b'0', b'0', 6, b'0', b'1', '&nbsp;', NULL, NULL, '2019-01-09 14:19:22.358536', NULL, NULL, NULL, 'Button', 2, '&nbsp;', b'0', 'SystemManage_User_Enabled', NULL);
INSERT INTO `sys_resource` VALUES (40, 5, NULL, 'NF-Disabled', '禁用', 'fa fa-th-large', '&nbsp;', NULL, NULL, NULL, b'0', NULL, b'0', b'0', 6, b'0', b'1', '&nbsp;', NULL, NULL, '2019-01-09 14:19:45.980332', NULL, NULL, NULL, 'Button', 2, '&nbsp;', b'0', 'SystemManage_User_Disabled', NULL);
INSERT INTO `sys_resource` VALUES (41, 8, NULL, 'NF-MenuButton', '菜单按钮', 'fa fa-th-large', '/SystemManage/MenuButton/Index', 'iframe', b'0', b'0', b'0', b'1', b'0', b'0', NULL, b'0', b'1', NULL, NULL, NULL, NULL, NULL, NULL, NULL, 'Button', NULL, NULL, NULL, 'SystemManage_MenuButton_Index', 'System');
INSERT INTO `sys_resource` VALUES (1039708555701260288, 0, NULL, NULL, '微信管理', 'fa fa-th-large', '&nbsp;', 'expand', b'0', b'0', b'0', b'0', b'0', b'0', 12, b'0', b'1', '&nbsp;', NULL, NULL, '2019-01-27 10:47:52.321164', NULL, NULL, NULL, 'Menu', NULL, NULL, NULL, '1', 'Weixin');
INSERT INTO `sys_resource` VALUES (1039708779706454016, 1039708555701260288, NULL, NULL, '用户管理', 'fa fa-th-large', '&nbsp;', 'expand', b'0', b'0', b'0', b'0', b'0', b'0', 1, b'0', b'1', '&nbsp;', NULL, NULL, '2018-09-26 14:53:03.068724', NULL, NULL, NULL, 'Menu', NULL, NULL, NULL, '1', 'Weixin');
INSERT INTO `sys_resource` VALUES (1039708779706454017, 1039708779706454016, NULL, NULL, '用户列表', 'fa fa-th-large', '/WeixinManage/WxUser/Index', 'iframe', b'0', b'0', b'0', b'0', b'0', b'0', 1, b'0', b'1', '&nbsp;', NULL, NULL, '2018-09-26 14:52:57.585420', NULL, NULL, NULL, 'Menu', NULL, NULL, NULL, '1', 'Weixin');
INSERT INTO `sys_resource` VALUES (1039708779706454018, 1039708779706454016, NULL, NULL, '用户标签', 'fa fa-th-large', '/WeixinManage/WxTag/Index', 'iframe', b'0', b'0', b'0', b'0', b'0', b'0', 2, b'0', b'1', '&nbsp;', NULL, NULL, '2018-09-26 14:53:19.730450', NULL, NULL, NULL, 'Menu', NULL, NULL, NULL, '2', 'Weixin');
INSERT INTO `sys_resource` VALUES (1039708779706454019, 1039708555701260288, NULL, NULL, '素材管理', 'fa fa-th-large', '&nbsp;', 'expand', b'0', b'0', b'0', b'0', b'0', b'0', 3, b'0', b'1', '&nbsp;', NULL, NULL, '2018-12-27 10:29:53.214213', NULL, NULL, NULL, 'Menu', NULL, NULL, NULL, '2', 'Weixin');
INSERT INTO `sys_resource` VALUES (1039708779706454020, 1039708779706454019, NULL, NULL, '文本素材', 'fa fa-th-large', '/WeixinManage/WxText/Index', 'iframe', b'0', b'0', b'0', b'0', b'0', b'0', 1, b'0', b'1', '&nbsp;', NULL, NULL, '2018-09-26 14:53:41.525681', NULL, NULL, NULL, 'Menu', NULL, NULL, NULL, '1', 'Weixin');
INSERT INTO `sys_resource` VALUES (1039708779706454021, 1039708779706454019, NULL, NULL, '图片素材', 'fa fa-th-large', '/WeixinManage/WxImage/Index', 'iframe', b'0', b'0', b'0', b'0', b'0', b'0', 2, b'0', b'1', '&nbsp;', NULL, NULL, '2018-09-26 14:53:54.997549', NULL, NULL, NULL, 'Menu', NULL, NULL, NULL, '2', 'Weixin');
INSERT INTO `sys_resource` VALUES (1039708779706454022, 1039708779706454019, NULL, NULL, '图文素材', 'fa fa-th-large', '/WeixinManage/WxNews/Index', 'iframe', b'0', b'0', b'0', b'0', b'0', b'0', 3, b'0', b'1', '&nbsp;', NULL, NULL, '2018-09-26 14:54:31.348213', NULL, NULL, NULL, 'Menu', NULL, NULL, NULL, '3', 'Weixin');
INSERT INTO `sys_resource` VALUES (1055090255939637248, 0, NULL, NULL, '常用示例', 'fa fa-th-large', '&nbsp;', 'expand', b'0', b'0', b'0', b'1', b'0', b'0', 99, b'0', b'1', '&nbsp;', NULL, NULL, '2019-01-26 21:33:58.819722', NULL, NULL, NULL, 'Menu', NULL, NULL, NULL, '1', 'Example');
INSERT INTO `sys_resource` VALUES (1055091815180537856, 1055090255939637248, NULL, NULL, '搜索结果', 'fa fa-th-large', '/ExampleManage/Home/SearchResults', 'iframe', b'0', b'0', b'0', b'1', b'0', b'0', 99, b'0', b'1', '&nbsp;', NULL, NULL, '2019-01-25 23:09:41.307360', NULL, NULL, NULL, 'Menu', NULL, NULL, NULL, '1', 'Example');
INSERT INTO `sys_resource` VALUES (1055096967866224640, 1055090255939637248, NULL, NULL, '论坛', 'fa fa-th-large', '/ExampleManage/Home/ForumMain', 'iframe', b'0', b'0', b'0', b'1', b'0', b'0', 97, b'0', b'1', '&nbsp;', NULL, NULL, '2019-01-25 23:09:53.990456', NULL, NULL, NULL, 'Menu', NULL, NULL, NULL, '/ExampleManage/Home/ForumMain', 'Example');
INSERT INTO `sys_resource` VALUES (1055352444604780544, 1055090255939637248, NULL, NULL, '客户管理', 'fa fa-th-large', '/ExampleManage/Home/Clients', 'iframe', b'0', b'0', b'0', b'0', b'0', b'0', 98, b'0', b'1', '3', NULL, NULL, '2019-01-25 23:09:47.596419', NULL, NULL, NULL, 'Menu', NULL, NULL, NULL, '3', 'Example');
INSERT INTO `sys_resource` VALUES (1070727251030577152, 1039708555701260288, NULL, NULL, '菜单管理', 'fa fa-th-large', '&nbsp;', 'expand', b'0', b'0', b'0', b'0', b'0', b'0', 2, b'0', b'1', '&nbsp;', NULL, NULL, '2018-12-27 10:30:39.659439', NULL, NULL, NULL, 'Menu', NULL, NULL, NULL, '1', 'Weixin');
INSERT INTO `sys_resource` VALUES (1070727484540063744, 1070727251030577152, NULL, NULL, '自定义菜单', 'fa fa-th-large', '/WeixinManage/WxMenu/Index', 'iframe', b'0', b'0', b'0', b'0', b'0', b'0', 1, b'0', b'1', '&nbsp;', NULL, NULL, '2018-12-08 00:15:02.662703', NULL, NULL, NULL, 'Menu', NULL, NULL, NULL, '1', 'Weixin');
INSERT INTO `sys_resource` VALUES (1081090512116649984, 1082542708943360000, NULL, NULL, '登录日志', 'fa fa-th-large', '/SystemManage/LoginLog/Index', 'iframe', b'0', b'0', b'0', b'1', b'0', b'0', 1, b'0', b'1', '&nbsp;', NULL, NULL, '2019-01-08 15:41:21.896606', NULL, NULL, NULL, 'Menu', NULL, NULL, NULL, 'SystemManage_LoginLog_Index', 'System');
INSERT INTO `sys_resource` VALUES (1082531367444680704, 1082542708943360000, NULL, NULL, '操作日志', 'fa fa-th-large', '/SystemManage/OperateLog/Index', 'iframe', b'0', b'0', b'0', b'1', b'0', b'0', 2, b'0', b'1', '&nbsp;', NULL, NULL, '2019-01-08 15:41:38.638508', NULL, NULL, NULL, 'Menu', NULL, NULL, NULL, 'SystemManage_OperateLog_Index', 'System');
INSERT INTO `sys_resource` VALUES (1082542708943360000, 1088816067578564608, NULL, NULL, '日志管理', 'fa fa-th-large', '&nbsp;', 'expand', b'0', b'0', b'0', b'1', b'0', b'0', 2, b'0', b'1', '&nbsp;', NULL, NULL, '2019-01-25 23:11:50.687651', NULL, NULL, NULL, 'Menu', NULL, NULL, NULL, '1', 'System');
INSERT INTO `sys_resource` VALUES (1088816067578564608, 0, NULL, NULL, '系统安全', 'fa fa-th-large', NULL, 'expand', b'0', b'0', b'0', b'1', b'0', b'0', 2, b'0', b'1', NULL, '2019-01-25 23:09:14.392333', NULL, NULL, NULL, NULL, NULL, 'Menu', NULL, NULL, NULL, '1', 'Security');
INSERT INTO `sys_resource` VALUES (1088816674792148992, 1088816067578564608, NULL, NULL, '服务器监控', 'fa fa-th-large', '/SystemSecurity/ServerMonitoring/Index', 'iframe', b'0', b'0', b'0', b'1', b'0', b'0', 1, b'0', b'1', '&nbsp;', NULL, NULL, '2019-01-25 23:28:00.016759', NULL, NULL, NULL, 'Menu', NULL, NULL, NULL, 'SystemSecurity_ServerMonitoring_Index', 'Security');
INSERT INTO `sys_resource` VALUES (1088817307154780160, 1055090255939637248, NULL, NULL, '外部邮件', 'fa fa-th-large', '/ExampleManage/SendMail/Index', 'iframe', b'0', b'0', b'0', b'1', b'0', b'0', 1, b'0', b'1', NULL, '2019-01-25 23:14:09.930774', NULL, NULL, NULL, NULL, NULL, 'Menu', NULL, NULL, NULL, 'ExampleManage_SendMail_Index', 'Example');
INSERT INTO `sys_resource` VALUES (1088817556858474496, 1055090255939637248, NULL, NULL, '短信工具', 'fa fa-th-large', '/ExampleManage/SendMessages/Index', 'iframe', b'0', b'0', b'0', b'1', b'0', b'0', 2, b'0', b'1', '&nbsp;', NULL, NULL, '2019-01-25 23:27:24.298757', NULL, NULL, NULL, 'Menu', NULL, NULL, NULL, 'ExampleManage_SendMessages_Index', 'Example');
INSERT INTO `sys_resource` VALUES (1088817721405214720, 1055090255939637248, NULL, NULL, '二维码生成', 'fa fa-th-large', '/ExampleManage/BarCode/Index', 'iframe', b'0', b'0', b'0', b'1', b'0', b'0', 3, b'0', b'1', '&nbsp;', NULL, NULL, '2019-01-25 23:15:56.023322', NULL, NULL, NULL, 'Menu', NULL, NULL, NULL, 'ExampleManage_BarCode_Index', 'Example');
INSERT INTO `sys_resource` VALUES (1088818037307609088, 1055090255939637248, NULL, NULL, '打印测试', 'fa fa-th-large', '/ExampleManage/Print/Index', 'iframe', b'0', b'0', b'0', b'1', b'0', b'0', 4, b'0', b'1', '&nbsp;', NULL, NULL, '2019-01-25 23:17:14.479594', NULL, NULL, NULL, 'Menu', NULL, NULL, NULL, 'ExampleManage_Print_Index', 'Example');
INSERT INTO `sys_resource` VALUES (1088818336252432384, 1055090255939637248, NULL, NULL, '电子签章', 'fa fa-th-large', '/ExampleManage/Signet/Index', 'iframe', b'0', b'0', b'0', b'1', b'0', b'0', 5, b'0', b'1', '&nbsp;', NULL, NULL, '2019-01-25 23:21:03.334623', NULL, NULL, NULL, 'Menu', NULL, NULL, NULL, 'ExampleManage_Signet_Index', 'Example');
INSERT INTO `sys_resource` VALUES (1089154720314036224, 0, NULL, NULL, '微信公众号', 'fa fa-th-large', NULL, 'expand', b'0', b'0', b'0', b'1', b'0', b'0', 11, b'0', b'1', NULL, '2019-01-26 21:34:55.496910', NULL, NULL, NULL, NULL, NULL, 'Menu', NULL, NULL, NULL, '1', 'Weixin');
INSERT INTO `sys_resource` VALUES (1089155081133232128, 1089154720314036224, NULL, NULL, '公众号管理', 'fa fa-th-large', '/WeixinManage/WxOfficial/Index', 'iframe', b'0', b'0', b'0', b'1', b'0', b'0', 1, b'0', b'1', '&nbsp;', NULL, NULL, '2019-01-27 21:26:18.775781', NULL, NULL, NULL, 'Menu', NULL, NULL, NULL, 'WeixinManage_WxOfficial_Index', 'Weixin');
INSERT INTO `sys_resource` VALUES (1089180469758660608, 1089155081133232128, NULL, 'NF-Add', '新增', 'fa fa-th-large', '&nbsp;', NULL, NULL, NULL, b'0', NULL, b'0', b'0', 1, b'0', b'1', '&nbsp;', NULL, NULL, '2019-01-27 21:26:27.503105', NULL, NULL, NULL, 'Button', 1, '&nbsp;', b'0', 'WeixinManage_WxOfficial_Form', NULL);
INSERT INTO `sys_resource` VALUES (1089180469767049216, 1089155081133232128, NULL, 'NF-Edit', '编辑', 'fa fa-th-large', '&nbsp;', NULL, NULL, NULL, b'0', NULL, b'0', b'0', 2, b'0', b'1', '&nbsp;', NULL, NULL, '2019-01-27 21:26:33.021361', NULL, NULL, NULL, 'Button', 2, '&nbsp;', b'0', 'WeixinManage_WxOfficial_Form', NULL);
INSERT INTO `sys_resource` VALUES (1089180469775437824, 1089155081133232128, NULL, 'NF-Details', '查看', 'fa fa-th-large', '&nbsp;', NULL, NULL, NULL, b'0', NULL, b'0', b'0', 3, b'0', b'1', '&nbsp;', NULL, NULL, '2019-01-27 21:26:38.111180', NULL, NULL, NULL, 'Button', 2, '&nbsp;', b'0', 'WeixinManage_WxOfficial_Details', NULL);
INSERT INTO `sys_resource` VALUES (1089180469783826432, 1089155081133232128, NULL, 'NF-Delete', '删除', 'fa fa-th-large', '&nbsp;', NULL, NULL, NULL, b'0', NULL, b'0', b'0', 4, b'0', b'1', '&nbsp;', NULL, NULL, '2019-01-27 21:26:43.370348', NULL, NULL, NULL, 'Button', 2, '&nbsp;', b'0', 'WeixinManage_WxOfficial_DeleteForm', NULL);
INSERT INTO `sys_resource` VALUES (1089351990259093504, 1089155081133232128, NULL, 'NF-Enter', '进入', 'fa fa-th-large', '&nbsp;', NULL, NULL, NULL, b'0', NULL, b'0', b'0', 5, b'0', b'1', '&nbsp;', NULL, NULL, '2019-01-27 21:26:47.816417', NULL, NULL, NULL, 'Button', 2, '&nbsp;', b'0', 'WeixinManage_WxOfficial_Enter', NULL);
INSERT INTO `sys_resource` VALUES (1089395347727454208, 1039708779706454020, NULL, 'NF-Add', '新增', 'fa fa-th-large', '&nbsp;', NULL, NULL, NULL, b'0', NULL, b'0', b'0', 1, b'0', b'1', '&nbsp;', NULL, NULL, '2019-01-27 13:31:40.008486', NULL, NULL, NULL, 'Button', 1, '&nbsp;', b'0', 'WeixinManage_WxText_Form', NULL);
INSERT INTO `sys_resource` VALUES (1089395347740037120, 1039708779706454020, NULL, 'NF-Edit', '编辑', 'fa fa-th-large', '&nbsp;', NULL, NULL, NULL, b'0', NULL, b'0', b'0', 2, b'0', b'1', '&nbsp;', NULL, NULL, '2019-01-27 13:32:03.833894', NULL, NULL, NULL, 'Button', 2, '&nbsp;', b'0', 'WeixinManage_WxText_Form', NULL);
INSERT INTO `sys_resource` VALUES (1089395347748425728, 1039708779706454020, NULL, 'NF-Details', '查看', 'fa fa-th-large', '&nbsp;', NULL, NULL, NULL, b'0', NULL, b'0', b'0', 3, b'0', b'1', '&nbsp;', NULL, NULL, '2019-01-27 13:32:24.322073', NULL, NULL, NULL, 'Button', 2, '&nbsp;', b'0', 'WixinManage_WxText_Details', NULL);
INSERT INTO `sys_resource` VALUES (1089395347752620032, 1039708779706454020, NULL, 'NF-Delete', '删除', 'fa fa-th-large', '&nbsp;', NULL, NULL, NULL, b'0', NULL, b'0', b'0', 4, b'0', b'1', '&nbsp;', NULL, NULL, '2019-01-27 13:32:40.753874', NULL, NULL, NULL, 'Button', 2, '&nbsp;', b'0', 'WeixinManage_WxText_Delete', NULL);
INSERT INTO `sys_resource` VALUES (1089760026639339520, 1039708779706454021, NULL, 'NF-Choose', '选择图片素材', 'fa fa-th-large', '&nbsp;', NULL, NULL, NULL, b'0', NULL, b'0', b'0', 9, b'0', b'1', '&nbsp;', NULL, NULL, '2019-01-29 16:16:56.229156', NULL, NULL, NULL, 'Button', 1, '&nbsp;', b'0', 'WeixinManage_WxImage_Choose', NULL);
INSERT INTO `sys_resource` VALUES (1089760026651922432, 1039708779706454021, NULL, 'NF-Edit', '编辑图片素材', 'fa fa-th-large', '&nbsp;', NULL, NULL, NULL, b'0', NULL, b'0', b'0', 2, b'0', b'1', '&nbsp;', NULL, NULL, '2019-01-29 16:17:53.623253', NULL, NULL, NULL, 'Button', 2, '&nbsp;', b'0', 'WeixinManage_WxImage_Form', NULL);
INSERT INTO `sys_resource` VALUES (1089760026660311040, 1039708779706454022, NULL, 'NF-Add', '新增', 'fa fa-th-large', '&nbsp;', NULL, NULL, NULL, b'0', NULL, b'0', b'0', 1, b'0', b'1', '&nbsp;', NULL, NULL, '2019-01-30 10:56:42.827715', NULL, NULL, NULL, 'Button', 1, '&nbsp;', b'0', 'SystemManage_WxNews_Details', NULL);
INSERT INTO `sys_resource` VALUES (1089760026668699648, 1039708779706454021, NULL, 'NF-Upload', '上传图片素材', 'fa fa-th-large', '&nbsp;', NULL, NULL, NULL, b'0', NULL, b'0', b'0', 1, b'0', b'1', '&nbsp;', NULL, NULL, '2019-01-28 13:41:02.166526', NULL, NULL, NULL, 'Button', 1, '&nbsp;', b'0', 'WeixinManage_WxImage_Upload', NULL);
INSERT INTO `sys_resource` VALUES (1089760026672893952, 1039708779706454022, NULL, 'NF-Edit', '编辑', 'fa fa-th-large', '&nbsp;', NULL, NULL, NULL, b'0', NULL, b'0', b'0', 3, b'0', b'1', '&nbsp;', NULL, NULL, '2019-01-30 10:55:04.562031', NULL, NULL, NULL, 'Button', 2, '&nbsp;', b'0', 'WeixinManage_WxNews_Form', NULL);
INSERT INTO `sys_resource` VALUES (1089760026681282560, 1039708779706454022, NULL, 'NF-Choose', '选择', 'fa fa-th-large', '&nbsp;', NULL, NULL, NULL, b'0', NULL, b'0', b'0', 2, b'0', b'1', '&nbsp;', NULL, NULL, '2019-01-30 10:57:48.059105', NULL, NULL, NULL, 'Button', 1, '&nbsp;', b'0', 'WixinManage_WxNews_Choose', NULL);
INSERT INTO `sys_resource` VALUES (1089760026685476864, 1039708779706454021, NULL, 'NF-Delete', '删除图片素材', 'fa fa-th-large', '&nbsp;', NULL, NULL, NULL, b'0', NULL, b'0', b'0', 3, b'0', b'1', '&nbsp;', NULL, NULL, '2019-01-29 16:17:59.510321', NULL, NULL, NULL, 'Button', 2, '&nbsp;', b'0', 'WeixinManage_WxImage_Delete', NULL);
INSERT INTO `sys_resource` VALUES (1090443600434696192, 1039708779706454022, NULL, 'NF-Upload', '上传', 'fa fa-th-large', NULL, NULL, NULL, NULL, b'0', NULL, b'0', b'0', 2, b'0', b'1', NULL, '2019-01-30 10:56:28.464174', NULL, NULL, NULL, NULL, NULL, 'Button', 2, NULL, b'0', 'WeixinManage_WxNews_Upload', NULL);
INSERT INTO `sys_resource` VALUES (1090443841443598336, 1039708779706454022, NULL, 'NF-Delete', '删除', 'fa fa-th-large', NULL, NULL, NULL, NULL, b'0', NULL, b'0', b'0', 4, b'0', b'1', NULL, '2019-01-30 10:57:25.924369', NULL, NULL, NULL, NULL, NULL, 'Button', 2, NULL, b'0', 'WeixinManage_WxNews_Delete', NULL);
INSERT INTO `sys_resource` VALUES (1095938583900065792, 1, NULL, NULL, '附件管理', 'fa fa-th-large', '/SystemManage/Attach/Index', 'iframe', b'0', b'0', b'0', b'1', b'0', b'0', 1, b'0', b'1', NULL, '2019-02-14 14:51:34.614001', NULL, NULL, NULL, NULL, NULL, 'Menu', NULL, NULL, NULL, 'SystemManage_Attach_Index', 'System');
INSERT INTO `sys_resource` VALUES (1095939554088718336, 1095938583900065792, NULL, 'NF-MultiUpload', '多附件上传', 'fa fa-th-large', '/SystemManage/Attach/MultiUpload', NULL, NULL, NULL, b'0', NULL, b'0', b'0', 2, b'0', b'1', '&nbsp;', NULL, NULL, '2019-02-14 15:07:36.221461', NULL, NULL, NULL, 'Button', 1, '&nbsp;', b'0', 'SystemManage_Attach_MultiUpload', NULL);
INSERT INTO `sys_resource` VALUES (1095942482149117952, 1095938583900065792, NULL, 'NF-Upload', '附件上传', 'fa fa-th-large', '/SystemManage/Attach/Upload', NULL, NULL, NULL, b'0', NULL, b'0', b'0', 1, b'0', b'1', '&nbsp;', '2019-02-14 15:07:04.028968', NULL, NULL, NULL, NULL, NULL, 'Button', 1, '&nbsp;', b'0', 'SystemManage_Attach_Upload', NULL);

-- ----------------------------
-- Table structure for sys_role
-- ----------------------------
DROP TABLE IF EXISTS `sys_role`;
CREATE TABLE `sys_role`  (
  `Id` bigint(20) NOT NULL AUTO_INCREMENT,
  `OrganizeId` bigint(20) NULL DEFAULT NULL,
  `FullName` longtext CHARACTER SET utf8 COLLATE utf8_general_ci NULL,
  `EnCode` longtext CHARACTER SET utf8 COLLATE utf8_general_ci NULL,
  `SortCode` int(11) NULL DEFAULT NULL,
  `AllowEdit` bit(1) NULL DEFAULT NULL,
  `AllowDelete` bit(1) NULL DEFAULT NULL,
  `Description` longtext CHARACTER SET utf8 COLLATE utf8_general_ci NULL,
  `Type` longtext CHARACTER SET utf8 COLLATE utf8_general_ci NULL,
  `EnabledMark` bit(1) NULL DEFAULT NULL,
  `DeletedMark` bit(1) NULL DEFAULT NULL,
  `CreationTime` datetime(6) NULL DEFAULT NULL,
  `CreatorUserId` bigint(20) NULL DEFAULT NULL,
  `LastModificationTime` datetime(6) NULL DEFAULT NULL,
  `LastModifierUserId` bigint(20) NULL DEFAULT NULL,
  `DeletionTime` datetime(6) NULL DEFAULT NULL,
  `DeleterUserId` bigint(20) NULL DEFAULT NULL,
  PRIMARY KEY (`Id`) USING BTREE,
  INDEX `IX_Sys_Role_OrganizeId`(`OrganizeId`) USING BTREE,
  CONSTRAINT `FK_Sys_Role_Sys_Organize_OrganizeId` FOREIGN KEY (`OrganizeId`) REFERENCES `sys_organize` (`Id`) ON DELETE NO ACTION ON UPDATE RESTRICT
) ENGINE = InnoDB AUTO_INCREMENT = 1082560217348182017 CHARACTER SET = utf8 COLLATE = utf8_general_ci ROW_FORMAT = Dynamic;

-- ----------------------------
-- Records of sys_role
-- ----------------------------
INSERT INTO `sys_role` VALUES (1, 100001, '普通会员', 'member', 1, b'0', b'0', '普通会员', 'SystemRole', b'1', b'0', '2018-08-31 00:33:32.000000', NULL, '2019-01-08 16:48:59.328484', NULL, NULL, NULL);
INSERT INTO `sys_role` VALUES (8, 100001, '测试人员', 'tester', 8, b'0', b'0', '测试人员', 'BusinessRole', b'1', b'0', '2018-08-22 11:18:30.767803', NULL, '2019-01-08 16:49:05.771260', NULL, NULL, NULL);
INSERT INTO `sys_role` VALUES (30, 100001, '超级管理员', 'administrator', 999, b'0', b'0', '超级管理员', 'SystemRole', b'1', b'0', '2018-08-22 11:18:30.767803', NULL, '2019-02-14 15:07:46.820079', NULL, NULL, NULL);
INSERT INTO `sys_role` VALUES (1036862466061111296, 100001, '微信公众号用户', 'weixin', 1, b'0', b'0', '微信用户专用', 'OtherRole', b'1', b'0', '2018-09-04 14:24:10.539870', NULL, '2019-01-30 10:58:03.892190', NULL, NULL, NULL);
INSERT INTO `sys_role` VALUES (1082560217348182016, 100001, '管理员', 'system', 5, b'0', b'0', '管理员', 'SystemRole', b'1', b'0', '2019-01-08 16:50:43.469818', NULL, NULL, NULL, '2019-01-08 16:51:19.605349', NULL);

-- ----------------------------
-- Table structure for sys_user
-- ----------------------------
DROP TABLE IF EXISTS `sys_user`;
CREATE TABLE `sys_user`  (
  `Id` bigint(20) NOT NULL AUTO_INCREMENT,
  `UserName` longtext CHARACTER SET utf8 COLLATE utf8_general_ci NULL,
  `Password` longtext CHARACTER SET utf8 COLLATE utf8_general_ci NULL,
  `NickName` longtext CHARACTER SET utf8 COLLATE utf8_general_ci NULL,
  `RealName` longtext CHARACTER SET utf8 COLLATE utf8_general_ci NULL,
  `Email` longtext CHARACTER SET utf8 COLLATE utf8_general_ci NULL,
  `TelePhone` longtext CHARACTER SET utf8 COLLATE utf8_general_ci NULL,
  `MobilePhone` longtext CHARACTER SET utf8 COLLATE utf8_general_ci NULL,
  `WeChat` longtext CHARACTER SET utf8 COLLATE utf8_general_ci NULL,
  `Birthday` datetime(6) NULL DEFAULT NULL,
  `Type` tinyint(3) UNSIGNED NULL DEFAULT NULL,
  `Gender` tinyint(3) UNSIGNED NULL DEFAULT NULL,
  `LastLoginTime` datetime(6) NULL DEFAULT NULL,
  `EnabledMark` bit(1) NULL DEFAULT NULL,
  `DeletedMark` bit(1) NULL DEFAULT NULL,
  `CreationTime` datetime(6) NULL DEFAULT NULL,
  `CreatorUserId` bigint(20) NULL DEFAULT NULL,
  `LastModificationTime` datetime(6) NULL DEFAULT NULL,
  `LastModifierUserId` bigint(20) NULL DEFAULT NULL,
  `DeletionTime` datetime(6) NULL DEFAULT NULL,
  `DeleterUserId` bigint(20) NULL DEFAULT NULL,
  `CompanyId` bigint(20) NOT NULL,
  `DepartmentId` bigint(20) NOT NULL,
  `PositionId` bigint(20) NOT NULL,
  `Description` longtext CHARACTER SET utf8 COLLATE utf8_general_ci NULL,
  `SecretKey` longtext CHARACTER SET utf8 COLLATE utf8_general_ci NULL,
  `IsAdministrator` bit(1) NULL DEFAULT NULL,
  PRIMARY KEY (`Id`) USING BTREE,
  INDEX `IX_Sys_User_CompanyId`(`CompanyId`) USING BTREE,
  INDEX `IX_Sys_User_DepartmentId`(`DepartmentId`) USING BTREE,
  INDEX `IX_Sys_User_DutyId`(`PositionId`) USING BTREE
) ENGINE = InnoDB AUTO_INCREMENT = 1089173340586905601 CHARACTER SET = utf8 COLLATE = utf8_general_ci ROW_FORMAT = Dynamic;

-- ----------------------------
-- Records of sys_user
-- ----------------------------
INSERT INTO `sys_user` VALUES (1032079319188508672, 'admin', '38f2190d1e0f6863c37a04ed25453b0f', 'admin', 'admin', 'admin', NULL, 'admin', 'admin', '2018-08-22 00:00:00.000000', 1, 1, '2019-02-22 17:03:18.576237', b'1', b'0', '2018-08-22 09:37:39.458569', 1, '2018-09-05 11:12:00.524980', NULL, NULL, NULL, 100001, 100001, 2, 'admin', '31c2cc5d9385c6e6', b'1');
INSERT INTO `sys_user` VALUES (1035199422839001088, 'tester', '38f2190d1e0f6863c37a04ed25453b0f', 'tester', 'tester', 'tester', NULL, 'tester', 'tester', '2018-08-31 00:00:00.000000', 1, 1, '2018-08-31 00:24:00.000000', b'1', b'0', '2018-08-31 00:15:50.138455', 1, '2019-01-04 15:34:18.925296', NULL, '2019-01-09 14:15:14.081182', NULL, 100001, 100001, 1, 'tester', '31c2cc5d9385c6e6', b'0');
INSERT INTO `sys_user` VALUES (1035204308993445888, 'member', '38f2190d1e0f6863c37a04ed25453b0f', 'member', 'member', 'member', NULL, 'member', 'member', '2018-08-31 00:00:00.000000', 1, 1, '2018-09-04 11:17:22.250833', b'1', b'0', '2018-08-31 00:35:15.087994', 1, '2018-09-04 17:06:28.597233', NULL, '2019-01-08 16:58:13.840008', NULL, 100001, 100001, 1, 'member', '31c2cc5d9385c6e6', b'0');
INSERT INTO `sys_user` VALUES (1035359633864265728, 'flyang', 'ca7719c580d06a44b0964b9904ebb85c', 'flyang', 'flyang', 'flyang', NULL, 'flyang', 'flyang', '2018-08-31 00:00:00.000000', 1, 1, '2019-02-25 11:02:12.125216', b'1', b'0', '2018-08-31 10:52:28.386479', 1, '2019-01-08 16:58:18.556037', NULL, NULL, NULL, 100001, 100001, 1, 'weixin', '465181f8d130037f', NULL);
INSERT INTO `sys_user` VALUES (1089173340586905600, 'flyangtest', '5173182bbf29df945c3f973d2ecda590', 'flyangtest', 'flyangtest', NULL, NULL, NULL, NULL, NULL, 1, 1, '2019-02-25 10:53:18.514942', b'1', b'0', '2019-01-26 22:48:54.915561', 1, NULL, NULL, NULL, NULL, 100001, 100001, 1, NULL, 'c2b6ac74852308fd', NULL);

-- ----------------------------
-- Table structure for sys_userrole
-- ----------------------------
DROP TABLE IF EXISTS `sys_userrole`;
CREATE TABLE `sys_userrole`  (
  `UserId` bigint(20) NOT NULL,
  `RoleId` bigint(20) NOT NULL,
  `DeletedMark` bit(1) NULL DEFAULT NULL,
  PRIMARY KEY (`UserId`, `RoleId`) USING BTREE,
  INDEX `IX_Sys_UserRole_RoleId`(`RoleId`) USING BTREE,
  CONSTRAINT `FK_Sys_UserRole_Sys_Role_RoleId` FOREIGN KEY (`RoleId`) REFERENCES `sys_role` (`Id`) ON DELETE CASCADE ON UPDATE RESTRICT,
  CONSTRAINT `FK_Sys_UserRole_Sys_User_UserId` FOREIGN KEY (`UserId`) REFERENCES `sys_user` (`Id`) ON DELETE CASCADE ON UPDATE RESTRICT
) ENGINE = InnoDB CHARACTER SET = utf8 COLLATE = utf8_general_ci ROW_FORMAT = Dynamic;

-- ----------------------------
-- Records of sys_userrole
-- ----------------------------
INSERT INTO `sys_userrole` VALUES (1032079319188508672, 30, b'1');
INSERT INTO `sys_userrole` VALUES (1035199422839001088, 8, NULL);
INSERT INTO `sys_userrole` VALUES (1035204308993445888, 1, NULL);
INSERT INTO `sys_userrole` VALUES (1035359633864265728, 1036862466061111296, b'1');
INSERT INTO `sys_userrole` VALUES (1089173340586905600, 1036862466061111296, b'1');

-- ----------------------------
-- Table structure for wx_image
-- ----------------------------
DROP TABLE IF EXISTS `wx_image`;
CREATE TABLE `wx_image`  (
  `Id` bigint(20) NOT NULL AUTO_INCREMENT,
  `AppId` longtext CHARACTER SET utf8 COLLATE utf8_general_ci NULL,
  `MediaId` longtext CHARACTER SET utf8 COLLATE utf8_general_ci NULL,
  `MediaUrl` longtext CHARACTER SET utf8 COLLATE utf8_general_ci NULL,
  `FileName` longtext CHARACTER SET utf8 COLLATE utf8_general_ci NULL,
  `FileSize` bigint(20) NULL DEFAULT NULL,
  `FileExt` longtext CHARACTER SET utf8 COLLATE utf8_general_ci NULL,
  `FilePath` longtext CHARACTER SET utf8 COLLATE utf8_general_ci NULL,
  `ThumbPath` longtext CHARACTER SET utf8 COLLATE utf8_general_ci NULL,
  `DeletedMark` bit(1) NULL DEFAULT NULL,
  `CreationTime` datetime(6) NULL DEFAULT NULL,
  `CreatorUserId` bigint(20) NULL DEFAULT NULL,
  `LastModificationTime` datetime(6) NULL DEFAULT NULL,
  `LastModifierUserId` bigint(20) NULL DEFAULT NULL,
  `DeletionTime` datetime(6) NULL DEFAULT NULL,
  `DeleterUserId` bigint(20) NULL DEFAULT NULL,
  PRIMARY KEY (`Id`) USING BTREE
) ENGINE = InnoDB AUTO_INCREMENT = 1098867663796572161 CHARACTER SET = utf8 COLLATE = utf8_general_ci ROW_FORMAT = Dynamic;

-- ----------------------------
-- Records of wx_image
-- ----------------------------
INSERT INTO `wx_image` VALUES (1090477011492802560, 'wx6e629bda1c5a1477', '0', '0', 'u=1418829871,4013854514&fm=173&app=25&f=JPEG.jpg', 50679, 'jpg', '/upload/20190130/201901301309142067.jpg', '/upload/20190130/thumb_201901301309142067.jpg', b'0', '2019-01-30 13:09:14.280404', 1, NULL, NULL, NULL, NULL);
INSERT INTO `wx_image` VALUES (1090477011492802561, 'wx6e629bda1c5a1477', '0', '0', 'u=717941230,3213961603&fm=173&app=49&f=JPEG.jpg', 40389, 'jpg', '/upload/20190130/201901301309142066.jpg', '/upload/20190130/thumb_201901301309142066.jpg', b'0', '2019-01-30 13:09:14.280415', 1, NULL, NULL, NULL, NULL);
INSERT INTO `wx_image` VALUES (1090477011492802562, 'wx6e629bda1c5a1477', '0', '0', 'u=350348916,703508601&fm=173&app=49&f=JPEG.jpg', 52534, 'jpg', '/upload/20190130/201901301309142067.jpg', '/upload/20190130/thumb_201901301309142067.jpg', b'0', '2019-01-30 13:09:14.280419', 1, NULL, NULL, NULL, NULL);
INSERT INTO `wx_image` VALUES (1090477012549767168, 'wx6e629bda1c5a1477', '0', '0', 'u=3187612915,29516891&fm=173&app=49&f=JPEG.jpg', 68953, 'jpg', '/upload/20190130/201901301309145167.jpg', '/upload/20190130/thumb_201901301309145167.jpg', b'0', '2019-01-30 13:09:14.532579', 1, NULL, NULL, NULL, NULL);
INSERT INTO `wx_image` VALUES (1090477012633653248, 'wx6e629bda1c5a1477', '0', '0', 'u=3770329726,740545117&fm=173&app=49&f=JPEG.jpg', 77511, 'jpg', '/upload/20190130/201901301309145166.jpg', '/upload/20190130/thumb_201901301309145166.jpg', b'0', '2019-01-30 13:09:14.552751', 1, NULL, NULL, NULL, NULL);
INSERT INTO `wx_image` VALUES (1098866417593356288, 'wxdbda0869a7c19cdc', NULL, 'http://mmbiz.qpic.cn/mmbiz_jpg/sHYhO1XWtxgER83AvQIMbiaib7QoV777U5fM76MMyUsJeRia7zIDsTXQGywFia2iclQ7S6XaJwsWw9mEy2IMZUexlGg/0?wx_fmt=jpeg', 'u=717941230,3213961603&fm=173&app=49&f=JPEG.jpg', 40389, 'jpg', '/material/20190222/201902221645433131.jpg', '/material/20190222/thumb_201902221645433131.jpg', b'1', '2019-02-22 16:45:44.562822', 1, NULL, NULL, '2019-02-22 16:46:16.002829', NULL);
INSERT INTO `wx_image` VALUES (1098866417593356289, 'wxdbda0869a7c19cdc', NULL, 'http://mmbiz.qpic.cn/mmbiz_jpg/sHYhO1XWtxgER83AvQIMbiaib7QoV777U5fM76MMyUsJeRia7zIDsTXQGywFia2iclQ7S6XaJwsWw9mEy2IMZUexlGg/0?wx_fmt=jpeg', 'u=1418829871,4013854514&fm=173&app=25&f=JPEG.jpg', 50679, 'jpg', '/material/20190222/201902221645433131.jpg', '/material/20190222/thumb_201902221645433131.jpg', b'1', '2019-02-22 16:45:44.562830', 1, NULL, NULL, '2019-02-22 16:46:12.869913', NULL);
INSERT INTO `wx_image` VALUES (1098866418549657600, 'wxdbda0869a7c19cdc', NULL, 'http://mmbiz.qpic.cn/mmbiz_jpg/sHYhO1XWtxgER83AvQIMbiaib7QoV777U5VrmPM7AxM0ZppBUo2pMgg9opearPmqcDlicLibbtM0djUbUXfGLmmkkw/0?wx_fmt=jpeg', 'u=3187612915,29516891&fm=173&app=49&f=JPEG.jpg', 68953, 'jpg', '/material/20190222/201902221645438103.jpg', '/material/20190222/thumb_201902221645438103.jpg', b'1', '2019-02-22 16:45:44.790070', 1, NULL, NULL, '2019-02-22 16:46:09.774207', NULL);
INSERT INTO `wx_image` VALUES (1098866423649931264, 'wxdbda0869a7c19cdc', NULL, 'http://mmbiz.qpic.cn/mmbiz_jpg/sHYhO1XWtxgER83AvQIMbiaib7QoV777U5h5u0vZc91GeXVIZYyJibTsqhmqPqwRbXpwXfTvPGXcxrJ1lq5vNq1LQ/0?wx_fmt=jpeg', 'u=3770329726,740545117&fm=173&app=49&f=JPEG.jpg', 77511, 'jpg', '/material/20190222/201902221645449141.jpg', '/material/20190222/thumb_201902221645449141.jpg', b'1', '2019-02-22 16:45:46.006960', 1, NULL, NULL, '2019-02-22 16:46:06.706839', NULL);
INSERT INTO `wx_image` VALUES (1098866424807559168, 'wxdbda0869a7c19cdc', NULL, 'http://mmbiz.qpic.cn/mmbiz_jpg/sHYhO1XWtxgER83AvQIMbiaib7QoV777U5Vt3sC1yR8ZeoicLOeut6XwaA3d7dwyXz3RoiaBKiadlJ9ZqUO7Co853icw/0?wx_fmt=jpeg', 'W020190213103850086486.jpg', 87003, 'jpg', '/material/20190222/201902221645451911.jpg', '/material/20190222/thumb_201902221645451911.jpg', b'1', '2019-02-22 16:45:46.282653', 1, NULL, NULL, '2019-02-22 16:46:03.663816', NULL);
INSERT INTO `wx_image` VALUES (1098866424820142080, 'wxdbda0869a7c19cdc', NULL, 'http://mmbiz.qpic.cn/mmbiz_jpg/sHYhO1XWtxgER83AvQIMbiaib7QoV777U5X9m0eng6uIGrPGomiaibE33wB59Nz8tAeBQc0qicB0cicxlo5Od92bwlRA/0?wx_fmt=jpeg', 'W020190213103850056585.jpg', 120221, 'jpg', '/material/20190222/201902221645451184.jpg', '/material/20190222/thumb_201902221645451184.jpg', b'1', '2019-02-22 16:45:46.285834', 1, NULL, NULL, '2019-02-22 16:46:00.297484', NULL);
INSERT INTO `wx_image` VALUES (1098866600062357504, 'wxdbda0869a7c19cdc', NULL, 'http://mmbiz.qpic.cn/mmbiz_jpg/sHYhO1XWtxgER83AvQIMbiaib7QoV777U57QDMqfp2dYfHbDvM6iaHCVJ7Rgr2uicJYmVKK5URxVpUrjvEbEOeAib3w/0?wx_fmt=jpeg', 'u=350348916,703508601&fm=173&app=49&f=JPEG.jpg', 52534, 'jpg', '/material/20190222/201902221646271897.jpg', '/material/20190222/thumb_201902221646271897.jpg', b'1', '2019-02-22 16:46:28.066631', 1, NULL, NULL, '2019-02-22 16:47:49.443340', NULL);
INSERT INTO `wx_image` VALUES (1098866600188186624, 'wxdbda0869a7c19cdc', NULL, 'http://mmbiz.qpic.cn/mmbiz_jpg/sHYhO1XWtxgER83AvQIMbiaib7QoV777U5WdqeGbtg5oP0kvsKgHHvm8EiaBhjurc5ZYW5mje9k8tGVFK6VQibrC8w/0?wx_fmt=jpeg', 'u=717941230,3213961603&fm=173&app=49&f=JPEG.jpg', 40389, 'jpg', '/material/20190222/201902221646271897.jpg', '/material/20190222/thumb_201902221646271897.jpg', b'1', '2019-02-22 16:46:28.096083', 1, NULL, NULL, '2019-02-22 16:47:46.514358', NULL);
INSERT INTO `wx_image` VALUES (1098866600192380928, 'wxdbda0869a7c19cdc', NULL, 'http://mmbiz.qpic.cn/mmbiz_jpg/sHYhO1XWtxgER83AvQIMbiaib7QoV777U5fM76MMyUsJeRia7zIDsTXQGywFia2iclQ7S6XaJwsWw9mEy2IMZUexlGg/0?wx_fmt=jpeg', 'u=1418829871,4013854514&fm=173&app=25&f=JPEG.jpg', 50679, 'jpg', '/material/20190222/201902221646271903.jpg', '/material/20190222/thumb_201902221646271903.jpg', b'1', '2019-02-22 16:46:28.097553', 1, NULL, NULL, '2019-02-22 16:47:43.148518', NULL);
INSERT INTO `wx_image` VALUES (1098866604894195712, 'wxdbda0869a7c19cdc', NULL, 'http://mmbiz.qpic.cn/mmbiz_jpg/sHYhO1XWtxgER83AvQIMbiaib7QoV777U5X9m0eng6uIGrPGomiaibE33wB59Nz8tAeBQc0qicB0cicxlo5Od92bwlRA/0?wx_fmt=jpeg', 'W020190213103850056585.jpg', 120221, 'jpg', '/material/20190222/201902221646283511.jpg', '/material/20190222/thumb_201902221646283511.jpg', b'1', '2019-02-22 16:46:29.218843', 1, NULL, NULL, '2019-02-22 16:47:40.101969', NULL);
INSERT INTO `wx_image` VALUES (1098866605070356480, 'wxdbda0869a7c19cdc', NULL, 'http://mmbiz.qpic.cn/mmbiz_jpg/sHYhO1XWtxgER83AvQIMbiaib7QoV777U5VrmPM7AxM0ZppBUo2pMgg9opearPmqcDlicLibbtM0djUbUXfGLmmkkw/0?wx_fmt=jpeg', 'u=3187612915,29516891&fm=173&app=49&f=JPEG.jpg', 68953, 'jpg', '/material/20190222/201902221646283122.jpg', '/material/20190222/thumb_201902221646283122.jpg', b'1', '2019-02-22 16:46:29.260079', 1, NULL, NULL, '2019-02-22 16:47:36.964062', NULL);
INSERT INTO `wx_image` VALUES (1098866605930188800, 'wxdbda0869a7c19cdc', NULL, 'http://mmbiz.qpic.cn/mmbiz_jpg/sHYhO1XWtxgER83AvQIMbiaib7QoV777U5h5u0vZc91GeXVIZYyJibTsqhmqPqwRbXpwXfTvPGXcxrJ1lq5vNq1LQ/0?wx_fmt=jpeg', 'u=3770329726,740545117&fm=173&app=49&f=JPEG.jpg', 77511, 'jpg', '/material/20190222/201902221646283122.jpg', '/material/20190222/thumb_201902221646283122.jpg', b'1', '2019-02-22 16:46:29.465937', 1, NULL, NULL, '2019-02-22 16:47:33.817276', NULL);
INSERT INTO `wx_image` VALUES (1098866609939943424, 'wxdbda0869a7c19cdc', NULL, 'http://mmbiz.qpic.cn/mmbiz_jpg/sHYhO1XWtxgER83AvQIMbiaib7QoV777U5Vt3sC1yR8ZeoicLOeut6XwaA3d7dwyXz3RoiaBKiadlJ9ZqUO7Co853icw/0?wx_fmt=jpeg', 'W020190213103850086486.jpg', 87003, 'jpg', '/material/20190222/201902221646293878.jpg', '/material/20190222/thumb_201902221646293878.jpg', b'1', '2019-02-22 16:46:30.421575', 1, NULL, NULL, '2019-02-22 16:47:30.427120', NULL);
INSERT INTO `wx_image` VALUES (1098867636906889216, 'wxdbda0869a7c19cdc', 'Zbzq7buneq4D1X1H-gXwePsVMRv9j6hLEzGacgEgxBY', 'http://mmbiz.qpic.cn/mmbiz_jpg/sHYhO1XWtxgER83AvQIMbiaib7QoV777U57QDMqfp2dYfHbDvM6iaHCVJ7Rgr2uicJYmVKK5URxVpUrjvEbEOeAib3w/0?wx_fmt=jpeg', 'u=350348916,703508601&fm=173&app=49&f=JPEG.jpg', 52534, 'jpg', '/material/20190222/201902221650326722.jpg', '/material/20190222/thumb_201902221650326722.jpg', b'0', '2019-02-22 16:50:35.269445', 1, NULL, NULL, NULL, NULL);
INSERT INTO `wx_image` VALUES (1098867641285742592, 'wxdbda0869a7c19cdc', 'Zbzq7buneq4D1X1H-gXweDeHEHo6cOqsBmrI6KckbLc', 'http://mmbiz.qpic.cn/mmbiz_jpg/sHYhO1XWtxgER83AvQIMbiaib7QoV777U5WdqeGbtg5oP0kvsKgHHvm8EiaBhjurc5ZYW5mje9k8tGVFK6VQibrC8w/0?wx_fmt=jpeg', 'u=717941230,3213961603&fm=173&app=49&f=JPEG.jpg', 40389, 'jpg', '/material/20190222/201902221650354530.jpg', '/material/20190222/thumb_201902221650354530.jpg', b'0', '2019-02-22 16:50:36.313577', 1, NULL, NULL, NULL, NULL);
INSERT INTO `wx_image` VALUES (1098867645501018112, 'wxdbda0869a7c19cdc', 'Zbzq7buneq4D1X1H-gXweCHWUmC3LWgdisK4qPjqVhg', 'http://mmbiz.qpic.cn/mmbiz_jpg/sHYhO1XWtxgER83AvQIMbiaib7QoV777U5fM76MMyUsJeRia7zIDsTXQGywFia2iclQ7S6XaJwsWw9mEy2IMZUexlGg/0?wx_fmt=jpeg', 'u=1418829871,4013854514&fm=173&app=25&f=JPEG.jpg', 50679, 'jpg', '/material/20190222/201902221650364554.jpg', '/material/20190222/thumb_201902221650364554.jpg', b'0', '2019-02-22 16:50:37.318556', 1, NULL, NULL, NULL, NULL);
INSERT INTO `wx_image` VALUES (1098867649594658816, 'wxdbda0869a7c19cdc', 'Zbzq7buneq4D1X1H-gXwePVZNmmMJuQnzjyKQqD2jqA', 'http://mmbiz.qpic.cn/mmbiz_jpg/sHYhO1XWtxgER83AvQIMbiaib7QoV777U5VrmPM7AxM0ZppBUo2pMgg9opearPmqcDlicLibbtM0djUbUXfGLmmkkw/0?wx_fmt=jpeg', 'u=3187612915,29516891&fm=173&app=49&f=JPEG.jpg', 68953, 'jpg', '/material/20190222/201902221650374662.jpg', '/material/20190222/thumb_201902221650374662.jpg', b'0', '2019-02-22 16:50:38.294491', 1, NULL, NULL, NULL, NULL);
INSERT INTO `wx_image` VALUES (1098867654518771712, 'wxdbda0869a7c19cdc', 'Zbzq7buneq4D1X1H-gXweBs0Jna5QL_DFRdyNYMPo9k', 'http://mmbiz.qpic.cn/mmbiz_jpg/sHYhO1XWtxgER83AvQIMbiaib7QoV777U5h5u0vZc91GeXVIZYyJibTsqhmqPqwRbXpwXfTvPGXcxrJ1lq5vNq1LQ/0?wx_fmt=jpeg', 'u=3770329726,740545117&fm=173&app=49&f=JPEG.jpg', 77511, 'jpg', '/material/20190222/201902221650385157.jpg', '/material/20190222/thumb_201902221650385157.jpg', b'0', '2019-02-22 16:50:39.468513', 1, NULL, NULL, NULL, NULL);
INSERT INTO `wx_image` VALUES (1098867658499166208, 'wxdbda0869a7c19cdc', 'Zbzq7buneq4D1X1H-gXweGdulWiinh617qkKr8XPNDQ', 'http://mmbiz.qpic.cn/mmbiz_jpg/sHYhO1XWtxgER83AvQIMbiaib7QoV777U5X9m0eng6uIGrPGomiaibE33wB59Nz8tAeBQc0qicB0cicxlo5Od92bwlRA/0?wx_fmt=jpeg', 'W020190213103850056585.jpg', 120221, 'jpg', '/material/20190222/201902221650395938.jpg', '/material/20190222/thumb_201902221650395938.jpg', b'0', '2019-02-22 16:50:40.417028', 1, NULL, NULL, NULL, NULL);
INSERT INTO `wx_image` VALUES (1098867663796572160, 'wxdbda0869a7c19cdc', 'Zbzq7buneq4D1X1H-gXweCOK9Tx7FTPTw37Tn2yQ3NE', 'http://mmbiz.qpic.cn/mmbiz_jpg/sHYhO1XWtxgER83AvQIMbiaib7QoV777U5Vt3sC1yR8ZeoicLOeut6XwaA3d7dwyXz3RoiaBKiadlJ9ZqUO7Co853icw/0?wx_fmt=jpeg', 'W020190213103850086486.jpg', 87003, 'jpg', '/material/20190222/201902221650405416.jpg', '/material/20190222/thumb_201902221650405416.jpg', b'0', '2019-02-22 16:50:41.680446', 1, NULL, NULL, NULL, NULL);

-- ----------------------------
-- Table structure for wx_menu
-- ----------------------------
DROP TABLE IF EXISTS `wx_menu`;
CREATE TABLE `wx_menu`  (
  `Id` bigint(20) NOT NULL AUTO_INCREMENT,
  `AppId` longtext CHARACTER SET utf8 COLLATE utf8_general_ci NULL,
  `MenuData` longtext CHARACTER SET utf8 COLLATE utf8_general_ci NULL,
  `DeletedMark` bit(1) NULL DEFAULT NULL,
  `CreationTime` datetime(6) NULL DEFAULT NULL,
  `CreatorUserId` bigint(20) NULL DEFAULT NULL,
  `LastModificationTime` datetime(6) NULL DEFAULT NULL,
  `LastModifierUserId` bigint(20) NULL DEFAULT NULL,
  `DeletionTime` datetime(6) NULL DEFAULT NULL,
  `DeleterUserId` bigint(20) NULL DEFAULT NULL,
  PRIMARY KEY (`Id`) USING BTREE
) ENGINE = InnoDB AUTO_INCREMENT = 1099865269179912193 CHARACTER SET = utf8 COLLATE = utf8_general_ci ROW_FORMAT = Dynamic;

-- ----------------------------
-- Records of wx_menu
-- ----------------------------
INSERT INTO `wx_menu` VALUES (1095917176021454848, 'wxdbda0869a7c19cdc', NULL, b'0', '2019-02-14 13:26:30.578207', NULL, '2019-02-25 11:29:06.916781', NULL, NULL, NULL);
INSERT INTO `wx_menu` VALUES (1099865269179912192, 'wx6e629bda1c5a1477', '{\"menu\":{\"button\":[{\"name\":\"大白笔记\",\"type\":\"view\",\"url\":\"http://www.baynote.cn/\",\"sub_button\":[]},{\"name\":\"大白笔记\",\"type\":\"view\",\"url\":\"http://www.baynote.cn/\",\"sub_button\":[]},{\"name\":\"NFineCore\",\"type\":\"view_limited\",\"media_id\":\"Zbzq7buneq4D1X1H-gXweL4VbYe3k-kmSRDu2NEzAxg\",\"sub_button\":[]}]},\"conditionalmenu\":{}}', b'0', '2019-02-25 10:54:49.339379', NULL, '2019-02-25 10:56:08.068867', NULL, NULL, NULL);

-- ----------------------------
-- Table structure for wx_news
-- ----------------------------
DROP TABLE IF EXISTS `wx_news`;
CREATE TABLE `wx_news`  (
  `Id` bigint(20) NOT NULL AUTO_INCREMENT,
  `AppId` longtext CHARACTER SET utf8 COLLATE utf8_general_ci NULL,
  `MediaId` longtext CHARACTER SET utf8 COLLATE utf8_general_ci NULL,
  `DeletedMark` bit(1) NULL DEFAULT NULL,
  `CreationTime` datetime(6) NULL DEFAULT NULL,
  `CreatorUserId` bigint(20) NULL DEFAULT NULL,
  `LastModificationTime` datetime(6) NULL DEFAULT NULL,
  `LastModifierUserId` bigint(20) NULL DEFAULT NULL,
  `DeletionTime` datetime(6) NULL DEFAULT NULL,
  `DeleterUserId` bigint(20) NULL DEFAULT NULL,
  PRIMARY KEY (`Id`) USING BTREE
) ENGINE = InnoDB AUTO_INCREMENT = 1098872052120686593 CHARACTER SET = utf8 COLLATE = utf8_general_ci ROW_FORMAT = Dynamic;

-- ----------------------------
-- Records of wx_news
-- ----------------------------
INSERT INTO `wx_news` VALUES (1072162693672210432, 'wx6e629bda1c5a1477', 'eQKh6wW0msF5tYdwy70dNdw-7xRSDs7qbq0d5drsQZs', b'0', '2018-12-11 00:14:40.648411', NULL, '2019-02-19 14:28:43.904348', NULL, '2019-01-30 11:10:38.070995', NULL);
INSERT INTO `wx_news` VALUES (1098869912144842752, 'wxdbda0869a7c19cdc', 'Zbzq7buneq4D1X1H-gXweL4VbYe3k-kmSRDu2NEzAxg', b'0', '2019-02-22 16:59:37.728785', NULL, '2019-02-22 17:01:42.585120', NULL, NULL, NULL);
INSERT INTO `wx_news` VALUES (1098872052120686592, 'wxdbda0869a7c19cdc', 'Zbzq7buneq4D1X1H-gXweG5EKEEj1XgYoVu811W1z1Y', b'0', '2019-02-22 17:08:07.938943', NULL, '2019-02-22 17:08:39.538330', NULL, NULL, NULL);

-- ----------------------------
-- Table structure for wx_newsitem
-- ----------------------------
DROP TABLE IF EXISTS `wx_newsitem`;
CREATE TABLE `wx_newsitem`  (
  `Id` bigint(20) NOT NULL AUTO_INCREMENT,
  `Index` int(11) NOT NULL,
  `Title` longtext CHARACTER SET utf8 COLLATE utf8_general_ci NULL,
  `Author` longtext CHARACTER SET utf8 COLLATE utf8_general_ci NULL,
  `Digest` longtext CHARACTER SET utf8 COLLATE utf8_general_ci NULL,
  `Content` longtext CHARACTER SET utf8 COLLATE utf8_general_ci NULL,
  `ContentSourceUrl` longtext CHARACTER SET utf8 COLLATE utf8_general_ci NULL,
  `ShowCoverPic` int(11) NOT NULL,
  `NeedOpenComment` int(11) NOT NULL,
  `OnlyFansCanComment` int(11) NOT NULL,
  `DeletedMark` bit(1) NULL DEFAULT NULL,
  `CreationTime` datetime(6) NULL DEFAULT NULL,
  `CreatorUserId` bigint(20) NULL DEFAULT NULL,
  `LastModificationTime` datetime(6) NULL DEFAULT NULL,
  `LastModifierUserId` bigint(20) NULL DEFAULT NULL,
  `DeletionTime` datetime(6) NULL DEFAULT NULL,
  `DeleterUserId` bigint(20) NULL DEFAULT NULL,
  `NewsId` bigint(20) NULL DEFAULT NULL,
  `ThumbId` bigint(20) NULL DEFAULT NULL,
  PRIMARY KEY (`Id`) USING BTREE,
  INDEX `IX_wx_newsitem_NewsId`(`NewsId`) USING BTREE,
  INDEX `IX_wx_newsitem_ThumbId`(`ThumbId`) USING BTREE,
  CONSTRAINT `FK_wx_newsitem_wx_image_ThumbId` FOREIGN KEY (`ThumbId`) REFERENCES `wx_image` (`Id`) ON DELETE NO ACTION ON UPDATE RESTRICT,
  CONSTRAINT `FK_wx_newsitem_wx_news_NewsId` FOREIGN KEY (`NewsId`) REFERENCES `wx_news` (`Id`) ON DELETE NO ACTION ON UPDATE RESTRICT
) ENGINE = InnoDB AUTO_INCREMENT = 1098872052120686598 CHARACTER SET = utf8 COLLATE = utf8_general_ci ROW_FORMAT = Dynamic;

-- ----------------------------
-- Records of wx_newsitem
-- ----------------------------
INSERT INTO `wx_newsitem` VALUES (1072162693672210433, 0, '九代酷睿将临笔记本！新情报刚释出就燃爆了', '尤小右', NULL, '&amp;lt;strong&amp;gt;【PConline 资讯】&amp;lt;/strong&amp;gt;在CES \n2019上，Intel曾透露，9代酷睿移动处理器将于今年第二季度——也就是最快4月份上市。最近，Intel又公布了Core \nH系列、也就是笔记本标压处理器新品的详情——其首批产品将覆盖从Core \ni5-9300H到最顶级的i9-9980HK，热设计功耗45W，基于14nm++工艺，Coffee Lake \nRefresh架构——并将集成UHD630核显，支持DDR4-2666内存。&amp;lt;p style=\"text-align: center;\"&amp;gt;&amp;lt;em class=\"cmt-img-editor-el\" style=\"position: relative; display: inline-block; vertical-align: top;\"&amp;gt;&amp;lt;a href=\"https://www.pconline.com.cn/images/html/viewpic_pconline.htm?//img0.pconline.com.cn/pconline/1902/18/12314837_a5001671fca6cce.jpg&amp;amp;channel=178\" style=\"text-align: -webkit-center;\" target=\"_blank\"&amp;gt;&amp;lt;img alt=\"intel\" class=\"art-pic-for-cmt\" src=\"https://img0.pconline.com.cn/pconline/1902/18/12314837_a5001671fca6cce_thumb.jpg\" title=\"intel\"/&amp;gt;&amp;lt;/a&amp;gt;&amp;lt;/em&amp;gt;&amp;lt;/p&amp;gt;&amp;lt;p&amp;gt;　　具体型号方面，该系列最高端的产品将是i9-9980HK，是唯一一款不锁频的移动处理器，设计为8核16线程，加速5.0GHz(单核或者双核)。&amp;lt;/p&amp;gt;&amp;lt;p style=\"text-align: center;\"&amp;gt;&amp;lt;em class=\"cmt-img-editor-el\" style=\"position: relative; display: inline-block; vertical-align: top;\"&amp;gt;&amp;lt;a href=\"https://www.pconline.com.cn/images/html/viewpic_pconline.htm?//img0.pconline.com.cn/pconline/1902/18/12314837_9759443c38826e3.jpg&amp;amp;channel=178\" target=\"_blank\"&amp;gt;&amp;lt;img alt=\"intel\" class=\"art-pic-for-cmt\" src=\"https://img0.pconline.com.cn/pconline/1902/18/12314837_9759443c38826e3_thumb.jpg\" title=\"intel\"/&amp;gt;&amp;lt;/a&amp;gt;&amp;lt;/em&amp;gt;&amp;lt;/p&amp;gt;&amp;lt;p&amp;gt;　　而i9-9980H的加速频率将调整到4.8GHz，并会有i7-9850H(6C12T，12MB\n L3，加速4.6GHz)和9750H(加速4.5GHz)，以及主流游戏本将搭载的i5-9400H(4C8T，8MB \nL3，加速4.3GHz)和9300H(加速4.1GHz)与之组成“联军”。&amp;lt;/p&amp;gt;&amp;lt;p style=\"text-align: center;\"&amp;gt;&amp;lt;em class=\"cmt-img-editor-el\" style=\"position: relative; display: inline-block; vertical-align: top;\"&amp;gt;&amp;lt;a href=\"https://www.pconline.com.cn/images/html/viewpic_pconline.htm?//img0.pconline.com.cn/pconline/1902/18/12314837_e3380f2925b7343.jpg&amp;amp;channel=178\" style=\"text-align: center;\" target=\"_blank\"&amp;gt;&amp;lt;img alt=\"intel\" class=\"art-pic-for-cmt\" src=\"https://img0.pconline.com.cn/pconline/1902/18/12314837_e3380f2925b7343_thumb.jpg\" title=\"intel\"/&amp;gt;&amp;lt;/a&amp;gt;&amp;lt;/em&amp;gt;&amp;lt;/p&amp;gt;　　性能方面，根据Intel公布的CTP数值(CompositeTheoretical\n \nPerformance，复合理论性能)，i9-9980HK/9980H将强于桌面版i5-9400的性能——环比8代酷睿，i9-9980HK将比i9-8950HK(6C12T，加速4.8GHz)大约提升9%，i7-9750H大约提升18%，i5-9300H则大约提升4%。', 'https://g.pconline.com.cn/x/1206/12060006.html#ad=6635', 1, 1, 0, b'0', '2018-12-11 00:14:40.649219', NULL, '2019-02-19 14:28:43.911974', NULL, '2019-01-30 11:10:38.070997', NULL, 1072162693672210432, 1090477011492802560);
INSERT INTO `wx_newsitem` VALUES (1072162693676404736, 1, '联想小新-14尝鲜价4999，19日全网开启预约', '尤小右', NULL, '&amp;lt;p&amp;gt;&amp;lt;strong&amp;gt;【PConline 资讯】&amp;lt;/strong&amp;gt;联想小新系列笔记本一直都备受年轻消费者的喜爱，前不久，联想小新家族正式迎来了新的家族成员，2019款的联想全新小新-14“。这款小新家族的新品采用简约风格的外观设计，外观设计简约时尚，配置进行了全面升级。全新的联想小新-14将在2月19日接受预定，并将于2月26日正式以超低冰点价——4999元正式开售。&amp;lt;/p&amp;gt;&amp;lt;p style=\"text-align: center;\"&amp;gt;&amp;lt;em class=\"cmt-img-editor-el\" style=\"position: relative; display: inline-block; vertical-align: top;\"&amp;gt;&amp;lt;a href=\"https://www.pconline.com.cn/nbnews_pic/1231/12317286_pic.html?imgsrc=//img0.pconline.com.cn/pconline/1902/18/12317286_DSC01030.jpg&amp;amp;channel=11325\" target=\"_blank\"&amp;gt;&amp;lt;img alt=\"小新有炸四大惊喜 2019款联想小新14将开启预定\" class=\"art-pic-for-cmt\" src=\"https://img0.pconline.com.cn/pconline/1902/18/12317286_DSC01030_thumb.jpg\" title=\"小新有炸四大惊喜 2019款联想小新14将开启预定\"/&amp;gt;&amp;lt;/a&amp;gt;&amp;lt;/em&amp;gt;&amp;lt;/p&amp;gt;&amp;lt;p&amp;gt;　　据了解，小新-14这次一定有炸，因为有4张牌，第一张：全新小新-14将会在2月首发PC产品，将会采用英伟达全新的MX系列的显卡（据推测，可能是MX230独立显卡），第二张：配备256GBSSD+1TB的机械硬盘组合，第三张：双通道内存设计，第四张：仙女粉和渣渣灰双色可选全新的小新还将搭载英特尔最新的Whiskey\n Lake处理器，相较于上一代处理器，在功耗更低的同时性能更强，能够满足日常使用的需要。&amp;lt;/p&amp;gt;&amp;lt;p style=\"text-align: center;\"&amp;gt;&amp;lt;em class=\"cmt-img-editor-el\" style=\"position: relative; display: inline-block; vertical-align: top;\"&amp;gt;&amp;lt;a href=\"https://www.pconline.com.cn/nbnews_pic/1231/12317286_pic.html?imgsrc=//img0.pconline.com.cn/pconline/1902/18/12317286_DSC01034.jpg&amp;amp;channel=11325\" target=\"_blank\"&amp;gt;&amp;lt;img alt=\"小新有炸四大惊喜 2019款联想小新14将开启预定\" class=\"art-pic-for-cmt\" src=\"https://img0.pconline.com.cn/pconline/1902/18/12317286_DSC01034_thumb.jpg\" title=\"小新有炸四大惊喜 2019款联想小新14将开启预定\"/&amp;gt;&amp;lt;/a&amp;gt;&amp;lt;/em&amp;gt;&amp;lt;/p&amp;gt;&amp;lt;p&amp;gt;　　面向年轻消费群体设计的全新小新-14采用金属机身，轻薄机身最轻只有1.55公斤，最薄的地方也仅有17.9毫米；拥有渣渣灰和仙女粉两种极具个性的机身配色。此次小新-14还采用了三面窄边框的设计，屏占比最高可达81.8%，让搭载14英寸的屏幕也能做到与原来13英寸的机身尺寸相当，配合轻薄设计和超长续航达10小时，外出携带使用无压力。&amp;lt;/p&amp;gt;&amp;lt;p style=\"text-align: center;\"&amp;gt;&amp;lt;em class=\"cmt-img-editor-el\" style=\"position: relative; display: inline-block; vertical-align: top;\"&amp;gt;&amp;lt;a href=\"https://www.pconline.com.cn/nbnews_pic/1231/12317286_pic.html?imgsrc=//img0.pconline.com.cn/pconline/1902/18/12317286_DSC01031.jpg&amp;amp;channel=11325\" target=\"_blank\"&amp;gt;&amp;lt;img alt=\"小新有炸四大惊喜 2019款联想小新14将开启预定\" class=\"art-pic-for-cmt\" src=\"https://img0.pconline.com.cn/pconline/1902/18/12317286_DSC01031_thumb.jpg\" title=\"小新有炸四大惊喜 2019款联想小新14将开启预定\"/&amp;gt;&amp;lt;/a&amp;gt;&amp;lt;/em&amp;gt;&amp;lt;/p&amp;gt;&amp;lt;p&amp;gt;　　2019年新款联想小新-14即将在2月19日开启预定，2月26日正式开售。首发价仅需4999元，超低价格，不如在新的一年为自己的学习工作增添一个新装备，这款全面升级的联想小新-14会是你不错的选择，喜欢的话，就点击链接抢购吧：&amp;lt;/p&amp;gt;&amp;lt;p&amp;gt;京东商城：&amp;lt;/p&amp;gt;&amp;lt;p&amp;gt;PC：&amp;lt;strong&amp;gt;&amp;lt;a href=\"http://t.cn/EvQylUL\" target=\"_blank\"&amp;gt;&amp;lt;span style=\"color:#ff0000;\"&amp;gt;http://t.cn/EvQylUL&amp;lt;/span&amp;gt;&amp;lt;/a&amp;gt;&amp;lt;/strong&amp;gt;&amp;lt;/p&amp;gt;&amp;lt;p&amp;gt;APP：&amp;lt;strong&amp;gt;&amp;lt;a href=\"http://t.cn/RELrRhP\" target=\"_blank\"&amp;gt;&amp;lt;span style=\"color:#ff0000;\"&amp;gt;http://t.cn/RELrRhP&amp;lt;/span&amp;gt;&amp;lt;/a&amp;gt;&amp;lt;/strong&amp;gt;&amp;lt;/p&amp;gt;&amp;lt;p&amp;gt;联想官网： &amp;amp;nbsp;&amp;amp;nbsp;&amp;amp;nbsp;&amp;amp;nbsp;&amp;amp;nbsp;&amp;amp;nbsp;&amp;amp;nbsp;&amp;amp;nbsp;&amp;amp;nbsp;&amp;amp;nbsp;&amp;amp;nbsp;&amp;amp;nbsp;&amp;amp;nbsp;&amp;amp;nbsp;&amp;amp;nbsp;&amp;amp;nbsp;&amp;amp;nbsp;&amp;amp;nbsp;&amp;amp;nbsp;&amp;amp;nbsp;&amp;amp;nbsp;&amp;amp;nbsp;&amp;amp;nbsp;&amp;amp;nbsp;&amp;amp;nbsp;&amp;lt;/p&amp;gt;&amp;lt;p&amp;gt;PC：&amp;lt;strong&amp;gt;&amp;lt;a href=\"http://t.cn/EVOpi1y\" target=\"_blank\"&amp;gt;&amp;lt;span style=\"color:#ff0000;\"&amp;gt;http://t.cn/EVOpi1y &amp;amp;nbsp;&amp;amp;nbsp;&amp;amp;nbsp;&amp;amp;nbsp;&amp;lt;/span&amp;gt;&amp;lt;/a&amp;gt;&amp;lt;/strong&amp;gt;&amp;amp;nbsp;&amp;amp;nbsp;&amp;amp;nbsp;&amp;amp;nbsp;&amp;amp;nbsp;&amp;amp;nbsp;&amp;amp;nbsp;&amp;amp;nbsp;&amp;amp;nbsp;&amp;amp;nbsp;&amp;amp;nbsp;&amp;amp;nbsp;&amp;amp;nbsp;&amp;amp;nbsp;&amp;amp;nbsp;&amp;amp;nbsp;&amp;amp;nbsp;&amp;amp;nbsp;&amp;amp;nbsp;&amp;amp;nbsp;&amp;amp;nbsp;&amp;amp;nbsp;&amp;amp;nbsp;&amp;amp;nbsp;&amp;amp;nbsp;&amp;amp;nbsp;&amp;amp;nbsp;&amp;amp;nbsp;&amp;amp;nbsp;&amp;amp;nbsp;&amp;amp;nbsp;&amp;amp;nbsp;&amp;amp;nbsp;&amp;amp;nbsp;&amp;amp;nbsp;&amp;amp;nbsp;&amp;amp;nbsp;&amp;amp;nbsp;&amp;amp;nbsp;&amp;amp;nbsp;&amp;amp;nbsp;&amp;amp;nbsp;&amp;amp;nbsp;&amp;amp;nbsp;&amp;amp;nbsp;&amp;amp;nbsp;&amp;amp;nbsp;&amp;lt;/p&amp;gt;&amp;lt;p&amp;gt;App：&amp;lt;strong&amp;gt;&amp;lt;a href=\"http://t.cn/EVOpljn\" target=\"_blank\"&amp;gt;&amp;lt;span style=\"color:#ff0000;\"&amp;gt;http://t.cn/EVOpljn&amp;lt;/span&amp;gt;&amp;lt;/a&amp;gt;&amp;lt;/strong&amp;gt;&amp;lt;/p&amp;gt;&amp;lt;p&amp;gt;&amp;lt;br/&amp;gt;&amp;lt;/p&amp;gt;', 'https://g.pconline.com.cn/x/1206/12060006.html#ad=6635', 1, 1, 1, b'0', '2018-12-11 00:14:40.649293', NULL, '2019-02-19 14:28:43.919562', NULL, '2019-01-30 11:10:38.070997', NULL, 1072162693672210432, 1090477011492802561);
INSERT INTO `wx_newsitem` VALUES (1098869912144842753, 1, '三张图让你明白如何选择开源协议', NULL, NULL, '<p><a href=\"http://www.gcssloop.com/\" target=\"_blank\">GcsSloop</a>制作的</p><p><img src=\"http://www.baynote.cn/zb_users/upload/2019/01/201901181547791671907341.png\"/></p><p><a href=\"http://www.ruanyifeng.com/\" target=\"_blank\">阮一峰</a>制作的中文版</p><p><img src=\"http://www.baynote.cn/zb_users/upload/2019/01/201901181547791549649691.png\"/></p><p>乌克兰程序员 <a href=\"http://pbagwl.com/post/5078147450/description-of-popular-software-licenses\" target=\"_blank\">Paul Bagwell</a> ，画了一张开源协议分析图，说明应该怎么选择开源协议。<br/></p><p><img src=\"http://www.baynote.cn/zb_users/upload/2019/01/20190118142025154779242542034.webp\"/></p>', 'http://www.baynote.cn/?id=5', 1, 0, 0, b'0', '2019-02-22 16:59:37.728792', NULL, '2019-02-22 17:01:42.614597', NULL, NULL, NULL, 1098869912144842752, 1098867663796572160);
INSERT INTO `wx_newsitem` VALUES (1098869912144842754, 0, '.NET 快速开发平台 NFineCore.Framework', NULL, NULL, '<p style=\"box-sizing: inherit; margin-top: 16px; margin-bottom: 14px; line-height: 28px; color: rgb(61, 70, 77); font-family: &quot;Pingfang SC&quot;, STHeiti, &quot;Lantinghei SC&quot;, &quot;Open Sans&quot;, Arial, &quot;Hiragino Sans GB&quot;, &quot;Microsoft YaHei&quot;, &quot;WenQuanYi Micro Hei&quot;, SimSun, sans-serif; font-size: 16px; white-space: normal; background-color: rgb(255, 255, 255);\"><span style=\"font-family: 微软雅黑, &quot;Microsoft YaHei&quot;; font-size: 14px;\">NFineCore\n 是基于 C# 语言的极速 WEB + ORM \n框架，其核心设计目标是开发迅速、代码量少、学习简单、功能强大、轻量级、易扩展，让Web开发更迅速、简单。能解决60%重复工作。为您节约更多时间，去陪恋人、家人和朋友。轻松开发，专注您的业务，从 <span style=\"font-family: 微软雅黑, &quot;Microsoft YaHei&quot;; font-size: 14px;\">NFineCore </span>开始。</span></p><p style=\"box-sizing: inherit; margin-top: 16px; margin-bottom: 14px; line-height: 28px; color: rgb(61, 70, 77); font-family: &quot;Pingfang SC&quot;, STHeiti, &quot;Lantinghei SC&quot;, &quot;Open Sans&quot;, Arial, &quot;Hiragino Sans GB&quot;, &quot;Microsoft YaHei&quot;, &quot;WenQuanYi Micro Hei&quot;, SimSun, sans-serif; font-size: 16px; white-space: normal; background-color: rgb(255, 255, 255);\"><span style=\"box-sizing: inherit; font-weight: 700; font-family: 微软雅黑, &quot;Microsoft YaHei&quot;; font-size: 14px;\">简介：</span></p><ul style=\"box-sizing: inherit; padding: 0px 0px 0px 2.5em; color: rgb(61, 70, 77); font-family: &quot;Pingfang SC&quot;, STHeiti, &quot;Lantinghei SC&quot;, &quot;Open Sans&quot;, Arial, &quot;Hiragino Sans GB&quot;, &quot;Microsoft YaHei&quot;, &quot;WenQuanYi Micro Hei&quot;, SimSun, sans-serif; font-size: 16px; white-space: normal; background-color: rgb(255, 255, 255);\" class=\" list-paddingleft-2\"><li><p style=\"box-sizing: inherit; margin-top: 0px; margin-bottom: 0px; line-height: 28px;\"><span style=\"font-family: 微软雅黑, &quot;Microsoft YaHei&quot;; font-size: 14px;\">NFineCore 是一套基于 Asp.Net Core + Entity Framework Core + Bootstrap 开发出来的框架，源代码完全开源，可以帮助你解决C#以及.NET 项目68%的重复工作，让开发人员远离加班。</span></p></li><li><p style=\"box-sizing: inherit; margin-top: 0px; margin-bottom: 0px; line-height: 28px;\"><span style=\"font-family: 微软雅黑, &quot;Microsoft YaHei&quot;; font-size: 14px;\">使用 Apache License 2.0 协议，采用主流框架，容易上手，简单易学，学习成本低。可完全实现二次开发、基本满足80%项目需求。</span></p></li><li><p style=\"box-sizing: inherit; margin-top: 0px; margin-bottom: 0px; line-height: 28px;\"><span style=\"font-family: 微软雅黑, &quot;Microsoft YaHei&quot;; font-size: 14px;\">可以帮助解决 .NET 项目70%的重复工作，让开发更多关注业务逻辑。既能快速提高开发效率，帮助公司节省人力成本，同时又不失灵活性。</span></p></li><li><p style=\"box-sizing: inherit; margin-top: 0px; margin-bottom: 0px; line-height: 28px;\"><span style=\"font-family: 微软雅黑, &quot;Microsoft YaHei&quot;; font-size: 14px;\">支持 SQLServer、MySQL、Oracle、SQLite、Access 等多数据库类型。模块化设计，层次结构清晰。内置一系列企业信息管理的基础功能。</span></p></li><li><p style=\"box-sizing: inherit; margin-top: 0px; margin-bottom: 0px; line-height: 28px;\"><span style=\"font-family: 微软雅黑, &quot;Microsoft YaHei&quot;; font-size: 14px;\">操作权限控制精密细致，对所有管理链接都进行权限验证，可控制到导航菜单、功能按钮。</span></p></li><li><p style=\"box-sizing: inherit; margin-top: 0px; margin-bottom: 0px; line-height: 28px;\"><span style=\"font-family: 微软雅黑, &quot;Microsoft YaHei&quot;; font-size: 14px;\">数据权限（精细化数据权限控制，控制到行级，列表级，表单字段级，实现不同人看不同数据，不同人对同一个页面操作不同字段</span></p></li><li><p style=\"box-sizing: inherit; margin-top: 0px; margin-bottom: 0px; line-height: 28px;\"><span style=\"font-family: 微软雅黑, &quot;Microsoft YaHei&quot;; font-size: 14px;\">提高开发效率及质量。常用类封装，日志、缓存、验证、字典、文件、邮件、,Excel。等等，目前兼容浏览器（IE8+、Chrome、Firefox、360浏览器等）</span></p></li><li><p style=\"box-sizing: inherit; margin-top: 0px; margin-bottom: 0px; line-height: 28px;\"><span style=\"font-family: 微软雅黑, &quot;Microsoft YaHei&quot;; font-size: 14px;\">适用范围：可以开发 OA、ERP、BPM、CRM、WMS、TMS、MIS、BI、电商平台后台、物流管理系统、快递管理系统、教务管理系统等各类管理软件。</span></p></li></ul><p style=\"box-sizing: inherit; margin-top: 16px; margin-bottom: 14px; line-height: 28px; color: rgb(61, 70, 77); font-family: &quot;Pingfang SC&quot;, STHeiti, &quot;Lantinghei SC&quot;, &quot;Open Sans&quot;, Arial, &quot;Hiragino Sans GB&quot;, &quot;Microsoft YaHei&quot;, &quot;WenQuanYi Micro Hei&quot;, SimSun, sans-serif; font-size: 16px; white-space: normal; background-color: rgb(255, 255, 255);\"><span style=\"font-family: 微软雅黑, &quot;Microsoft YaHei&quot;; font-size: 14px;\">&nbsp;&nbsp;&nbsp;&nbsp;&nbsp;&nbsp;&nbsp;&nbsp;<span style=\"box-sizing: inherit; font-family: 微软雅黑, &quot;Microsoft YaHei&quot;; font-size: 14px;\"></span>在线体验地址：</span><a href=\"http://47.99.80.79:8099/\" target=\"_self\" style=\"text-decoration: underline; font-family: 微软雅黑, &quot;Microsoft YaHei&quot;; font-size: 14px;\"><span style=\"font-family: 微软雅黑, &quot;Microsoft YaHei&quot;; font-size: 14px;\">http://47.99.80.79:8099/</span></a><span style=\"font-family: 微软雅黑, &quot;Microsoft YaHei&quot;; font-size: 14px;\">&nbsp; &nbsp; &nbsp; &nbsp; 账户：admin &nbsp; 密码：123456</span></p><p style=\"box-sizing: inherit; margin-top: 16px; margin-bottom: 14px; line-height: 28px; color: rgb(61, 70, 77); font-family: &quot;Pingfang SC&quot;, STHeiti, &quot;Lantinghei SC&quot;, &quot;Open Sans&quot;, Arial, &quot;Hiragino Sans GB&quot;, &quot;Microsoft YaHei&quot;, &quot;WenQuanYi Micro Hei&quot;, SimSun, sans-serif; font-size: 16px; white-space: normal; background-color: rgb(255, 255, 255);\"><span style=\"font-family: 微软雅黑, &quot;Microsoft YaHei&quot;; font-size: 14px;\"><span style=\"font-family: 微软雅黑, &quot;Microsoft YaHei&quot;; font-size: 14px;\">&nbsp;&nbsp;&nbsp;&nbsp;&nbsp;&nbsp;&nbsp; 开源地址：</span><a href=\"https://github.com/flyangnet/NFineCore\" target=\"_blank\"><span style=\"font-family: 微软雅黑, &quot;Microsoft YaHei&quot;; font-size: 14px;\"></span>https://github.com/flyangnet/NFineCore</a><span style=\"font-family: 微软雅黑, &quot;Microsoft YaHei&quot;; font-size: 14px;\"></span></span></p><p style=\"margin-top: 16px; margin-bottom: 14px; white-space: normal; box-sizing: inherit; line-height: 28px; color: rgb(61, 70, 77); font-family: &quot;Pingfang SC&quot;, STHeiti, &quot;Lantinghei SC&quot;, &quot;Open Sans&quot;, Arial, &quot;Hiragino Sans GB&quot;, &quot;Microsoft YaHei&quot;, &quot;WenQuanYi Micro Hei&quot;, SimSun, sans-serif; font-size: 16px; background-color: rgb(255, 255, 255);\"><span style=\"box-sizing: inherit; font-weight: 700; font-family: 微软雅黑, &quot;Microsoft YaHei&quot;; font-size: 14px;\">NFineCore 技术介绍：</span></p><ul class=\" list-paddingleft-2\" style=\"width: 1566.04px; padding: 0px 0px 0px 2.5em; white-space: normal; box-sizing: inherit; color: rgb(61, 70, 77); font-family: &quot;Pingfang SC&quot;, STHeiti, &quot;Lantinghei SC&quot;, &quot;Open Sans&quot;, Arial, &quot;Hiragino Sans GB&quot;, &quot;Microsoft YaHei&quot;, &quot;WenQuanYi Micro Hei&quot;, SimSun, sans-serif; font-size: 16px; background-color: rgb(255, 255, 255);\"><li><p style=\"margin-top: 0px; margin-bottom: 0px; box-sizing: inherit; line-height: 28px;\"><span style=\"font-family: 微软雅黑, &quot;Microsoft YaHei&quot;; font-size: 14px;\"><strong>前端技术</strong></span></p></li><li><p style=\"margin-top: 0px; margin-bottom: 0px; box-sizing: inherit; line-height: 28px;\"><span style=\"font-family: 微软雅黑, &quot;Microsoft YaHei&quot;; font-size: 14px;\">JS框架：jquery-2.1.1、Bootstrap.js、JQuery UI</span></p></li><li><p style=\"margin-top: 0px; margin-bottom: 0px; box-sizing: inherit; line-height: 28px;\"><span style=\"font-family: 微软雅黑, &quot;Microsoft YaHei&quot;; font-size: 14px;\">CSS框架：Bootstrap v3.3.4（稳定是后台，UI方面根据需求自己升级改造吧）。</span></p></li><li><p style=\"margin-top: 0px; margin-bottom: 0px; box-sizing: inherit; line-height: 28px;\"><span style=\"font-family: 微软雅黑, &quot;Microsoft YaHei&quot;; font-size: 14px;\">客户端验证：jQuery Validation Plugin 1.9.0。</span></p></li><li><p style=\"margin-top: 0px; margin-bottom: 0px; box-sizing: inherit; line-height: 28px;\"><span style=\"font-family: 微软雅黑, &quot;Microsoft YaHei&quot;; font-size: 14px;\">在线编辑器：UEditor</span></p></li><li><p style=\"margin-top: 0px; margin-bottom: 0px; box-sizing: inherit; line-height: 28px;\"><span style=\"font-family: 微软雅黑, &quot;Microsoft YaHei&quot;; font-size: 14px;\">上传文件：Bootstrap FileInput<br/></span></p></li><li><p style=\"margin-top: 0px; margin-bottom: 0px; box-sizing: inherit; line-height: 28px;\"><span style=\"font-family: 微软雅黑, &quot;Microsoft YaHei&quot;; font-size: 14px;\">动态页签：Jerichotab（自己改造）</span></p></li><li><p style=\"margin-top: 0px; margin-bottom: 0px; box-sizing: inherit; line-height: 28px;\"><span style=\"font-family: 微软雅黑, &quot;Microsoft YaHei&quot;; font-size: 14px;\">数据表格：jqGrid</span></p></li><li><p style=\"margin-top: 0px; margin-bottom: 0px; box-sizing: inherit; line-height: 28px;\"><span style=\"font-family: 微软雅黑, &quot;Microsoft YaHei&quot;; font-size: 14px;\">对话框：layer-v2.3</span></p></li><li><p style=\"margin-top: 0px; margin-bottom: 0px; box-sizing: inherit; line-height: 28px;\"><span style=\"font-family: 微软雅黑, &quot;Microsoft YaHei&quot;; font-size: 14px;\">下拉选择框：jQuery Select2</span></p></li><li><p style=\"margin-top: 0px; margin-bottom: 0px; box-sizing: inherit; line-height: 28px;\"><span style=\"font-family: 微软雅黑, &quot;Microsoft YaHei&quot;; font-size: 14px;\">树结构控件：jQuery zTree、jQuery wdtree</span></p></li><li><p style=\"margin-top: 0px; margin-bottom: 0px; box-sizing: inherit; line-height: 28px;\"><span style=\"font-family: 微软雅黑, &quot;Microsoft YaHei&quot;; font-size: 14px;\">页面布局：jquery.layout.js 1.4.4</span></p></li><li><p style=\"margin-top: 0px; margin-bottom: 0px; box-sizing: inherit; line-height: 28px;\"><span style=\"font-family: 微软雅黑, &quot;Microsoft YaHei&quot;; font-size: 14px;\">图表插件：echarts</span></p></li><li><p style=\"margin-top: 0px; margin-bottom: 0px; box-sizing: inherit; line-height: 28px;\"><span style=\"font-family: 微软雅黑, &quot;Microsoft YaHei&quot;; font-size: 14px;\">日期控件： My97DatePicker</span></p></li><li><p style=\"margin-top: 0px; margin-bottom: 0px; box-sizing: inherit; line-height: 28px;\"><span style=\"font-family: 微软雅黑, &quot;Microsoft YaHei&quot;; font-size: 14px;\"><strong>后端技术</strong></span></p></li><li><p style=\"margin-top: 0px; margin-bottom: 0px; box-sizing: inherit; line-height: 28px;\"><span style=\"font-family: 微软雅黑, &quot;Microsoft YaHei&quot;; font-size: 14px;\">核心框架：Asp.Net Core<br/></span></p></li><li><p style=\"margin-top: 0px; margin-bottom: 0px; box-sizing: inherit; line-height: 28px;\"><span style=\"font-family: 微软雅黑, &quot;Microsoft YaHei&quot;; font-size: 14px;\">持久层框架：Entity Framework Core</span></p></li><li><p style=\"margin-top: 0px; margin-bottom: 0px; box-sizing: inherit; line-height: 28px;\"><span style=\"font-family: 微软雅黑, &quot;Microsoft YaHei&quot;; font-size: 14px;\">定时计划任务：Hangfire 组件</span></p></li><li><p style=\"margin-top: 0px; margin-bottom: 0px; box-sizing: inherit; line-height: 28px;\"><span style=\"font-family: 微软雅黑, &quot;Microsoft YaHei&quot;; font-size: 14px;\">安全支持：过滤器、Sql注入、请求伪造</span></p></li><li><p style=\"margin-top: 0px; margin-bottom: 0px; box-sizing: inherit; line-height: 28px;\"><span style=\"font-family: 微软雅黑, &quot;Microsoft YaHei&quot;; font-size: 14px;\">服务端验证：实体模型验证、自己封装Validator</span></p></li><li><p style=\"margin-top: 0px; margin-bottom: 0px; box-sizing: inherit; line-height: 28px;\"><span style=\"font-family: 微软雅黑, &quot;Microsoft YaHei&quot;; font-size: 14px;\">缓存框架：Redis</span></p></li><li><p style=\"margin-top: 0px; margin-bottom: 0px; box-sizing: inherit; line-height: 28px;\"><span style=\"font-family: 微软雅黑, &quot;Microsoft YaHei&quot;; font-size: 14px;\">日志管理：Log4net、登录日志、操作日志</span></p></li><li><p style=\"margin-top: 0px; margin-bottom: 0px; box-sizing: inherit; line-height: 28px;\"><span style=\"font-family: 微软雅黑, &quot;Microsoft YaHei&quot;; font-size: 14px;\">工具类：NPOI、Newtonsoft.Json、验证码、丰富公共类似</span></p></li></ul><p style=\"box-sizing: inherit; margin-top: 16px; margin-bottom: 14px; line-height: 28px; color: rgb(61, 70, 77); font-family: &quot;Pingfang SC&quot;, STHeiti, &quot;Lantinghei SC&quot;, &quot;Open Sans&quot;, Arial, &quot;Hiragino Sans GB&quot;, &quot;Microsoft YaHei&quot;, &quot;WenQuanYi Micro Hei&quot;, SimSun, sans-serif; font-size: 16px; white-space: normal; background-color: rgb(255, 255, 255);\"><span style=\"box-sizing: inherit; font-weight: 700; font-family: 微软雅黑, &quot;Microsoft YaHei&quot;; font-size: 14px;\">NFineCore 开发者信息：</span></p><ul style=\"box-sizing: inherit; padding: 0px 0px 0px 2.5em; color: rgb(61, 70, 77); font-family: &quot;Pingfang SC&quot;, STHeiti, &quot;Lantinghei SC&quot;, &quot;Open Sans&quot;, Arial, &quot;Hiragino Sans GB&quot;, &quot;Microsoft YaHei&quot;, &quot;WenQuanYi Micro Hei&quot;, SimSun, sans-serif; font-size: 16px; white-space: normal; background-color: rgb(255, 255, 255);\" class=\" list-paddingleft-2\"><li><p><span style=\"font-family: 微软雅黑, &quot;Microsoft YaHei&quot;; font-size: 14px;\">系统名称：NFineCore快速开发平台</span></p></li><li><p><span style=\"font-family: 微软雅黑, &quot;Microsoft YaHei&quot;; font-size: 14px;\">QQ交流群：682325774</span></p></li><li><p><span style=\"font-family: 微软雅黑, &quot;Microsoft YaHei&quot;; font-size: 14px;\">发布日期：2019年01月01日</span></p></li><li><p><span style=\"font-family: 微软雅黑, &quot;Microsoft YaHei&quot;; font-size: 14px;\">开源协议：Apache License 2.0</span></p></li><li><p><span style=\"font-family: 微软雅黑, &quot;Microsoft YaHei&quot;; font-size: 14px;\">系统描述：轻松开发，专注您的业务，从NFineCore开始</span></p></li></ul>', 'http://www.baynote.cn/?id=4', 1, 0, 0, b'0', '2019-02-22 16:59:37.728794', NULL, '2019-02-22 17:01:42.599968', NULL, NULL, NULL, 1098869912144842752, 1098867658499166208);
INSERT INTO `wx_newsitem` VALUES (1098872052120686593, 4, '111', NULL, NULL, '<p>111<br/></p>', 'http://www.baynote.cn', 1, 0, 0, b'0', '2019-02-22 17:08:07.938949', NULL, '2019-02-22 17:08:39.576198', NULL, NULL, NULL, 1098872052120686592, 1098867654518771712);
INSERT INTO `wx_newsitem` VALUES (1098872052120686594, 3, '222', NULL, NULL, '222', 'http://www.baynote.cn', 1, 0, 0, b'0', '2019-02-22 17:08:07.938950', NULL, '2019-02-22 17:08:39.568729', NULL, NULL, NULL, 1098872052120686592, 1098867649594658816);
INSERT INTO `wx_newsitem` VALUES (1098872052120686595, 2, '333', NULL, NULL, '333', 'http://www.baynote.cn', 1, 0, 0, b'0', '2019-02-22 17:08:07.938952', NULL, '2019-02-22 17:08:39.561347', NULL, NULL, NULL, 1098872052120686592, 1098867645501018112);
INSERT INTO `wx_newsitem` VALUES (1098872052120686596, 1, '444', NULL, NULL, '444', 'http://www.baynote.cn', 1, 0, 0, b'0', '2019-02-22 17:08:07.938952', NULL, '2019-02-22 17:08:39.553720', NULL, NULL, NULL, 1098872052120686592, 1098867641285742592);
INSERT INTO `wx_newsitem` VALUES (1098872052120686597, 0, '555', NULL, NULL, '555', 'http://www.baynote.cn', 1, 0, 0, b'0', '2019-02-22 17:08:07.938953', NULL, '2019-02-22 17:08:39.546421', NULL, NULL, NULL, 1098872052120686592, 1098867636906889216);

-- ----------------------------
-- Table structure for wx_official
-- ----------------------------
DROP TABLE IF EXISTS `wx_official`;
CREATE TABLE `wx_official`  (
  `Id` bigint(20) NOT NULL AUTO_INCREMENT,
  `Name` longtext CHARACTER SET utf8 COLLATE utf8_general_ci NULL,
  `Account` longtext CHARACTER SET utf8 COLLATE utf8_general_ci NULL,
  `AppId` longtext CHARACTER SET utf8 COLLATE utf8_general_ci NULL,
  `AppSecret` longtext CHARACTER SET utf8 COLLATE utf8_general_ci NULL,
  `AppType` longtext CHARACTER SET utf8 COLLATE utf8_general_ci NULL,
  `Token` longtext CHARACTER SET utf8 COLLATE utf8_general_ci NULL,
  `EncodingAESKey` longtext CHARACTER SET utf8 COLLATE utf8_general_ci NULL,
  `Url` longtext CHARACTER SET utf8 COLLATE utf8_general_ci NULL,
  `Description` longtext CHARACTER SET utf8 COLLATE utf8_general_ci NULL,
  `DeletedMark` bit(1) NULL DEFAULT NULL,
  `EnabledMark` bit(1) NULL DEFAULT NULL,
  `CreationTime` datetime(6) NULL DEFAULT NULL,
  `CreatorUserId` bigint(20) NULL DEFAULT NULL,
  `LastModificationTime` datetime(6) NULL DEFAULT NULL,
  `LastModifierUserId` bigint(20) NULL DEFAULT NULL,
  `DeletionTime` datetime(6) NULL DEFAULT NULL,
  `DeleterUserId` bigint(20) NULL DEFAULT NULL,
  PRIMARY KEY (`Id`) USING BTREE
) ENGINE = InnoDB AUTO_INCREMENT = 1060198417529180161 CHARACTER SET = utf8 COLLATE = utf8_general_ci ROW_FORMAT = Dynamic;

-- ----------------------------
-- Records of wx_official
-- ----------------------------
INSERT INTO `wx_official` VALUES (1, 'Flyang', 'flyang1234', 'wxdbda0869a7c19cdc', 'ebc392dbe489cc96726a7b90adedd5ae', 'Subscribe', 'weixin', 'a4V5nnntKgNBXPVWzkvOL9hfTVnTLpZcLsFGUJfZ3fH', NULL, '&nbsp;', b'0', b'1', NULL, 1035359633864265728, '2018-11-08 10:18:33.264999', NULL, '2018-09-10 16:38:48.265412', NULL);
INSERT INTO `wx_official` VALUES (1060198417529180160, 'flyangnet的接口测试号', 'gh_a9b3dae2537d', 'wx6e629bda1c5a1477', '044a1468ef7351d949e8e23f079abb5d', 'Test', 'weixin', NULL, NULL, '&nbsp;', b'0', b'1', NULL, 1089173340586905600, '2019-01-29 16:56:33.849479', NULL, NULL, NULL);

-- ----------------------------
-- Table structure for wx_text
-- ----------------------------
DROP TABLE IF EXISTS `wx_text`;
CREATE TABLE `wx_text`  (
  `Id` bigint(20) NOT NULL AUTO_INCREMENT,
  `AppId` varchar(255) CHARACTER SET utf8 COLLATE utf8_general_ci NOT NULL,
  `Title` longtext CHARACTER SET utf8 COLLATE utf8_general_ci NULL,
  `Content` longtext CHARACTER SET utf8 COLLATE utf8_general_ci NULL,
  `DeletedMark` bit(1) NULL DEFAULT NULL,
  `CreationTime` datetime(6) NULL DEFAULT NULL,
  `CreatorUserId` bigint(20) NULL DEFAULT NULL,
  `LastModificationTime` datetime(6) NULL DEFAULT NULL,
  `LastModifierUserId` bigint(20) NULL DEFAULT NULL,
  `DeletionTime` datetime(6) NULL DEFAULT NULL,
  `DeleterUserId` bigint(20) NULL DEFAULT NULL,
  PRIMARY KEY (`Id`) USING BTREE
) ENGINE = InnoDB AUTO_INCREMENT = 1095871076086452225 CHARACTER SET = utf8 COLLATE = utf8_general_ci ROW_FORMAT = Dynamic;

-- ----------------------------
-- Records of wx_text
-- ----------------------------
INSERT INTO `wx_text` VALUES (1, 'wx6e629bda1c5a1477', '悟空和唐僧一起上某卫视非诚勿扰', '悟空和唐僧一起上某卫视非诚勿扰,悟空上台,24盏灯全灭。\n理由:\n1.没房没车只有一根破棍;\n2.保镖职业危险;\n3.动不动打妖精,对女生不温柔;\n4.坐过牢,曾被压五指山下500年。\n唐僧上台，哗!灯全亮。 \n理由:\n1.公务员； \n2.皇上兄弟，后台最硬 ;\n3.精通梵文等外语 ;\n4.长得帅 ;\n5.最关键一点：有宝马！', b'0', '2018-11-15 11:28:18.000000', NULL, '2018-11-15 14:43:49.411743', NULL, NULL, NULL);
INSERT INTO `wx_text` VALUES (2, 'wx6e629bda1c5a1477', '你拼，或者不拼命，工资就在那里，不增不减', '你病，或者不病倒，老板就在那里，不悲不喜； \n你休，或者不休假，工作就在那里，不来不去； \n你拼，或者不拼命，工资就在那里，不增不减； \n你辞，或者不辞职，地球还是会转，不歇不停； \n让我中500万，或者 让我傍个大款， 扯淡，蛋疼，淡定，悲催，关注，评论，转发！！！', b'0', '2018-11-15 11:28:29.000000', NULL, '2018-11-15 14:46:50.131548', NULL, NULL, NULL);
INSERT INTO `wx_text` VALUES (3, 'wx6e629bda1c5a1477', '毕业后才知道这七宗“最”', '1、毕业后才知道校园恋爱是最纯洁的；\n2、毕业后才知道学习是最重要的；\n3、毕业后才知道校园生活是最幸福的；\n4、毕业后才知道宿舍生活是最好的；\n5、毕业后才知道食堂的饭菜是最便宜的；\n6、毕业后才知道上学是最美妙的事。\n7、毕业后才知道学生花钱最大手大脚......', b'0', '2018-11-15 11:28:37.000000', NULL, '2018-11-15 14:47:32.439942', NULL, NULL, NULL);
INSERT INTO `wx_text` VALUES (4, 'wx6e629bda1c5a1477', '有时候，觉得自己拥有着整个世界', '有时候，面对着身边的人，突然觉得说不出话。 \n有时候，曾经一直坚持的东西一夜间面目全非。 \n有时候，想放纵自己，希望自己痛痛快快歇斯底里地发一次疯。\n有时候，别人突然对你说，我觉得你变了，然后自己开始百感交集。 \n有时候，觉得自己拥有着整个世界，一瞬间却又觉得自己其实一无所有。', b'0', '2018-11-15 11:28:45.000000', NULL, '2018-11-15 14:48:40.245523', NULL, NULL, NULL);
INSERT INTO `wx_text` VALUES (5, 'wx6e629bda1c5a1477', '月经又被称为“好朋友”你知道原因吗？', '女生每个月都会来月经。\n又把来的那个称做\"好朋友\"，但知道为何要这样称呼呢？ \n把好朋友这三字拆开不就很传神了吗? \"女子月月有\"!', b'0', '2018-11-15 11:28:53.000000', NULL, '2018-11-15 14:49:20.465523', NULL, NULL, NULL);
INSERT INTO `wx_text` VALUES (6, 'wx6e629bda1c5a1477', '你们要干什么', '有一个人叫真咯嗦，娶了个老婆叫要你管，生了个儿子叫麻烦。\n有一天麻烦不见了！夫妻俩就去报案。\n警察问爸爸：请问这位男士你叫啥名字？爸爸说:真咯嗦。\n警察很生气，然后 他又问妈妈叫啥名字。妈妈说:要你管。\n警察非常生气的说:你们要干什么?夫妻俩说：找麻烦。', b'0', '2018-11-15 14:45:03.654916', 1, NULL, NULL, '2018-11-15 14:52:34.741321', NULL);
INSERT INTO `wx_text` VALUES (1095871076086452224, 'wxdbda0869a7c19cdc', '111', '111', b'0', '2019-02-14 10:23:19.496375', 1, NULL, NULL, NULL, NULL);

-- ----------------------------
-- Table structure for wx_user
-- ----------------------------
DROP TABLE IF EXISTS `wx_user`;
CREATE TABLE `wx_user`  (
  `Id` bigint(20) NOT NULL AUTO_INCREMENT,
  `AppId` longtext CHARACTER SET utf8 COLLATE utf8_general_ci NULL,
  `OpenId` longtext CHARACTER SET utf8 COLLATE utf8_general_ci NULL,
  `Nickname` longtext CHARACTER SET utf8 COLLATE utf8_general_ci NULL,
  `Sex` int(11) NULL DEFAULT NULL,
  `Language` longtext CHARACTER SET utf8 COLLATE utf8_general_ci NULL,
  `City` longtext CHARACTER SET utf8 COLLATE utf8_general_ci NULL,
  `Province` longtext CHARACTER SET utf8 COLLATE utf8_general_ci NULL,
  `Country` longtext CHARACTER SET utf8 COLLATE utf8_general_ci NULL,
  `HeadImgUrl` longtext CHARACTER SET utf8 COLLATE utf8_general_ci NULL,
  `SubscribeTime` datetime(6) NULL DEFAULT NULL,
  `UnionId` longtext CHARACTER SET utf8 COLLATE utf8_general_ci NULL,
  `Remark` longtext CHARACTER SET utf8 COLLATE utf8_general_ci NULL,
  `GroupId` int(11) NULL DEFAULT NULL,
  `SubscribeStatus` int(11) NULL DEFAULT NULL,
  `TagId` longtext CHARACTER SET utf8 COLLATE utf8_general_ci NULL,
  `CreationTime` datetime(6) NULL DEFAULT NULL,
  `CreatorUserId` bigint(20) NULL DEFAULT NULL,
  `LastModificationTime` datetime(6) NULL DEFAULT NULL,
  `LastModifierUserId` bigint(20) NULL DEFAULT NULL,
  `DeletionTime` datetime(6) NULL DEFAULT NULL,
  `DeleterUserId` bigint(20) NULL DEFAULT NULL,
  `SynchronisedTime` datetime(6) NULL DEFAULT NULL,
  PRIMARY KEY (`Id`) USING BTREE
) ENGINE = InnoDB AUTO_INCREMENT = 1089519200797593601 CHARACTER SET = utf8 COLLATE = utf8_general_ci ROW_FORMAT = Dynamic;

-- ----------------------------
-- Records of wx_user
-- ----------------------------
INSERT INTO `wx_user` VALUES (1089519200797593600, 'wx6e629bda1c5a1477', 'oajaJ1PC50jJ91BqwyqxtEhtVhGU', '大白', 1, 'zh_CN', '长沙', '湖南', '中国', 'http://thirdwx.qlogo.cn/mmopen/7WDaUaUdU1VXGkLfk9c7fFPuxibakhXSNStSSOxVbMtX47ytLHchGGQPO1Kn29X0ibSOY7oaHovvk1SUcszTl9jGjF8TIB8UrL/132', '2019-01-27 21:43:37.072127', NULL, '', 0, 1, NULL, NULL, NULL, NULL, NULL, NULL, NULL, '2019-01-27 21:44:16.224057');

SET FOREIGN_KEY_CHECKS = 1;
