/*
 Navicat Premium Data Transfer

 Source Server         : vm-centos
 Source Server Type    : MariaDB
 Source Server Version : 50560
 Source Host           : 192.168.1.21:3306
 Source Schema         : nfinecorebase

 Target Server Type    : MariaDB
 Target Server Version : 50560
 File Encoding         : 65001

 Date: 25/01/2019 23:30:43
*/

SET NAMES utf8mb4;
SET FOREIGN_KEY_CHECKS = 0;

-- ----------------------------
-- Table structure for __EFMigrationsHistory
-- ----------------------------
DROP TABLE IF EXISTS `__EFMigrationsHistory`;
CREATE TABLE `__EFMigrationsHistory`  (
  `MigrationId` varchar(95) CHARACTER SET utf8 COLLATE utf8_general_ci NOT NULL,
  `ProductVersion` varchar(32) CHARACTER SET utf8 COLLATE utf8_general_ci NOT NULL,
  PRIMARY KEY (`MigrationId`) USING BTREE
) ENGINE = InnoDB CHARACTER SET = utf8 COLLATE = utf8_general_ci ROW_FORMAT = Compact;

-- ----------------------------
-- Records of __EFMigrationsHistory
-- ----------------------------
INSERT INTO `__EFMigrationsHistory` VALUES ('20190125150050_Init', '2.2.0-rtm-35687');

-- ----------------------------
-- Table structure for sys_area
-- ----------------------------
DROP TABLE IF EXISTS `sys_area`;
CREATE TABLE `sys_area`  (
  `Id` bigint(20) NOT NULL AUTO_INCREMENT,
  `ParentId` bigint(20) NOT NULL,
  `Layers` int(11) NULL DEFAULT NULL,
  `EnCode` longtext CHARACTER SET utf8 COLLATE utf8_general_ci NULL,
  `SimpleSpelling` longtext CHARACTER SET utf8 COLLATE utf8_general_ci NULL,
  `SortCode` int(11) NULL DEFAULT NULL,
  `DeletedMark` bit(1) NULL DEFAULT NULL,
  `EnabledMark` bit(1) NULL DEFAULT NULL,
  `CreationTime` datetime(6) NULL DEFAULT NULL,
  `CreatorUserId` bigint(20) NULL DEFAULT NULL,
  `LastModificationTime` datetime(6) NULL DEFAULT NULL,
  `LastModifierUserId` bigint(20) NULL DEFAULT NULL,
  `DeletionTime` datetime(6) NULL DEFAULT NULL,
  `DeleterUserId` bigint(20) NULL DEFAULT NULL,
  `FullName` longtext CHARACTER SET utf8 COLLATE utf8_general_ci NULL,
  `Description` longtext CHARACTER SET utf8 COLLATE utf8_general_ci NULL,
  PRIMARY KEY (`Id`) USING BTREE
) ENGINE = InnoDB AUTO_INCREMENT = 1032438079916478465 CHARACTER SET = utf8 COLLATE = utf8_general_ci ROW_FORMAT = Compact;

-- ----------------------------
-- Records of sys_area
-- ----------------------------
INSERT INTO `sys_area` VALUES (110000, 0, 1, '110000', 'bj', 110000, b'0', b'1', '2018-08-22 17:20:57.000000', NULL, NULL, NULL, NULL, NULL, '北京', NULL);
INSERT INTO `sys_area` VALUES (110100, 110000, NULL, NULL, NULL, 110100, b'0', b'1', NULL, NULL, '2018-08-22 17:41:03.961447', NULL, '2018-08-23 09:20:51.378557', NULL, '北京市', NULL);
INSERT INTO `sys_area` VALUES (120000, 0, 1, '120000', 'tj', 120000, b'0', b'1', '2018-08-22 17:20:57.000000', NULL, NULL, NULL, NULL, NULL, '天津', NULL);
INSERT INTO `sys_area` VALUES (120100, 120000, 2, '120100', 'tjs', 120100, b'0', b'1', '2018-08-22 17:20:57.000000', NULL, NULL, NULL, NULL, NULL, '天津市', NULL);
INSERT INTO `sys_area` VALUES (130000, 0, 1, '130000', 'hbs', 130000, b'0', b'1', '2018-08-22 17:20:57.000000', NULL, NULL, NULL, NULL, NULL, '河北省', NULL);
INSERT INTO `sys_area` VALUES (130100, 130000, 2, '130100', 'sjzs', 130100, b'0', b'1', '2018-08-22 17:20:57.000000', NULL, NULL, NULL, NULL, NULL, '石家庄市', NULL);
INSERT INTO `sys_area` VALUES (130200, 130000, 2, '130200', 'tss', 130200, b'0', b'1', '2018-08-22 17:20:57.000000', NULL, NULL, NULL, NULL, NULL, '唐山市', NULL);
INSERT INTO `sys_area` VALUES (130300, 130000, 2, '130300', 'qhds', 130300, b'0', b'1', '2018-08-22 17:20:57.000000', NULL, NULL, NULL, NULL, NULL, '秦皇岛市', NULL);
INSERT INTO `sys_area` VALUES (130400, 130000, 2, '130400', 'hds', 130400, b'0', b'1', '2018-08-22 17:20:57.000000', NULL, NULL, NULL, NULL, NULL, '邯郸市', NULL);
INSERT INTO `sys_area` VALUES (130500, 130000, 2, '130500', 'xts', 130500, b'0', b'1', '2018-08-22 17:20:57.000000', NULL, NULL, NULL, NULL, NULL, '邢台市', NULL);
INSERT INTO `sys_area` VALUES (130600, 130000, 2, '130600', 'bds', 130600, b'0', b'1', '2018-08-22 17:20:57.000000', NULL, NULL, NULL, NULL, NULL, '保定市', NULL);
INSERT INTO `sys_area` VALUES (130700, 130000, 2, '130700', 'zjks', 130700, b'0', b'1', '2018-08-22 17:20:57.000000', NULL, NULL, NULL, NULL, NULL, '张家口市', NULL);
INSERT INTO `sys_area` VALUES (130800, 130000, 2, '130800', 'cds', 130800, b'0', b'1', '2018-08-22 17:20:57.000000', NULL, NULL, NULL, NULL, NULL, '承德市', NULL);
INSERT INTO `sys_area` VALUES (130900, 130000, 2, '130900', 'czs', 130900, b'0', b'1', '2018-08-22 17:20:57.000000', NULL, NULL, NULL, NULL, NULL, '沧州市', NULL);
INSERT INTO `sys_area` VALUES (131000, 130000, 2, '131000', 'lfs', 131000, b'0', b'1', '2018-08-22 17:20:57.000000', NULL, NULL, NULL, NULL, NULL, '廊坊市', NULL);
INSERT INTO `sys_area` VALUES (131100, 130000, 2, '131100', 'hss', 131100, b'0', b'1', '2018-08-22 17:20:57.000000', NULL, NULL, NULL, NULL, NULL, '衡水市', NULL);
INSERT INTO `sys_area` VALUES (140000, 0, 1, '140000', 'sxs', 140000, b'0', b'1', '2018-08-22 17:20:57.000000', NULL, NULL, NULL, NULL, NULL, '山西省', NULL);
INSERT INTO `sys_area` VALUES (140100, 140000, 2, '140100', 'tys', 140100, b'0', b'1', '2018-08-22 17:20:57.000000', NULL, NULL, NULL, NULL, NULL, '太原市', NULL);
INSERT INTO `sys_area` VALUES (140200, 140000, 2, '140200', 'dts', 140200, b'0', b'1', '2018-08-22 17:20:57.000000', NULL, NULL, NULL, NULL, NULL, '大同市', NULL);
INSERT INTO `sys_area` VALUES (140300, 140000, 2, '140300', 'yqs', 140300, b'0', b'1', '2018-08-22 17:20:57.000000', NULL, NULL, NULL, NULL, NULL, '阳泉市', NULL);
INSERT INTO `sys_area` VALUES (140400, 140000, 2, '140400', 'czs', 140400, b'0', b'1', '2018-08-22 17:20:57.000000', NULL, NULL, NULL, NULL, NULL, '长治市', NULL);
INSERT INTO `sys_area` VALUES (140500, 140000, 2, '140500', 'jcs', 140500, b'0', b'1', '2018-08-22 17:20:57.000000', NULL, NULL, NULL, NULL, NULL, '晋城市', NULL);
INSERT INTO `sys_area` VALUES (140600, 140000, 2, '140600', 'szs', 140600, b'0', b'1', '2018-08-22 17:20:57.000000', NULL, NULL, NULL, NULL, NULL, '朔州市', NULL);
INSERT INTO `sys_area` VALUES (140700, 140000, 2, '140700', 'jzs', 140700, b'0', b'1', '2018-08-22 17:20:57.000000', NULL, NULL, NULL, NULL, NULL, '晋中市', NULL);
INSERT INTO `sys_area` VALUES (140800, 140000, 2, '140800', 'ycs', 140800, b'0', b'1', '2018-08-22 17:20:57.000000', NULL, NULL, NULL, NULL, NULL, '运城市', NULL);
INSERT INTO `sys_area` VALUES (140900, 140000, 2, '140900', 'xzs', 140900, b'0', b'1', '2018-08-22 17:20:57.000000', NULL, NULL, NULL, NULL, NULL, '忻州市', NULL);
INSERT INTO `sys_area` VALUES (141000, 140000, 2, '141000', 'lfs', 141000, b'0', b'1', '2018-08-22 17:20:57.000000', NULL, NULL, NULL, NULL, NULL, '临汾市', NULL);
INSERT INTO `sys_area` VALUES (141100, 140000, 2, '141100', 'lls', 141100, b'0', b'1', '2018-08-22 17:20:57.000000', NULL, NULL, NULL, NULL, NULL, '吕梁市', NULL);
INSERT INTO `sys_area` VALUES (150000, 0, 1, '150000', 'nmgzzq', 150000, b'0', b'1', '2018-08-22 17:20:57.000000', NULL, NULL, NULL, NULL, NULL, '内蒙古自治区', NULL);
INSERT INTO `sys_area` VALUES (150100, 150000, 2, '150100', 'hhhts', 150100, b'0', b'1', '2018-08-22 17:20:57.000000', NULL, NULL, NULL, NULL, NULL, '呼和浩特市', NULL);
INSERT INTO `sys_area` VALUES (150200, 150000, 2, '150200', 'bts', 150200, b'0', b'1', '2018-08-22 17:20:57.000000', NULL, NULL, NULL, NULL, NULL, '包头市', NULL);
INSERT INTO `sys_area` VALUES (150300, 150000, 2, '150300', 'whs', 150300, b'0', b'1', '2018-08-22 17:20:57.000000', NULL, NULL, NULL, NULL, NULL, '乌海市', NULL);
INSERT INTO `sys_area` VALUES (150400, 150000, 2, '150400', 'cfs', 150400, b'0', b'1', '2018-08-22 17:20:57.000000', NULL, NULL, NULL, NULL, NULL, '赤峰市', NULL);
INSERT INTO `sys_area` VALUES (150500, 150000, 2, '150500', 'tls', 150500, b'0', b'1', '2018-08-22 17:20:57.000000', NULL, NULL, NULL, NULL, NULL, '通辽市', NULL);
INSERT INTO `sys_area` VALUES (150600, 150000, 2, '150600', 'eedss', 150600, b'0', b'1', '2018-08-22 17:20:57.000000', NULL, NULL, NULL, NULL, NULL, '鄂尔多斯市', NULL);
INSERT INTO `sys_area` VALUES (150700, 150000, 2, '150700', 'hlbes', 150700, b'0', b'1', '2018-08-22 17:20:57.000000', NULL, NULL, NULL, NULL, NULL, '呼伦贝尔市', NULL);
INSERT INTO `sys_area` VALUES (150800, 150000, 2, '150800', 'bynes', 150800, b'0', b'1', '2018-08-22 17:20:57.000000', NULL, NULL, NULL, NULL, NULL, '巴彦淖尔市', NULL);
INSERT INTO `sys_area` VALUES (150900, 150000, 2, '150900', 'wlcbs', 150900, b'0', b'1', '2018-08-22 17:20:57.000000', NULL, NULL, NULL, NULL, NULL, '乌兰察布市', NULL);
INSERT INTO `sys_area` VALUES (152200, 150000, 2, '152200', 'xam', 152200, b'0', b'1', '2018-08-22 17:20:57.000000', NULL, NULL, NULL, NULL, NULL, '兴安盟', NULL);
INSERT INTO `sys_area` VALUES (152500, 150000, 2, '152500', 'xlglm', 152500, b'0', b'1', '2018-08-22 17:20:57.000000', NULL, NULL, NULL, NULL, NULL, '锡林郭勒盟', NULL);
INSERT INTO `sys_area` VALUES (152900, 150000, 2, '152900', 'alsm', 152900, b'0', b'1', '2018-08-22 17:20:57.000000', NULL, NULL, NULL, NULL, NULL, '阿拉善盟', NULL);
INSERT INTO `sys_area` VALUES (210000, 0, 1, '210000', 'lns', 210000, b'0', b'1', '2018-08-22 17:20:57.000000', NULL, NULL, NULL, NULL, NULL, '辽宁省', NULL);
INSERT INTO `sys_area` VALUES (210100, 210000, 2, '210100', 'sys', 210100, b'0', b'1', '2018-08-22 17:20:57.000000', NULL, NULL, NULL, NULL, NULL, '沈阳市', NULL);
INSERT INTO `sys_area` VALUES (210200, 210000, 2, '210200', 'dls', 210200, b'0', b'1', '2018-08-22 17:20:57.000000', NULL, NULL, NULL, NULL, NULL, '大连市', NULL);
INSERT INTO `sys_area` VALUES (210300, 210000, 2, '210300', 'ass', 210300, b'0', b'1', '2018-08-22 17:20:57.000000', NULL, NULL, NULL, NULL, NULL, '鞍山市', NULL);
INSERT INTO `sys_area` VALUES (210400, 210000, 2, '210400', 'fss', 210400, b'0', b'1', '2018-08-22 17:20:57.000000', NULL, NULL, NULL, NULL, NULL, '抚顺市', NULL);
INSERT INTO `sys_area` VALUES (210500, 210000, 2, '210500', 'bxs', 210500, b'0', b'1', '2018-08-22 17:20:57.000000', NULL, NULL, NULL, NULL, NULL, '本溪市', NULL);
INSERT INTO `sys_area` VALUES (210600, 210000, 2, '210600', 'dds', 210600, b'0', b'1', '2018-08-22 17:20:57.000000', NULL, NULL, NULL, NULL, NULL, '丹东市', NULL);
INSERT INTO `sys_area` VALUES (210700, 210000, 2, '210700', 'jzs', 210700, b'0', b'1', '2018-08-22 17:20:57.000000', NULL, NULL, NULL, NULL, NULL, '锦州市', NULL);
INSERT INTO `sys_area` VALUES (210800, 210000, 2, '210800', 'yks', 210800, b'0', b'1', '2018-08-22 17:20:57.000000', NULL, NULL, NULL, NULL, NULL, '营口市', NULL);
INSERT INTO `sys_area` VALUES (210900, 210000, 2, '210900', 'fxs', 210900, b'0', b'1', '2018-08-22 17:20:57.000000', NULL, NULL, NULL, NULL, NULL, '阜新市', NULL);
INSERT INTO `sys_area` VALUES (211000, 210000, 2, '211000', 'lys', 211000, b'0', b'1', '2018-08-22 17:20:57.000000', NULL, NULL, NULL, NULL, NULL, '辽阳市', NULL);
INSERT INTO `sys_area` VALUES (211100, 210000, 2, '211100', 'pjs', 211100, b'0', b'1', '2018-08-22 17:20:57.000000', NULL, NULL, NULL, NULL, NULL, '盘锦市', NULL);
INSERT INTO `sys_area` VALUES (211200, 210000, 2, '211200', 'tls', 211200, b'0', b'1', '2018-08-22 17:20:57.000000', NULL, NULL, NULL, NULL, NULL, '铁岭市', NULL);
INSERT INTO `sys_area` VALUES (211300, 210000, 2, '211300', 'zys', 211300, b'0', b'1', '2018-08-22 17:20:57.000000', NULL, NULL, NULL, NULL, NULL, '朝阳市', NULL);
INSERT INTO `sys_area` VALUES (211400, 210000, 2, '211400', 'hlds', 211400, b'0', b'1', '2018-08-22 17:20:57.000000', NULL, NULL, NULL, NULL, NULL, '葫芦岛市', NULL);
INSERT INTO `sys_area` VALUES (220000, 0, 1, '220000', 'jls', 220000, b'0', b'1', '2018-08-22 17:20:57.000000', NULL, NULL, NULL, NULL, NULL, '吉林省', NULL);
INSERT INTO `sys_area` VALUES (220100, 220000, 2, '220100', 'zcs', 220100, b'0', b'1', '2018-08-22 17:20:57.000000', NULL, NULL, NULL, NULL, NULL, '长春市', NULL);
INSERT INTO `sys_area` VALUES (220200, 220000, 2, '220200', 'jls', 220200, b'0', b'1', '2018-08-22 17:20:57.000000', NULL, NULL, NULL, NULL, NULL, '吉林市', NULL);
INSERT INTO `sys_area` VALUES (220300, 220000, 2, '220300', 'sps', 220300, b'0', b'1', '2018-08-22 17:20:57.000000', NULL, NULL, NULL, NULL, NULL, '四平市', NULL);
INSERT INTO `sys_area` VALUES (220400, 220000, 2, '220400', 'lys', 220400, b'0', b'1', '2018-08-22 17:20:57.000000', NULL, NULL, NULL, NULL, NULL, '辽源市', NULL);
INSERT INTO `sys_area` VALUES (220500, 220000, 2, '220500', 'ths', 220500, b'0', b'1', '2018-08-22 17:20:57.000000', NULL, NULL, NULL, NULL, NULL, '通化市', NULL);
INSERT INTO `sys_area` VALUES (220600, 220000, 2, '220600', 'bss', 220600, b'0', b'1', '2018-08-22 17:20:57.000000', NULL, NULL, NULL, NULL, NULL, '白山市', NULL);
INSERT INTO `sys_area` VALUES (220700, 220000, 2, '220700', 'sys', 220700, b'0', b'1', '2018-08-22 17:20:57.000000', NULL, NULL, NULL, NULL, NULL, '松原市', NULL);
INSERT INTO `sys_area` VALUES (220800, 220000, 2, '220800', 'bcs', 220800, b'0', b'1', '2018-08-22 17:20:57.000000', NULL, NULL, NULL, NULL, NULL, '白城市', NULL);
INSERT INTO `sys_area` VALUES (222400, 220000, 2, '222400', 'ybzxzzzz', 222400, b'0', b'1', '2018-08-22 17:20:57.000000', NULL, NULL, NULL, NULL, NULL, '延边朝鲜族自治州', NULL);
INSERT INTO `sys_area` VALUES (230000, 0, 1, '230000', 'hljs', 230000, b'0', b'1', '2018-08-22 17:20:57.000000', NULL, NULL, NULL, NULL, NULL, '黑龙江省', NULL);
INSERT INTO `sys_area` VALUES (230100, 230000, 2, '230100', 'hebs', 230100, b'0', b'1', '2018-08-22 17:20:57.000000', NULL, NULL, NULL, NULL, NULL, '哈尔滨市', NULL);
INSERT INTO `sys_area` VALUES (230200, 230000, 2, '230200', 'qqhes', 230200, b'0', b'1', '2018-08-22 17:20:57.000000', NULL, NULL, NULL, NULL, NULL, '齐齐哈尔市', NULL);
INSERT INTO `sys_area` VALUES (230300, 230000, 2, '230300', 'jxs', 230300, b'0', b'1', '2018-08-22 17:20:57.000000', NULL, NULL, NULL, NULL, NULL, '鸡西市', NULL);
INSERT INTO `sys_area` VALUES (230400, 230000, 2, '230400', 'hgs', 230400, b'0', b'1', '2018-08-22 17:20:57.000000', NULL, NULL, NULL, NULL, NULL, '鹤岗市', NULL);
INSERT INTO `sys_area` VALUES (230500, 230000, 2, '230500', 'syss', 230500, b'0', b'1', '2018-08-22 17:20:57.000000', NULL, NULL, NULL, NULL, NULL, '双鸭山市', NULL);
INSERT INTO `sys_area` VALUES (230600, 230000, 2, '230600', 'dqs', 230600, b'0', b'1', '2018-08-22 17:20:57.000000', NULL, NULL, NULL, NULL, NULL, '大庆市', NULL);
INSERT INTO `sys_area` VALUES (230700, 230000, 2, '230700', 'ycs', 230700, b'0', b'1', '2018-08-22 17:20:57.000000', NULL, NULL, NULL, NULL, NULL, '伊春市', NULL);
INSERT INTO `sys_area` VALUES (230800, 230000, 2, '230800', 'jmss', 230800, b'0', b'1', '2018-08-22 17:20:57.000000', NULL, NULL, NULL, NULL, NULL, '佳木斯市', NULL);
INSERT INTO `sys_area` VALUES (230900, 230000, 2, '230900', 'qths', 230900, b'0', b'1', '2018-08-22 17:20:57.000000', NULL, NULL, NULL, NULL, NULL, '七台河市', NULL);
INSERT INTO `sys_area` VALUES (231000, 230000, 2, '231000', 'mdjs', 231000, b'0', b'1', '2018-08-22 17:20:57.000000', NULL, NULL, NULL, NULL, NULL, '牡丹江市', NULL);
INSERT INTO `sys_area` VALUES (231100, 230000, 2, '231100', 'hhs', 231100, b'0', b'1', '2018-08-22 17:20:57.000000', NULL, NULL, NULL, NULL, NULL, '黑河市', NULL);
INSERT INTO `sys_area` VALUES (231200, 230000, 2, '231200', 'shs', 231200, b'0', b'1', '2018-08-22 17:20:57.000000', NULL, NULL, NULL, NULL, NULL, '绥化市', NULL);
INSERT INTO `sys_area` VALUES (232700, 230000, 2, '232700', 'dxaldq', 232700, b'0', b'1', '2018-08-22 17:20:57.000000', NULL, NULL, NULL, NULL, NULL, '大兴安岭地区', NULL);
INSERT INTO `sys_area` VALUES (310000, 0, 1, '310000', 'sh', 310000, b'0', b'1', '2018-08-22 17:20:57.000000', NULL, NULL, NULL, NULL, NULL, '上海', NULL);
INSERT INTO `sys_area` VALUES (310100, 310000, 2, '310100', 'shs', 310100, b'0', b'1', '2018-08-22 17:20:57.000000', NULL, NULL, NULL, NULL, NULL, '上海市', NULL);
INSERT INTO `sys_area` VALUES (320000, 0, 1, '320000', 'jss', 320000, b'0', b'1', '2018-08-22 17:20:57.000000', NULL, NULL, NULL, NULL, NULL, '江苏省', NULL);
INSERT INTO `sys_area` VALUES (320100, 320000, 2, '320100', 'njs', 320100, b'0', b'1', '2018-08-22 17:20:57.000000', NULL, NULL, NULL, NULL, NULL, '南京市', NULL);
INSERT INTO `sys_area` VALUES (320200, 320000, 2, '320200', 'wxs', 320200, b'0', b'1', '2018-08-22 17:20:57.000000', NULL, NULL, NULL, NULL, NULL, '无锡市', NULL);
INSERT INTO `sys_area` VALUES (320300, 320000, 2, '320300', 'xzs', 320300, b'0', b'1', '2018-08-22 17:20:57.000000', NULL, NULL, NULL, NULL, NULL, '徐州市', NULL);
INSERT INTO `sys_area` VALUES (320400, 320000, 2, '320400', 'czs', 320400, b'0', b'1', '2018-08-22 17:20:57.000000', NULL, NULL, NULL, NULL, NULL, '常州市', NULL);
INSERT INTO `sys_area` VALUES (320500, 320000, 2, '320500', 'szs', 320500, b'0', b'1', '2018-08-22 17:20:57.000000', NULL, NULL, NULL, NULL, NULL, '苏州市', NULL);
INSERT INTO `sys_area` VALUES (320600, 320000, 2, '320600', 'nts', 320600, b'0', b'1', '2018-08-22 17:20:57.000000', NULL, NULL, NULL, NULL, NULL, '南通市', NULL);
INSERT INTO `sys_area` VALUES (320700, 320000, 2, '320700', 'lygs', 320700, b'0', b'1', '2018-08-22 17:20:57.000000', NULL, NULL, NULL, NULL, NULL, '连云港市', NULL);
INSERT INTO `sys_area` VALUES (320800, 320000, 2, '320800', 'has', 320800, b'0', b'1', '2018-08-22 17:20:57.000000', NULL, NULL, NULL, NULL, NULL, '淮安市', NULL);
INSERT INTO `sys_area` VALUES (320900, 320000, 2, '320900', 'ycs', 320900, b'0', b'1', '2018-08-22 17:20:57.000000', NULL, NULL, NULL, NULL, NULL, '盐城市', NULL);
INSERT INTO `sys_area` VALUES (321000, 320000, 2, '321000', 'yzs', 321000, b'0', b'1', '2018-08-22 17:20:57.000000', NULL, NULL, NULL, NULL, NULL, '扬州市', NULL);
INSERT INTO `sys_area` VALUES (321100, 320000, 2, '321100', 'zjs', 321100, b'0', b'1', '2018-08-22 17:20:57.000000', NULL, NULL, NULL, NULL, NULL, '镇江市', NULL);
INSERT INTO `sys_area` VALUES (321200, 320000, 2, '321200', 'tzs', 321200, b'0', b'1', '2018-08-22 17:20:57.000000', NULL, NULL, NULL, NULL, NULL, '泰州市', NULL);
INSERT INTO `sys_area` VALUES (321300, 320000, 2, '321300', 'sqs', 321300, b'0', b'1', '2018-08-22 17:20:57.000000', NULL, NULL, NULL, NULL, NULL, '宿迁市', NULL);
INSERT INTO `sys_area` VALUES (330000, 0, 1, '330000', 'zjs', 330000, b'0', b'1', '2018-08-22 17:20:57.000000', NULL, NULL, NULL, NULL, NULL, '浙江省', NULL);
INSERT INTO `sys_area` VALUES (330100, 330000, 2, '330100', 'hzs', 330100, b'0', b'1', '2018-08-22 17:20:57.000000', NULL, NULL, NULL, NULL, NULL, '杭州市', NULL);
INSERT INTO `sys_area` VALUES (330200, 330000, 2, '330200', 'nbs', 330200, b'0', b'1', '2018-08-22 17:20:57.000000', NULL, NULL, NULL, NULL, NULL, '宁波市', NULL);
INSERT INTO `sys_area` VALUES (330300, 330000, 2, '330300', 'wzs', 330300, b'0', b'1', '2018-08-22 17:20:57.000000', NULL, NULL, NULL, NULL, NULL, '温州市', NULL);
INSERT INTO `sys_area` VALUES (330400, 330000, 2, '330400', 'jxs', 330400, b'0', b'1', '2018-08-22 17:20:57.000000', NULL, NULL, NULL, NULL, NULL, '嘉兴市', NULL);
INSERT INTO `sys_area` VALUES (330500, 330000, 2, '330500', 'hzs', 330500, b'0', b'1', '2018-08-22 17:20:57.000000', NULL, NULL, NULL, NULL, NULL, '湖州市', NULL);
INSERT INTO `sys_area` VALUES (330600, 330000, 2, '330600', 'sxs', 330600, b'0', b'1', '2018-08-22 17:20:57.000000', NULL, NULL, NULL, NULL, NULL, '绍兴市', NULL);
INSERT INTO `sys_area` VALUES (330700, 330000, 2, '330700', 'jhs', 330700, b'0', b'1', '2018-08-22 17:20:57.000000', NULL, NULL, NULL, NULL, NULL, '金华市', NULL);
INSERT INTO `sys_area` VALUES (330800, 330000, 2, '330800', 'qzs', 330800, b'0', b'1', '2018-08-22 17:20:57.000000', NULL, NULL, NULL, NULL, NULL, '衢州市', NULL);
INSERT INTO `sys_area` VALUES (330900, 330000, 2, '330900', 'zss', 330900, b'0', b'1', '2018-08-22 17:20:57.000000', NULL, NULL, NULL, NULL, NULL, '舟山市', NULL);
INSERT INTO `sys_area` VALUES (331000, 330000, 2, '331000', 'tzs', 331000, b'0', b'1', '2018-08-22 17:20:57.000000', NULL, NULL, NULL, NULL, NULL, '台州市', NULL);
INSERT INTO `sys_area` VALUES (331100, 330000, 2, '331100', 'lss', 331100, b'0', b'1', '2018-08-22 17:20:57.000000', NULL, NULL, NULL, NULL, NULL, '丽水市', NULL);
INSERT INTO `sys_area` VALUES (340000, 0, 1, '340000', 'ahs', 340000, b'0', b'1', '2018-08-22 17:20:57.000000', NULL, NULL, NULL, NULL, NULL, '安徽省', NULL);
INSERT INTO `sys_area` VALUES (340100, 340000, 2, '340100', 'hfs', 340100, b'0', b'1', '2018-08-22 17:20:57.000000', NULL, NULL, NULL, NULL, NULL, '合肥市', NULL);
INSERT INTO `sys_area` VALUES (340200, 340000, 2, '340200', 'whs', 340200, b'0', b'1', '2018-08-22 17:20:57.000000', NULL, NULL, NULL, NULL, NULL, '芜湖市', NULL);
INSERT INTO `sys_area` VALUES (340300, 340000, 2, '340300', 'bbs', 340300, b'0', b'1', '2018-08-22 17:20:57.000000', NULL, NULL, NULL, NULL, NULL, '蚌埠市', NULL);
INSERT INTO `sys_area` VALUES (340400, 340000, 2, '340400', 'hns', 340400, b'0', b'1', '2018-08-22 17:20:57.000000', NULL, NULL, NULL, NULL, NULL, '淮南市', NULL);
INSERT INTO `sys_area` VALUES (340500, 340000, 2, '340500', 'mass', 340500, b'0', b'1', '2018-08-22 17:20:57.000000', NULL, NULL, NULL, NULL, NULL, '马鞍山市', NULL);
INSERT INTO `sys_area` VALUES (340600, 340000, 2, '340600', 'hbs', 340600, b'0', b'1', '2018-08-22 17:20:57.000000', NULL, NULL, NULL, NULL, NULL, '淮北市', NULL);
INSERT INTO `sys_area` VALUES (340700, 340000, 2, '340700', 'tls', 340700, b'0', b'1', '2018-08-22 17:20:57.000000', NULL, NULL, NULL, NULL, NULL, '铜陵市', NULL);
INSERT INTO `sys_area` VALUES (340800, 340000, 2, '340800', 'aqs', 340800, b'0', b'1', '2018-08-22 17:20:57.000000', NULL, NULL, NULL, NULL, NULL, '安庆市', NULL);
INSERT INTO `sys_area` VALUES (341000, 340000, 2, '341000', 'hss', 341000, b'0', b'1', '2018-08-22 17:20:57.000000', NULL, NULL, NULL, NULL, NULL, '黄山市', NULL);
INSERT INTO `sys_area` VALUES (341100, 340000, 2, '341100', 'czs', 341100, b'0', b'1', '2018-08-22 17:20:57.000000', NULL, NULL, NULL, NULL, NULL, '滁州市', NULL);
INSERT INTO `sys_area` VALUES (341200, 340000, 2, '341200', 'fys', 341200, b'0', b'1', '2018-08-22 17:20:57.000000', NULL, NULL, NULL, NULL, NULL, '阜阳市', NULL);
INSERT INTO `sys_area` VALUES (341300, 340000, 2, '341300', 'szs', 341300, b'0', b'1', '2018-08-22 17:20:57.000000', NULL, NULL, NULL, NULL, NULL, '宿州市', NULL);
INSERT INTO `sys_area` VALUES (341500, 340000, 2, '341500', 'las', 341500, b'0', b'1', '2018-08-22 17:20:57.000000', NULL, NULL, NULL, NULL, NULL, '六安市', NULL);
INSERT INTO `sys_area` VALUES (341600, 340000, 2, '341600', 'bzs', 341600, b'0', b'1', '2018-08-22 17:20:57.000000', NULL, NULL, NULL, NULL, NULL, '亳州市', NULL);
INSERT INTO `sys_area` VALUES (341700, 340000, 2, '341700', 'czs', 341700, b'0', b'1', '2018-08-22 17:20:57.000000', NULL, NULL, NULL, NULL, NULL, '池州市', NULL);
INSERT INTO `sys_area` VALUES (341800, 340000, 2, '341800', 'xcs', 341800, b'0', b'1', '2018-08-22 17:20:57.000000', NULL, NULL, NULL, NULL, NULL, '宣城市', NULL);
INSERT INTO `sys_area` VALUES (350000, 0, 1, '350000', 'fjs', 350000, b'0', b'1', '2018-08-22 17:20:57.000000', NULL, NULL, NULL, NULL, NULL, '福建省', NULL);
INSERT INTO `sys_area` VALUES (350100, 350000, 2, '350100', 'fzs', 350100, b'0', b'1', '2018-08-22 17:20:57.000000', NULL, NULL, NULL, NULL, NULL, '福州市', NULL);
INSERT INTO `sys_area` VALUES (350200, 350000, 2, '350200', 'xms', 350200, b'0', b'1', '2018-08-22 17:20:57.000000', NULL, NULL, NULL, NULL, NULL, '厦门市', NULL);
INSERT INTO `sys_area` VALUES (350300, 350000, 2, '350300', 'pts', 350300, b'0', b'1', '2018-08-22 17:20:57.000000', NULL, NULL, NULL, NULL, NULL, '莆田市', NULL);
INSERT INTO `sys_area` VALUES (350400, 350000, 2, '350400', 'sms', 350400, b'0', b'1', '2018-08-22 17:20:57.000000', NULL, NULL, NULL, NULL, NULL, '三明市', NULL);
INSERT INTO `sys_area` VALUES (350500, 350000, 2, '350500', 'qzs', 350500, b'0', b'1', '2018-08-22 17:20:57.000000', NULL, NULL, NULL, NULL, NULL, '泉州市', NULL);
INSERT INTO `sys_area` VALUES (350600, 350000, 2, '350600', 'zzs', 350600, b'0', b'1', '2018-08-22 17:20:57.000000', NULL, NULL, NULL, NULL, NULL, '漳州市', NULL);
INSERT INTO `sys_area` VALUES (350700, 350000, 2, '350700', 'nps', 350700, b'0', b'1', '2018-08-22 17:20:57.000000', NULL, NULL, NULL, NULL, NULL, '南平市', NULL);
INSERT INTO `sys_area` VALUES (350800, 350000, 2, '350800', 'lys', 350800, b'0', b'1', '2018-08-22 17:20:57.000000', NULL, NULL, NULL, NULL, NULL, '龙岩市', NULL);
INSERT INTO `sys_area` VALUES (350900, 350000, 2, '350900', 'nds', 350900, b'0', b'1', '2018-08-22 17:20:57.000000', NULL, NULL, NULL, NULL, NULL, '宁德市', NULL);
INSERT INTO `sys_area` VALUES (360000, 0, 1, '360000', 'jxs', 360000, b'0', b'1', '2018-08-22 17:20:57.000000', NULL, NULL, NULL, NULL, NULL, '江西省', NULL);
INSERT INTO `sys_area` VALUES (360100, 360000, 2, '360100', 'ncs', 360100, b'0', b'1', '2018-08-22 17:20:57.000000', NULL, NULL, NULL, NULL, NULL, '南昌市', NULL);
INSERT INTO `sys_area` VALUES (360200, 360000, 2, '360200', 'jdzs', 360200, b'0', b'1', '2018-08-22 17:20:57.000000', NULL, NULL, NULL, NULL, NULL, '景德镇市', NULL);
INSERT INTO `sys_area` VALUES (360300, 360000, 2, '360300', 'pxs', 360300, b'0', b'1', '2018-08-22 17:20:57.000000', NULL, NULL, NULL, NULL, NULL, '萍乡市', NULL);
INSERT INTO `sys_area` VALUES (360400, 360000, 2, '360400', 'jjs', 360400, b'0', b'1', '2018-08-22 17:20:57.000000', NULL, NULL, NULL, NULL, NULL, '九江市', NULL);
INSERT INTO `sys_area` VALUES (360500, 360000, 2, '360500', 'xys', 360500, b'0', b'1', '2018-08-22 17:20:57.000000', NULL, NULL, NULL, NULL, NULL, '新余市', NULL);
INSERT INTO `sys_area` VALUES (360600, 360000, 2, '360600', 'yts', 360600, b'0', b'1', '2018-08-22 17:20:57.000000', NULL, NULL, NULL, NULL, NULL, '鹰潭市', NULL);
INSERT INTO `sys_area` VALUES (360700, 360000, 2, '360700', 'gzs', 360700, b'0', b'1', '2018-08-22 17:20:57.000000', NULL, NULL, NULL, NULL, NULL, '赣州市', NULL);
INSERT INTO `sys_area` VALUES (360800, 360000, 2, '360800', 'jas', 360800, b'0', b'1', '2018-08-22 17:20:57.000000', NULL, NULL, NULL, NULL, NULL, '吉安市', NULL);
INSERT INTO `sys_area` VALUES (360900, 360000, 2, '360900', 'ycs', 360900, b'0', b'1', '2018-08-22 17:20:57.000000', NULL, NULL, NULL, NULL, NULL, '宜春市', NULL);
INSERT INTO `sys_area` VALUES (361000, 360000, 2, '361000', 'fzs', 361000, b'0', b'1', '2018-08-22 17:20:57.000000', NULL, NULL, NULL, NULL, NULL, '抚州市', NULL);
INSERT INTO `sys_area` VALUES (361100, 360000, 2, '361100', 'srs', 361100, b'0', b'1', '2018-08-22 17:20:57.000000', NULL, NULL, NULL, NULL, NULL, '上饶市', NULL);
INSERT INTO `sys_area` VALUES (370000, 0, 1, '370000', 'sds', 370000, b'0', b'1', '2018-08-22 17:20:57.000000', NULL, NULL, NULL, NULL, NULL, '山东省', NULL);
INSERT INTO `sys_area` VALUES (370100, 370000, 2, '370100', 'jns', 370100, b'0', b'1', '2018-08-22 17:20:57.000000', NULL, NULL, NULL, NULL, NULL, '济南市', NULL);
INSERT INTO `sys_area` VALUES (370200, 370000, 2, '370200', 'qds', 370200, b'0', b'1', '2018-08-22 17:20:57.000000', NULL, NULL, NULL, NULL, NULL, '青岛市', NULL);
INSERT INTO `sys_area` VALUES (370300, 370000, 2, '370300', 'zbs', 370300, b'0', b'1', '2018-08-22 17:20:57.000000', NULL, NULL, NULL, NULL, NULL, '淄博市', NULL);
INSERT INTO `sys_area` VALUES (370400, 370000, 2, '370400', 'zzs', 370400, b'0', b'1', '2018-08-22 17:20:57.000000', NULL, NULL, NULL, NULL, NULL, '枣庄市', NULL);
INSERT INTO `sys_area` VALUES (370500, 370000, 2, '370500', 'dys', 370500, b'0', b'1', '2018-08-22 17:20:57.000000', NULL, NULL, NULL, NULL, NULL, '东营市', NULL);
INSERT INTO `sys_area` VALUES (370600, 370000, 2, '370600', 'yts', 370600, b'0', b'1', '2018-08-22 17:20:57.000000', NULL, NULL, NULL, NULL, NULL, '烟台市', NULL);
INSERT INTO `sys_area` VALUES (370700, 370000, 2, '370700', 'wfs', 370700, b'0', b'1', '2018-08-22 17:20:57.000000', NULL, NULL, NULL, NULL, NULL, '潍坊市', NULL);
INSERT INTO `sys_area` VALUES (370800, 370000, 2, '370800', 'jns', 370800, b'0', b'1', '2018-08-22 17:20:57.000000', NULL, NULL, NULL, NULL, NULL, '济宁市', NULL);
INSERT INTO `sys_area` VALUES (370900, 370000, 2, '370900', 'tas', 370900, b'0', b'1', '2018-08-22 17:20:57.000000', NULL, NULL, NULL, NULL, NULL, '泰安市', NULL);
INSERT INTO `sys_area` VALUES (371000, 370000, 2, '371000', 'whs', 371000, b'0', b'1', '2018-08-22 17:20:57.000000', NULL, NULL, NULL, NULL, NULL, '威海市', NULL);
INSERT INTO `sys_area` VALUES (371100, 370000, 2, '371100', 'rzs', 371100, b'0', b'1', '2018-08-22 17:20:57.000000', NULL, NULL, NULL, NULL, NULL, '日照市', NULL);
INSERT INTO `sys_area` VALUES (371200, 370000, 2, '371200', 'lws', 371200, b'0', b'1', '2018-08-22 17:20:57.000000', NULL, NULL, NULL, NULL, NULL, '莱芜市', NULL);
INSERT INTO `sys_area` VALUES (371300, 370000, 2, '371300', 'lys', 371300, b'0', b'1', '2018-08-22 17:20:57.000000', NULL, NULL, NULL, NULL, NULL, '临沂市', NULL);
INSERT INTO `sys_area` VALUES (371400, 370000, 2, '371400', 'dzs', 371400, b'0', b'1', '2018-08-22 17:20:57.000000', NULL, NULL, NULL, NULL, NULL, '德州市', NULL);
INSERT INTO `sys_area` VALUES (371500, 370000, 2, '371500', 'lcs', 371500, b'0', b'1', '2018-08-22 17:20:57.000000', NULL, NULL, NULL, NULL, NULL, '聊城市', NULL);
INSERT INTO `sys_area` VALUES (371600, 370000, 2, '371600', 'bzs', 371600, b'0', b'1', '2018-08-22 17:20:57.000000', NULL, NULL, NULL, NULL, NULL, '滨州市', NULL);
INSERT INTO `sys_area` VALUES (371700, 370000, 2, '371700', 'hzs', 371700, b'0', b'1', '2018-08-22 17:20:57.000000', NULL, NULL, NULL, NULL, NULL, '菏泽市', NULL);
INSERT INTO `sys_area` VALUES (410000, 0, 1, '410000', 'hns', 410000, b'0', b'1', '2018-08-22 17:20:57.000000', NULL, NULL, NULL, NULL, NULL, '河南省', NULL);
INSERT INTO `sys_area` VALUES (410100, 410000, 2, '410100', 'zzs', 410100, b'0', b'1', '2018-08-22 17:20:57.000000', NULL, NULL, NULL, NULL, NULL, '郑州市', NULL);
INSERT INTO `sys_area` VALUES (410200, 410000, 2, '410200', 'kfs', 410200, b'0', b'1', '2018-08-22 17:20:57.000000', NULL, NULL, NULL, NULL, NULL, '开封市', NULL);
INSERT INTO `sys_area` VALUES (410300, 410000, 2, '410300', 'lys', 410300, b'0', b'1', '2018-08-22 17:20:57.000000', NULL, NULL, NULL, NULL, NULL, '洛阳市', NULL);
INSERT INTO `sys_area` VALUES (410400, 410000, 2, '410400', 'pdss', 410400, b'0', b'1', '2018-08-22 17:20:57.000000', NULL, NULL, NULL, NULL, NULL, '平顶山市', NULL);
INSERT INTO `sys_area` VALUES (410500, 410000, 2, '410500', 'ays', 410500, b'0', b'1', '2018-08-22 17:20:57.000000', NULL, NULL, NULL, NULL, NULL, '安阳市', NULL);
INSERT INTO `sys_area` VALUES (410600, 410000, 2, '410600', 'hbs', 410600, b'0', b'1', '2018-08-22 17:20:57.000000', NULL, NULL, NULL, NULL, NULL, '鹤壁市', NULL);
INSERT INTO `sys_area` VALUES (410700, 410000, 2, '410700', 'xxs', 410700, b'0', b'1', '2018-08-22 17:20:57.000000', NULL, NULL, NULL, NULL, NULL, '新乡市', NULL);
INSERT INTO `sys_area` VALUES (410800, 410000, 2, '410800', 'jzs', 410800, b'0', b'1', '2018-08-22 17:20:57.000000', NULL, NULL, NULL, NULL, NULL, '焦作市', NULL);
INSERT INTO `sys_area` VALUES (410881, 410000, 2, '410881', 'jys', 410881, b'0', b'1', '2018-08-22 17:20:57.000000', NULL, NULL, NULL, NULL, NULL, '济源市', NULL);
INSERT INTO `sys_area` VALUES (410900, 410000, 2, '410900', 'pys', 410900, b'0', b'1', '2018-08-22 17:20:57.000000', NULL, NULL, NULL, NULL, NULL, '濮阳市', NULL);
INSERT INTO `sys_area` VALUES (411000, 410000, 2, '411000', 'xcs', 411000, b'0', b'1', '2018-08-22 17:20:57.000000', NULL, NULL, NULL, NULL, NULL, '许昌市', NULL);
INSERT INTO `sys_area` VALUES (411100, 410000, 2, '411100', 'lhs', 411100, b'0', b'1', '2018-08-22 17:20:57.000000', NULL, NULL, NULL, NULL, NULL, '漯河市', NULL);
INSERT INTO `sys_area` VALUES (411200, 410000, 2, '411200', 'smxs', 411200, b'0', b'1', '2018-08-22 17:20:57.000000', NULL, NULL, NULL, NULL, NULL, '三门峡市', NULL);
INSERT INTO `sys_area` VALUES (411300, 410000, 2, '411300', 'nys', 411300, b'0', b'1', '2018-08-22 17:20:57.000000', NULL, NULL, NULL, NULL, NULL, '南阳市', NULL);
INSERT INTO `sys_area` VALUES (411400, 410000, 2, '411400', 'sqs', 411400, b'0', b'1', '2018-08-22 17:20:57.000000', NULL, NULL, NULL, NULL, NULL, '商丘市', NULL);
INSERT INTO `sys_area` VALUES (411500, 410000, 2, '411500', 'xys', 411500, b'0', b'1', '2018-08-22 17:20:57.000000', NULL, NULL, NULL, NULL, NULL, '信阳市', NULL);
INSERT INTO `sys_area` VALUES (411600, 410000, 2, '411600', 'zks', 411600, b'0', b'1', '2018-08-22 17:20:57.000000', NULL, NULL, NULL, NULL, NULL, '周口市', NULL);
INSERT INTO `sys_area` VALUES (411700, 410000, 2, '411700', 'zmds', 411700, b'0', b'1', '2018-08-22 17:20:57.000000', NULL, NULL, NULL, NULL, NULL, '驻马店市', NULL);
INSERT INTO `sys_area` VALUES (420000, 0, 1, '420000', 'hbs', 420000, b'0', b'1', '2018-08-22 17:20:57.000000', NULL, NULL, NULL, NULL, NULL, '湖北省', NULL);
INSERT INTO `sys_area` VALUES (420100, 420000, 2, '420100', 'whs', 420100, b'0', b'1', '2018-08-22 17:20:57.000000', NULL, NULL, NULL, NULL, NULL, '武汉市', NULL);
INSERT INTO `sys_area` VALUES (420200, 420000, 2, '420200', 'hss', 420200, b'0', b'1', '2018-08-22 17:20:57.000000', NULL, NULL, NULL, NULL, NULL, '黄石市', NULL);
INSERT INTO `sys_area` VALUES (420300, 420000, 2, '420300', 'sys', 420300, b'0', b'1', '2018-08-22 17:20:57.000000', NULL, NULL, NULL, NULL, NULL, '十堰市', NULL);
INSERT INTO `sys_area` VALUES (420500, 420000, 2, '420500', 'ycs', 420500, b'0', b'1', '2018-08-22 17:20:57.000000', NULL, NULL, NULL, NULL, NULL, '宜昌市', NULL);
INSERT INTO `sys_area` VALUES (420600, 420000, 2, '420600', 'xys', 420600, b'0', b'1', '2018-08-22 17:20:57.000000', NULL, NULL, NULL, NULL, NULL, '襄阳市', NULL);
INSERT INTO `sys_area` VALUES (420700, 420000, 2, '420700', 'ezs', 420700, b'0', b'1', '2018-08-22 17:20:57.000000', NULL, NULL, NULL, NULL, NULL, '鄂州市', NULL);
INSERT INTO `sys_area` VALUES (420800, 420000, 2, '420800', 'jms', 420800, b'0', b'1', '2018-08-22 17:20:57.000000', NULL, NULL, NULL, NULL, NULL, '荆门市', NULL);
INSERT INTO `sys_area` VALUES (420900, 420000, 2, '420900', 'xgs', 420900, b'0', b'1', '2018-08-22 17:20:57.000000', NULL, NULL, NULL, NULL, NULL, '孝感市', NULL);
INSERT INTO `sys_area` VALUES (421000, 420000, 2, '421000', 'jzs', 421000, b'0', b'1', '2018-08-22 17:20:57.000000', NULL, NULL, NULL, NULL, NULL, '荆州市', NULL);
INSERT INTO `sys_area` VALUES (421100, 420000, 2, '421100', 'hgs', 421100, b'0', b'1', '2018-08-22 17:20:57.000000', NULL, NULL, NULL, NULL, NULL, '黄冈市', NULL);
INSERT INTO `sys_area` VALUES (421200, 420000, 2, '421200', 'xns', 421200, b'0', b'1', '2018-08-22 17:20:57.000000', NULL, NULL, NULL, NULL, NULL, '咸宁市', NULL);
INSERT INTO `sys_area` VALUES (421300, 420000, 2, '421300', 'szs', 421300, b'0', b'1', '2018-08-22 17:20:57.000000', NULL, NULL, NULL, NULL, NULL, '随州市', NULL);
INSERT INTO `sys_area` VALUES (422800, 420000, 2, '422800', 'estjzmzzzz', 422800, b'0', b'1', '2018-08-22 17:20:57.000000', NULL, NULL, NULL, NULL, NULL, '恩施土家族苗族自治州', NULL);
INSERT INTO `sys_area` VALUES (430000, 0, 1, '430000', 'hns', 430000, b'0', b'1', '2018-08-22 17:20:57.000000', NULL, NULL, NULL, NULL, NULL, '湖南省', NULL);
INSERT INTO `sys_area` VALUES (430100, 430000, 2, '430100', 'zss', 430100, b'0', b'1', '2018-08-22 17:20:57.000000', NULL, NULL, NULL, NULL, NULL, '长沙市', NULL);
INSERT INTO `sys_area` VALUES (430200, 430000, 2, '430200', 'zzs', 430200, b'0', b'1', '2018-08-22 17:20:57.000000', NULL, NULL, NULL, NULL, NULL, '株洲市', NULL);
INSERT INTO `sys_area` VALUES (430300, 430000, 2, '430300', 'xts', 430300, b'0', b'1', '2018-08-22 17:20:57.000000', NULL, NULL, NULL, NULL, NULL, '湘潭市', NULL);
INSERT INTO `sys_area` VALUES (430400, 430000, 2, '430400', 'hys', 430400, b'0', b'1', '2018-08-22 17:20:57.000000', NULL, NULL, NULL, NULL, NULL, '衡阳市', NULL);
INSERT INTO `sys_area` VALUES (430500, 430000, 2, '430500', 'sys', 430500, b'0', b'1', '2018-08-22 17:20:57.000000', NULL, NULL, NULL, NULL, NULL, '邵阳市', NULL);
INSERT INTO `sys_area` VALUES (430600, 430000, 2, '430600', 'yys', 430600, b'0', b'1', '2018-08-22 17:20:57.000000', NULL, NULL, NULL, NULL, NULL, '岳阳市', NULL);
INSERT INTO `sys_area` VALUES (430700, 430000, 2, '430700', 'cds', 430700, b'0', b'1', '2018-08-22 17:20:57.000000', NULL, NULL, NULL, NULL, NULL, '常德市', NULL);
INSERT INTO `sys_area` VALUES (430800, 430000, 2, '430800', 'zjjs', 430800, b'0', b'1', '2018-08-22 17:20:57.000000', NULL, NULL, NULL, NULL, NULL, '张家界市', NULL);
INSERT INTO `sys_area` VALUES (430900, 430000, 2, '430900', 'yys', 430900, b'0', b'1', '2018-08-22 17:20:57.000000', NULL, NULL, NULL, NULL, NULL, '益阳市', NULL);
INSERT INTO `sys_area` VALUES (431000, 430000, 2, '431000', 'czs', 431000, b'0', b'1', '2018-08-22 17:20:57.000000', NULL, NULL, NULL, NULL, NULL, '郴州市', NULL);
INSERT INTO `sys_area` VALUES (431100, 430000, 2, '431100', 'yzs', 431100, b'0', b'1', '2018-08-22 17:20:57.000000', NULL, NULL, NULL, NULL, NULL, '永州市', NULL);
INSERT INTO `sys_area` VALUES (431200, 430000, 2, '431200', 'hhs', 431200, b'0', b'1', '2018-08-22 17:20:57.000000', NULL, NULL, NULL, NULL, NULL, '怀化市', NULL);
INSERT INTO `sys_area` VALUES (431300, 430000, 2, '431300', 'lds', 431300, b'0', b'1', '2018-08-22 17:20:57.000000', NULL, NULL, NULL, NULL, NULL, '娄底市', NULL);
INSERT INTO `sys_area` VALUES (433100, 430000, 2, '433100', 'xxtjzmzzzz', 433100, b'0', b'1', '2018-08-22 17:20:57.000000', NULL, NULL, NULL, NULL, NULL, '湘西土家族苗族自治州', NULL);
INSERT INTO `sys_area` VALUES (440000, 0, 1, '440000', 'gds', 440000, b'0', b'1', '2018-08-22 17:20:57.000000', NULL, NULL, NULL, NULL, NULL, '广东省', NULL);
INSERT INTO `sys_area` VALUES (440100, 440000, 2, '440100', 'gzs', 440100, b'0', b'1', '2018-08-22 17:20:57.000000', NULL, NULL, NULL, NULL, NULL, '广州市', NULL);
INSERT INTO `sys_area` VALUES (440200, 440000, 2, '440200', 'sgs', 440200, b'0', b'1', '2018-08-22 17:20:57.000000', NULL, NULL, NULL, NULL, NULL, '韶关市', NULL);
INSERT INTO `sys_area` VALUES (440300, 440000, 2, '440300', 'szs', 440300, b'0', b'1', '2018-08-22 17:20:57.000000', NULL, NULL, NULL, NULL, NULL, '深圳市', NULL);
INSERT INTO `sys_area` VALUES (440400, 440000, 2, '440400', 'zhs', 440400, b'0', b'1', '2018-08-22 17:20:57.000000', NULL, NULL, NULL, NULL, NULL, '珠海市', NULL);
INSERT INTO `sys_area` VALUES (440500, 440000, 2, '440500', 'sts', 440500, b'0', b'1', '2018-08-22 17:20:57.000000', NULL, NULL, NULL, NULL, NULL, '汕头市', NULL);
INSERT INTO `sys_area` VALUES (440600, 440000, 2, '440600', 'fss', 440600, b'0', b'1', '2018-08-22 17:20:57.000000', NULL, NULL, NULL, NULL, NULL, '佛山市', NULL);
INSERT INTO `sys_area` VALUES (440700, 440000, 2, '440700', 'jms', 440700, b'0', b'1', '2018-08-22 17:20:57.000000', NULL, NULL, NULL, NULL, NULL, '江门市', NULL);
INSERT INTO `sys_area` VALUES (440800, 440000, 2, '440800', 'zjs', 440800, b'0', b'1', '2018-08-22 17:20:57.000000', NULL, NULL, NULL, NULL, NULL, '湛江市', NULL);
INSERT INTO `sys_area` VALUES (440900, 440000, 2, '440900', 'mms', 440900, b'0', b'1', '2018-08-22 17:20:57.000000', NULL, NULL, NULL, NULL, NULL, '茂名市', NULL);
INSERT INTO `sys_area` VALUES (441200, 440000, 2, '441200', 'zqs', 441200, b'0', b'1', '2018-08-22 17:20:57.000000', NULL, NULL, NULL, NULL, NULL, '肇庆市', NULL);
INSERT INTO `sys_area` VALUES (441300, 440000, 2, '441300', 'hzs', 441300, b'0', b'1', '2018-08-22 17:20:57.000000', NULL, NULL, NULL, NULL, NULL, '惠州市', NULL);
INSERT INTO `sys_area` VALUES (441400, 440000, 2, '441400', 'mzs', 441400, b'0', b'1', '2018-08-22 17:20:57.000000', NULL, NULL, NULL, NULL, NULL, '梅州市', NULL);
INSERT INTO `sys_area` VALUES (441500, 440000, 2, '441500', 'sws', 441500, b'0', b'1', '2018-08-22 17:20:57.000000', NULL, NULL, NULL, NULL, NULL, '汕尾市', NULL);
INSERT INTO `sys_area` VALUES (441600, 440000, 2, '441600', 'hys', 441600, b'0', b'1', '2018-08-22 17:20:57.000000', NULL, NULL, NULL, NULL, NULL, '河源市', NULL);
INSERT INTO `sys_area` VALUES (441700, 440000, 2, '441700', 'yjs', 441700, b'0', b'1', '2018-08-22 17:20:57.000000', NULL, NULL, NULL, NULL, NULL, '阳江市', NULL);
INSERT INTO `sys_area` VALUES (441800, 440000, 2, '441800', 'qys', 441800, b'0', b'1', '2018-08-22 17:20:57.000000', NULL, NULL, NULL, NULL, NULL, '清远市', NULL);
INSERT INTO `sys_area` VALUES (445100, 440000, 2, '445100', 'czs', 445100, b'0', b'1', '2018-08-22 17:20:57.000000', NULL, NULL, NULL, NULL, NULL, '潮州市', NULL);
INSERT INTO `sys_area` VALUES (445200, 440000, 2, '445200', 'jys', 445200, b'0', b'1', '2018-08-22 17:20:57.000000', NULL, NULL, NULL, NULL, NULL, '揭阳市', NULL);
INSERT INTO `sys_area` VALUES (445300, 440000, 2, '445300', 'yfs', 445300, b'0', b'1', '2018-08-22 17:20:57.000000', NULL, NULL, NULL, NULL, NULL, '云浮市', NULL);
INSERT INTO `sys_area` VALUES (450000, 0, 1, '450000', 'gxzzzzq', 450000, b'0', b'1', '2018-08-22 17:20:57.000000', NULL, NULL, NULL, NULL, NULL, '广西壮族自治区', NULL);
INSERT INTO `sys_area` VALUES (450100, 450000, 2, '450100', 'nns', 450100, b'0', b'1', '2018-08-22 17:20:57.000000', NULL, NULL, NULL, NULL, NULL, '南宁市', NULL);
INSERT INTO `sys_area` VALUES (450200, 450000, 2, '450200', 'lzs', 450200, b'0', b'1', '2018-08-22 17:20:57.000000', NULL, NULL, NULL, NULL, NULL, '柳州市', NULL);
INSERT INTO `sys_area` VALUES (450300, 450000, 2, '450300', 'gls', 450300, b'0', b'1', '2018-08-22 17:20:57.000000', NULL, NULL, NULL, NULL, NULL, '桂林市', NULL);
INSERT INTO `sys_area` VALUES (450400, 450000, 2, '450400', 'wzs', 450400, b'0', b'1', '2018-08-22 17:20:57.000000', NULL, NULL, NULL, NULL, NULL, '梧州市', NULL);
INSERT INTO `sys_area` VALUES (450500, 450000, 2, '450500', 'bhs', 450500, b'0', b'1', '2018-08-22 17:20:57.000000', NULL, NULL, NULL, NULL, NULL, '北海市', NULL);
INSERT INTO `sys_area` VALUES (450600, 450000, 2, '450600', 'fcgs', 450600, b'0', b'1', '2018-08-22 17:20:57.000000', NULL, NULL, NULL, NULL, NULL, '防城港市', NULL);
INSERT INTO `sys_area` VALUES (450700, 450000, 2, '450700', 'qzs', 450700, b'0', b'1', '2018-08-22 17:20:57.000000', NULL, NULL, NULL, NULL, NULL, '钦州市', NULL);
INSERT INTO `sys_area` VALUES (450800, 450000, 2, '450800', 'ggs', 450800, b'0', b'1', '2018-08-22 17:20:57.000000', NULL, NULL, NULL, NULL, NULL, '贵港市', NULL);
INSERT INTO `sys_area` VALUES (450900, 450000, 2, '450900', 'yls', 450900, b'0', b'1', '2018-08-22 17:20:57.000000', NULL, NULL, NULL, NULL, NULL, '玉林市', NULL);
INSERT INTO `sys_area` VALUES (451000, 450000, 2, '451000', 'bss', 451000, b'0', b'1', '2018-08-22 17:20:57.000000', NULL, NULL, NULL, NULL, NULL, '百色市', NULL);
INSERT INTO `sys_area` VALUES (451100, 450000, 2, '451100', 'hzs', 451100, b'0', b'1', '2018-08-22 17:20:57.000000', NULL, NULL, NULL, NULL, NULL, '贺州市', NULL);
INSERT INTO `sys_area` VALUES (451200, 450000, 2, '451200', 'hcs', 451200, b'0', b'1', '2018-08-22 17:20:57.000000', NULL, NULL, NULL, NULL, NULL, '河池市', NULL);
INSERT INTO `sys_area` VALUES (451300, 450000, 2, '451300', 'lbs', 451300, b'0', b'1', '2018-08-22 17:20:57.000000', NULL, NULL, NULL, NULL, NULL, '来宾市', NULL);
INSERT INTO `sys_area` VALUES (451400, 450000, 2, '451400', 'czs', 451400, b'0', b'1', '2018-08-22 17:20:57.000000', NULL, NULL, NULL, NULL, NULL, '崇左市', NULL);
INSERT INTO `sys_area` VALUES (460000, 0, 1, '460000', 'hns', 460000, b'0', b'1', '2018-08-22 17:20:57.000000', NULL, NULL, NULL, NULL, NULL, '海南省', NULL);
INSERT INTO `sys_area` VALUES (460100, 460000, 2, '460100', 'hks', 460100, b'0', b'1', '2018-08-22 17:20:57.000000', NULL, NULL, NULL, NULL, NULL, '海口市', NULL);
INSERT INTO `sys_area` VALUES (500000, 0, 1, '500000', 'zq', 500000, b'0', b'1', '2018-08-22 17:20:57.000000', NULL, NULL, NULL, NULL, NULL, '重庆', NULL);
INSERT INTO `sys_area` VALUES (500100, 500000, 2, '500100', 'zqs', 500100, b'0', b'1', '2018-08-22 17:20:57.000000', NULL, NULL, NULL, NULL, NULL, '重庆市', NULL);
INSERT INTO `sys_area` VALUES (510000, 0, 1, '510000', 'scs', 510000, b'0', b'1', '2018-08-22 17:20:57.000000', NULL, NULL, NULL, NULL, NULL, '四川省', NULL);
INSERT INTO `sys_area` VALUES (510100, 510000, 2, '510100', 'cds', 510100, b'0', b'1', '2018-08-22 17:20:57.000000', NULL, NULL, NULL, NULL, NULL, '成都市', NULL);
INSERT INTO `sys_area` VALUES (510300, 510000, 2, '510300', 'zgs', 510300, b'0', b'1', '2018-08-22 17:20:57.000000', NULL, NULL, NULL, NULL, NULL, '自贡市', NULL);
INSERT INTO `sys_area` VALUES (510400, 510000, 2, '510400', 'pzhs', 510400, b'0', b'1', '2018-08-22 17:20:57.000000', NULL, NULL, NULL, NULL, NULL, '攀枝花市', NULL);
INSERT INTO `sys_area` VALUES (510500, 510000, 2, '510500', 'lzs', 510500, b'0', b'1', '2018-08-22 17:20:57.000000', NULL, NULL, NULL, NULL, NULL, '泸州市', NULL);
INSERT INTO `sys_area` VALUES (510600, 510000, 2, '510600', 'dys', 510600, b'0', b'1', '2018-08-22 17:20:57.000000', NULL, NULL, NULL, NULL, NULL, '德阳市', NULL);
INSERT INTO `sys_area` VALUES (510700, 510000, 2, '510700', 'mys', 510700, b'0', b'1', '2018-08-22 17:20:57.000000', NULL, NULL, NULL, NULL, NULL, '绵阳市', NULL);
INSERT INTO `sys_area` VALUES (510800, 510000, 2, '510800', 'gys', 510800, b'0', b'1', '2018-08-22 17:20:57.000000', NULL, NULL, NULL, NULL, NULL, '广元市', NULL);
INSERT INTO `sys_area` VALUES (510900, 510000, 2, '510900', 'sns', 510900, b'0', b'1', '2018-08-22 17:20:57.000000', NULL, NULL, NULL, NULL, NULL, '遂宁市', NULL);
INSERT INTO `sys_area` VALUES (511000, 510000, 2, '511000', 'njs', 511000, b'0', b'1', '2018-08-22 17:20:57.000000', NULL, NULL, NULL, NULL, NULL, '内江市', NULL);
INSERT INTO `sys_area` VALUES (511100, 510000, 2, '511100', 'yss', 511100, b'0', b'1', '2018-08-22 17:20:57.000000', NULL, NULL, NULL, NULL, NULL, '乐山市', NULL);
INSERT INTO `sys_area` VALUES (511300, 510000, 2, '511300', 'ncs', 511300, b'0', b'1', '2018-08-22 17:20:57.000000', NULL, NULL, NULL, NULL, NULL, '南充市', NULL);
INSERT INTO `sys_area` VALUES (511400, 510000, 2, '511400', 'mss', 511400, b'0', b'1', '2018-08-22 17:20:57.000000', NULL, NULL, NULL, NULL, NULL, '眉山市', NULL);
INSERT INTO `sys_area` VALUES (511500, 510000, 2, '511500', 'ybs', 511500, b'0', b'1', '2018-08-22 17:20:57.000000', NULL, NULL, NULL, NULL, NULL, '宜宾市', NULL);
INSERT INTO `sys_area` VALUES (511600, 510000, 2, '511600', 'gas', 511600, b'0', b'1', '2018-08-22 17:20:57.000000', NULL, NULL, NULL, NULL, NULL, '广安市', NULL);
INSERT INTO `sys_area` VALUES (511700, 510000, 2, '511700', 'dzs', 511700, b'0', b'1', '2018-08-22 17:20:57.000000', NULL, NULL, NULL, NULL, NULL, '达州市', NULL);
INSERT INTO `sys_area` VALUES (511800, 510000, 2, '511800', 'yas', 511800, b'0', b'1', '2018-08-22 17:20:57.000000', NULL, NULL, NULL, NULL, NULL, '雅安市', NULL);
INSERT INTO `sys_area` VALUES (511900, 510000, 2, '511900', 'bzs', 511900, b'0', b'1', '2018-08-22 17:20:57.000000', NULL, NULL, NULL, NULL, NULL, '巴中市', NULL);
INSERT INTO `sys_area` VALUES (512000, 510000, 2, '512000', 'zys', 512000, b'0', b'1', '2018-08-22 17:20:57.000000', NULL, NULL, NULL, NULL, NULL, '资阳市', NULL);
INSERT INTO `sys_area` VALUES (513200, 510000, 2, '513200', 'abzzqzzzz', 513200, b'0', b'1', '2018-08-22 17:20:57.000000', NULL, NULL, NULL, NULL, NULL, '阿坝藏族羌族自治州', NULL);
INSERT INTO `sys_area` VALUES (513300, 510000, 2, '513300', 'gzzzzzz', 513300, b'0', b'1', '2018-08-22 17:20:57.000000', NULL, NULL, NULL, NULL, NULL, '甘孜藏族自治州', NULL);
INSERT INTO `sys_area` VALUES (513400, 510000, 2, '513400', 'lsyzzzz', 513400, b'0', b'1', '2018-08-22 17:20:57.000000', NULL, NULL, NULL, NULL, NULL, '凉山彝族自治州', NULL);
INSERT INTO `sys_area` VALUES (520000, 0, 1, '520000', 'gzs', 520000, b'0', b'1', '2018-08-22 17:20:57.000000', NULL, NULL, NULL, NULL, NULL, '贵州省', NULL);
INSERT INTO `sys_area` VALUES (520100, 520000, 2, '520100', 'gys', 520100, b'0', b'1', '2018-08-22 17:20:57.000000', NULL, NULL, NULL, NULL, NULL, '贵阳市', NULL);
INSERT INTO `sys_area` VALUES (520200, 520000, 2, '520200', 'lpss', 520200, b'0', b'1', '2018-08-22 17:20:57.000000', NULL, NULL, NULL, NULL, NULL, '六盘水市', NULL);
INSERT INTO `sys_area` VALUES (520300, 520000, 2, '520300', 'zys', 520300, b'0', b'1', '2018-08-22 17:20:57.000000', NULL, NULL, NULL, NULL, NULL, '遵义市', NULL);
INSERT INTO `sys_area` VALUES (520400, 520000, 2, '520400', 'ass', 520400, b'0', b'1', '2018-08-22 17:20:57.000000', NULL, NULL, NULL, NULL, NULL, '安顺市', NULL);
INSERT INTO `sys_area` VALUES (522200, 520000, 2, '522200', 'trs', 522200, b'0', b'1', '2018-08-22 17:20:57.000000', NULL, NULL, NULL, NULL, NULL, '铜仁市', NULL);
INSERT INTO `sys_area` VALUES (522300, 520000, 2, '522300', 'qxnbyzmzzzz', 522300, b'0', b'1', '2018-08-22 17:20:57.000000', NULL, NULL, NULL, NULL, NULL, '黔西南布依族苗族自治州', NULL);
INSERT INTO `sys_area` VALUES (522400, 520000, 2, '522400', 'bjs', 522400, b'0', b'1', '2018-08-22 17:20:57.000000', NULL, NULL, NULL, NULL, NULL, '毕节市', NULL);
INSERT INTO `sys_area` VALUES (522600, 520000, 2, '522600', 'qdnmztzzzz', 522600, b'0', b'1', '2018-08-22 17:20:57.000000', NULL, NULL, NULL, NULL, NULL, '黔东南苗族侗族自治州', NULL);
INSERT INTO `sys_area` VALUES (522700, 520000, 2, '522700', 'qnbyzmzzzz', 522700, b'0', b'1', '2018-08-22 17:20:57.000000', NULL, NULL, NULL, NULL, NULL, '黔南布依族苗族自治州', NULL);
INSERT INTO `sys_area` VALUES (530000, 0, 1, '530000', 'yns', 530000, b'0', b'1', '2018-08-22 17:20:57.000000', NULL, NULL, NULL, NULL, NULL, '云南省', NULL);
INSERT INTO `sys_area` VALUES (530100, 530000, 2, '530100', 'kms', 530100, b'0', b'1', '2018-08-22 17:20:57.000000', NULL, NULL, NULL, NULL, NULL, '昆明市', NULL);
INSERT INTO `sys_area` VALUES (530300, 530000, 2, '530300', 'qjs', 530300, b'0', b'1', '2018-08-22 17:20:57.000000', NULL, NULL, NULL, NULL, NULL, '曲靖市', NULL);
INSERT INTO `sys_area` VALUES (530400, 530000, 2, '530400', 'yxs', 530400, b'0', b'1', '2018-08-22 17:20:57.000000', NULL, NULL, NULL, NULL, NULL, '玉溪市', NULL);
INSERT INTO `sys_area` VALUES (530500, 530000, 2, '530500', 'bss', 530500, b'0', b'1', '2018-08-22 17:20:57.000000', NULL, NULL, NULL, NULL, NULL, '保山市', NULL);
INSERT INTO `sys_area` VALUES (530600, 530000, 2, '530600', 'zts', 530600, b'0', b'1', '2018-08-22 17:20:57.000000', NULL, NULL, NULL, NULL, NULL, '昭通市', NULL);
INSERT INTO `sys_area` VALUES (530700, 530000, 2, '530700', 'ljs', 530700, b'0', b'1', '2018-08-22 17:20:57.000000', NULL, NULL, NULL, NULL, NULL, '丽江市', NULL);
INSERT INTO `sys_area` VALUES (530800, 530000, 2, '530800', 'pes', 530800, b'0', b'1', '2018-08-22 17:20:57.000000', NULL, NULL, NULL, NULL, NULL, '普洱市', NULL);
INSERT INTO `sys_area` VALUES (530900, 530000, 2, '530900', 'lcs', 530900, b'0', b'1', '2018-08-22 17:20:57.000000', NULL, NULL, NULL, NULL, NULL, '临沧市', NULL);
INSERT INTO `sys_area` VALUES (532300, 530000, 2, '532300', 'cxyzzzz', 532300, b'0', b'1', '2018-08-22 17:20:57.000000', NULL, NULL, NULL, NULL, NULL, '楚雄彝族自治州', NULL);
INSERT INTO `sys_area` VALUES (532500, 530000, 2, '532500', 'hhhnzyzzzz', 532500, b'0', b'1', '2018-08-22 17:20:57.000000', NULL, NULL, NULL, NULL, NULL, '红河哈尼族彝族自治州', NULL);
INSERT INTO `sys_area` VALUES (532600, 530000, 2, '532600', 'wszzmzzzz', 532600, b'0', b'1', '2018-08-22 17:20:57.000000', NULL, NULL, NULL, NULL, NULL, '文山壮族苗族自治州', NULL);
INSERT INTO `sys_area` VALUES (532800, 530000, 2, '532800', 'xsbndzzzz', 532800, b'0', b'1', '2018-08-22 17:20:57.000000', NULL, NULL, NULL, NULL, NULL, '西双版纳傣族自治州', NULL);
INSERT INTO `sys_area` VALUES (532900, 530000, 2, '532900', 'dlbzzzz', 532900, b'0', b'1', '2018-08-22 17:20:57.000000', NULL, NULL, NULL, NULL, NULL, '大理白族自治州', NULL);
INSERT INTO `sys_area` VALUES (533100, 530000, 2, '533100', 'dhdzjpzzzz', 533100, b'0', b'1', '2018-08-22 17:20:57.000000', NULL, NULL, NULL, NULL, NULL, '德宏傣族景颇族自治州', NULL);
INSERT INTO `sys_area` VALUES (533300, 530000, 2, '533300', 'njlszzzz', 533300, b'0', b'1', '2018-08-22 17:20:57.000000', NULL, NULL, NULL, NULL, NULL, '怒江傈僳族自治州', NULL);
INSERT INTO `sys_area` VALUES (533400, 530000, 2, '533400', 'dqzzzzz', 533400, b'0', b'1', '2018-08-22 17:20:57.000000', NULL, NULL, NULL, NULL, NULL, '迪庆藏族自治州', NULL);
INSERT INTO `sys_area` VALUES (540000, 0, 1, '540000', 'xzzzq', 540000, b'0', b'1', '2018-08-22 17:20:57.000000', NULL, NULL, NULL, NULL, NULL, '西藏自治区', NULL);
INSERT INTO `sys_area` VALUES (540100, 540000, 2, '540100', 'lss', 540100, b'0', b'1', '2018-08-22 17:20:57.000000', NULL, NULL, NULL, NULL, NULL, '拉萨市', NULL);
INSERT INTO `sys_area` VALUES (542100, 540000, 2, '542100', 'cddq', 542100, b'0', b'1', '2018-08-22 17:20:57.000000', NULL, NULL, NULL, NULL, NULL, '昌都地区', NULL);
INSERT INTO `sys_area` VALUES (542200, 540000, 2, '542200', 'sndq', 542200, b'0', b'1', '2018-08-22 17:20:57.000000', NULL, NULL, NULL, NULL, NULL, '山南地区', NULL);
INSERT INTO `sys_area` VALUES (542300, 540000, 2, '542300', 'rkzdq', 542300, b'0', b'1', '2018-08-22 17:20:57.000000', NULL, NULL, NULL, NULL, NULL, '日喀则地区', NULL);
INSERT INTO `sys_area` VALUES (542400, 540000, 2, '542400', 'nqdq', 542400, b'0', b'1', '2018-08-22 17:20:57.000000', NULL, NULL, NULL, NULL, NULL, '那曲地区', NULL);
INSERT INTO `sys_area` VALUES (542500, 540000, 2, '542500', 'aldq', 542500, b'0', b'1', '2018-08-22 17:20:57.000000', NULL, NULL, NULL, NULL, NULL, '阿里地区', NULL);
INSERT INTO `sys_area` VALUES (542600, 540000, 2, '542600', 'lzdq', 542600, b'0', b'1', '2018-08-22 17:20:57.000000', NULL, NULL, NULL, NULL, NULL, '林芝地区', NULL);
INSERT INTO `sys_area` VALUES (610000, 0, 1, '610000', 'sxs', 610000, b'0', b'1', '2018-08-22 17:20:57.000000', NULL, NULL, NULL, NULL, NULL, '陕西省', NULL);
INSERT INTO `sys_area` VALUES (610100, 610000, 2, '610100', 'xas', 610100, b'0', b'1', '2018-08-22 17:20:57.000000', NULL, NULL, NULL, NULL, NULL, '西安市', NULL);
INSERT INTO `sys_area` VALUES (610200, 610000, 2, '610200', 'tcs', 610200, b'0', b'1', '2018-08-22 17:20:57.000000', NULL, NULL, NULL, NULL, NULL, '铜川市', NULL);
INSERT INTO `sys_area` VALUES (610300, 610000, 2, '610300', 'bjs', 610300, b'0', b'1', '2018-08-22 17:20:57.000000', NULL, NULL, NULL, NULL, NULL, '宝鸡市', NULL);
INSERT INTO `sys_area` VALUES (610400, 610000, 2, '610400', 'xys', 610400, b'0', b'1', '2018-08-22 17:20:57.000000', NULL, NULL, NULL, NULL, NULL, '咸阳市', NULL);
INSERT INTO `sys_area` VALUES (610500, 610000, 2, '610500', 'wns', 610500, b'0', b'1', '2018-08-22 17:20:57.000000', NULL, NULL, NULL, NULL, NULL, '渭南市', NULL);
INSERT INTO `sys_area` VALUES (610600, 610000, 2, '610600', 'yas', 610600, b'0', b'1', '2018-08-22 17:20:57.000000', NULL, NULL, NULL, NULL, NULL, '延安市', NULL);
INSERT INTO `sys_area` VALUES (610700, 610000, 2, '610700', 'hzs', 610700, b'0', b'1', '2018-08-22 17:20:57.000000', NULL, NULL, NULL, NULL, NULL, '汉中市', NULL);
INSERT INTO `sys_area` VALUES (610800, 610000, 2, '610800', 'yls', 610800, b'0', b'1', '2018-08-22 17:20:57.000000', NULL, NULL, NULL, NULL, NULL, '榆林市', NULL);
INSERT INTO `sys_area` VALUES (610900, 610000, 2, '610900', 'aks', 610900, b'0', b'1', '2018-08-22 17:20:57.000000', NULL, NULL, NULL, NULL, NULL, '安康市', NULL);
INSERT INTO `sys_area` VALUES (611000, 610000, 2, '611000', 'sls', 611000, b'0', b'1', '2018-08-22 17:20:57.000000', NULL, NULL, NULL, NULL, NULL, '商洛市', NULL);
INSERT INTO `sys_area` VALUES (620000, 0, 1, '620000', 'gss', 620000, b'0', b'1', '2018-08-22 17:20:57.000000', NULL, NULL, NULL, NULL, NULL, '甘肃省', NULL);
INSERT INTO `sys_area` VALUES (620100, 620000, 2, '620100', 'lzs', 620100, b'0', b'1', '2018-08-22 17:20:57.000000', NULL, NULL, NULL, NULL, NULL, '兰州市', NULL);
INSERT INTO `sys_area` VALUES (620200, 620000, 2, '620200', 'jygs', 620200, b'0', b'1', '2018-08-22 17:20:57.000000', NULL, NULL, NULL, NULL, NULL, '嘉峪关市', NULL);
INSERT INTO `sys_area` VALUES (620300, 620000, 2, '620300', 'jcs', 620300, b'0', b'1', '2018-08-22 17:20:57.000000', NULL, NULL, NULL, NULL, NULL, '金昌市', NULL);
INSERT INTO `sys_area` VALUES (620400, 620000, 2, '620400', 'bys', 620400, b'0', b'1', '2018-08-22 17:20:57.000000', NULL, NULL, NULL, NULL, NULL, '白银市', NULL);
INSERT INTO `sys_area` VALUES (620500, 620000, 2, '620500', 'tss', 620500, b'0', b'1', '2018-08-22 17:20:57.000000', NULL, NULL, NULL, NULL, NULL, '天水市', NULL);
INSERT INTO `sys_area` VALUES (620600, 620000, 2, '620600', 'wws', 620600, b'0', b'1', '2018-08-22 17:20:57.000000', NULL, NULL, NULL, NULL, NULL, '武威市', NULL);
INSERT INTO `sys_area` VALUES (620700, 620000, 2, '620700', 'zys', 620700, b'0', b'1', '2018-08-22 17:20:57.000000', NULL, NULL, NULL, NULL, NULL, '张掖市', NULL);
INSERT INTO `sys_area` VALUES (620800, 620000, 2, '620800', 'pls', 620800, b'0', b'1', '2018-08-22 17:20:57.000000', NULL, NULL, NULL, NULL, NULL, '平凉市', NULL);
INSERT INTO `sys_area` VALUES (620900, 620000, 2, '620900', 'jqs', 620900, b'0', b'1', '2018-08-22 17:20:57.000000', NULL, NULL, NULL, NULL, NULL, '酒泉市', NULL);
INSERT INTO `sys_area` VALUES (621000, 620000, 2, '621000', 'qys', 621000, b'0', b'1', '2018-08-22 17:20:57.000000', NULL, NULL, NULL, NULL, NULL, '庆阳市', NULL);
INSERT INTO `sys_area` VALUES (621100, 620000, 2, '621100', 'dxs', 621100, b'0', b'1', '2018-08-22 17:20:57.000000', NULL, NULL, NULL, NULL, NULL, '定西市', NULL);
INSERT INTO `sys_area` VALUES (621200, 620000, 2, '621200', 'lns', 621200, b'0', b'1', '2018-08-22 17:20:57.000000', NULL, NULL, NULL, NULL, NULL, '陇南市', NULL);
INSERT INTO `sys_area` VALUES (622900, 620000, 2, '622900', 'lxhzzzz', 622900, b'0', b'1', '2018-08-22 17:20:57.000000', NULL, NULL, NULL, NULL, NULL, '临夏回族自治州', NULL);
INSERT INTO `sys_area` VALUES (623000, 620000, 2, '623000', 'gnzzzzz', 623000, b'0', b'1', '2018-08-22 17:20:57.000000', NULL, NULL, NULL, NULL, NULL, '甘南藏族自治州', NULL);
INSERT INTO `sys_area` VALUES (630000, 0, 1, '630000', 'qhs', 630000, b'0', b'1', '2018-08-22 17:20:57.000000', NULL, NULL, NULL, NULL, NULL, '青海省', NULL);
INSERT INTO `sys_area` VALUES (630100, 630000, 2, '630100', 'xns', 630100, b'0', b'1', '2018-08-22 17:20:57.000000', NULL, NULL, NULL, NULL, NULL, '西宁市', NULL);
INSERT INTO `sys_area` VALUES (632100, 630000, 2, '632100', 'hds', 632100, b'0', b'1', '2018-08-22 17:20:57.000000', NULL, NULL, NULL, NULL, NULL, '海东市', NULL);
INSERT INTO `sys_area` VALUES (632200, 630000, 2, '632200', 'hbzzzzz', 632200, b'0', b'1', '2018-08-22 17:20:57.000000', NULL, NULL, NULL, NULL, NULL, '海北藏族自治州', NULL);
INSERT INTO `sys_area` VALUES (632300, 630000, 2, '632300', 'hnzzzzz', 632300, b'0', b'1', '2018-08-22 17:20:57.000000', NULL, NULL, NULL, NULL, NULL, '黄南藏族自治州', NULL);
INSERT INTO `sys_area` VALUES (632500, 630000, 2, '632500', 'hnzzzzz', 632500, b'0', b'1', '2018-08-22 17:20:57.000000', NULL, NULL, NULL, NULL, NULL, '海南藏族自治州', NULL);
INSERT INTO `sys_area` VALUES (632600, 630000, 2, '632600', 'glzzzzz', 632600, b'0', b'1', '2018-08-22 17:20:57.000000', NULL, NULL, NULL, NULL, NULL, '果洛藏族自治州', NULL);
INSERT INTO `sys_area` VALUES (632700, 630000, 2, '632700', 'yszzzzz', 632700, b'0', b'1', '2018-08-22 17:20:57.000000', NULL, NULL, NULL, NULL, NULL, '玉树藏族自治州', NULL);
INSERT INTO `sys_area` VALUES (632800, 630000, 2, '632800', 'hxmgzzzzzz', 632800, b'0', b'1', '2018-08-22 17:20:57.000000', NULL, NULL, NULL, NULL, NULL, '海西蒙古族藏族自治州', NULL);
INSERT INTO `sys_area` VALUES (640000, 0, 1, '640000', 'nxhzzzq', 640000, b'0', b'1', '2018-08-22 17:20:57.000000', NULL, NULL, NULL, NULL, NULL, '宁夏回族自治区', NULL);
INSERT INTO `sys_area` VALUES (640100, 640000, 2, '640100', 'ycs', 640100, b'0', b'1', '2018-08-22 17:20:57.000000', NULL, NULL, NULL, NULL, NULL, '银川市', NULL);
INSERT INTO `sys_area` VALUES (640200, 640000, 2, '640200', 'szss', 640200, b'0', b'1', '2018-08-22 17:20:57.000000', NULL, NULL, NULL, NULL, NULL, '石嘴山市', NULL);
INSERT INTO `sys_area` VALUES (640300, 640000, 2, '640300', 'wzs', 640300, b'0', b'1', '2018-08-22 17:20:57.000000', NULL, NULL, NULL, NULL, NULL, '吴忠市', NULL);
INSERT INTO `sys_area` VALUES (640400, 640000, 2, '640400', 'gys', 640400, b'0', b'1', '2018-08-22 17:20:57.000000', NULL, NULL, NULL, NULL, NULL, '固原市', NULL);
INSERT INTO `sys_area` VALUES (640500, 640000, 2, '640500', 'zws', 640500, b'0', b'1', '2018-08-22 17:20:57.000000', NULL, NULL, NULL, NULL, NULL, '中卫市', NULL);
INSERT INTO `sys_area` VALUES (650000, 0, 1, '650000', 'xjwwezzq', 650000, b'0', b'1', '2018-08-22 17:20:57.000000', NULL, NULL, NULL, NULL, NULL, '新疆维吾尔自治区', NULL);
INSERT INTO `sys_area` VALUES (650100, 650000, 2, '650100', 'wlmqs', 650100, b'0', b'1', '2018-08-22 17:20:57.000000', NULL, NULL, NULL, NULL, NULL, '乌鲁木齐市', NULL);
INSERT INTO `sys_area` VALUES (650200, 650000, 2, '650200', 'klmys', 650200, b'0', b'1', '2018-08-22 17:20:57.000000', NULL, NULL, NULL, NULL, NULL, '克拉玛依市', NULL);
INSERT INTO `sys_area` VALUES (652100, 650000, 2, '652100', 'tlfdq', 652100, b'0', b'1', '2018-08-22 17:20:57.000000', NULL, NULL, NULL, NULL, NULL, '吐鲁番地区', NULL);
INSERT INTO `sys_area` VALUES (652200, 650000, 2, '652200', 'hmdq', 652200, b'0', b'1', '2018-08-22 17:20:57.000000', NULL, NULL, NULL, NULL, NULL, '哈密地区', NULL);
INSERT INTO `sys_area` VALUES (652300, 650000, 2, '652300', 'cjhzzzz', 652300, b'0', b'1', '2018-08-22 17:20:57.000000', NULL, NULL, NULL, NULL, NULL, '昌吉回族自治州', NULL);
INSERT INTO `sys_area` VALUES (652700, 650000, 2, '652700', 'betlmgzzz', 652700, b'0', b'1', '2018-08-22 17:20:57.000000', NULL, NULL, NULL, NULL, NULL, '博尔塔拉蒙古自治州', NULL);
INSERT INTO `sys_area` VALUES (652800, 650000, 2, '652800', 'byglmgzzz', 652800, b'0', b'1', '2018-08-22 17:20:57.000000', NULL, NULL, NULL, NULL, NULL, '巴音郭楞蒙古自治州', NULL);
INSERT INTO `sys_area` VALUES (652900, 650000, 2, '652900', 'aksdq', 652900, b'0', b'1', '2018-08-22 17:20:57.000000', NULL, NULL, NULL, NULL, NULL, '阿克苏地区', NULL);
INSERT INTO `sys_area` VALUES (653000, 650000, 2, '653000', 'kzlskekzzzz', 653000, b'0', b'1', '2018-08-22 17:20:57.000000', NULL, NULL, NULL, NULL, NULL, '克孜勒苏柯尔克孜自治州', NULL);
INSERT INTO `sys_area` VALUES (653100, 650000, 2, '653100', 'ksdq', 653100, b'0', b'1', '2018-08-22 17:20:57.000000', NULL, NULL, NULL, NULL, NULL, '喀什地区', NULL);
INSERT INTO `sys_area` VALUES (653200, 650000, 2, '653200', 'htdq', 653200, b'0', b'1', '2018-08-22 17:20:57.000000', NULL, NULL, NULL, NULL, NULL, '和田地区', NULL);
INSERT INTO `sys_area` VALUES (654000, 650000, 2, '654000', 'ylhskzzz', 654000, b'0', b'1', '2018-08-22 17:20:57.000000', NULL, NULL, NULL, NULL, NULL, '伊犁哈萨克自治州', NULL);
INSERT INTO `sys_area` VALUES (654200, 650000, 2, '654200', 'tcdq', 654200, b'0', b'1', '2018-08-22 17:20:57.000000', NULL, NULL, NULL, NULL, NULL, '塔城地区', NULL);
INSERT INTO `sys_area` VALUES (654300, 650000, 2, '654300', 'altdq', 654300, b'0', b'1', '2018-08-22 17:20:57.000000', NULL, NULL, NULL, NULL, NULL, '阿勒泰地区', NULL);
INSERT INTO `sys_area` VALUES (810000, 0, 1, '810000', 'xgtbxzq', 810000, b'0', b'1', '2018-08-22 17:20:57.000000', NULL, NULL, NULL, NULL, NULL, '香港特别行政区', NULL);
INSERT INTO `sys_area` VALUES (810100, 810000, 2, '810100', 'xgd', 810100, b'0', b'1', '2018-08-22 17:20:57.000000', NULL, NULL, NULL, NULL, NULL, '香港岛', NULL);
INSERT INTO `sys_area` VALUES (810200, 810000, 2, '810200', 'jl', 810200, b'0', b'1', '2018-08-22 17:20:57.000000', NULL, NULL, NULL, NULL, NULL, '九龙', NULL);
INSERT INTO `sys_area` VALUES (810300, 810000, 2, '810300', 'xj', 810300, b'0', b'1', '2018-08-22 17:20:57.000000', NULL, NULL, NULL, NULL, NULL, '新界', NULL);
INSERT INTO `sys_area` VALUES (820000, 0, 1, '820000', 'amtbxzq', 820000, b'0', b'1', '2018-08-22 17:20:57.000000', NULL, NULL, NULL, NULL, NULL, '澳门特别行政区', NULL);
INSERT INTO `sys_area` VALUES (820100, 820000, 2, '820100', 'ambd', 820100, b'0', b'1', '2018-08-22 17:20:57.000000', NULL, NULL, NULL, NULL, NULL, '澳门半岛', NULL);
INSERT INTO `sys_area` VALUES (820300, 820000, 2, '820300', 'lhd', 820300, b'0', b'1', '2018-08-22 17:20:57.000000', NULL, NULL, NULL, NULL, NULL, '路环岛', NULL);
INSERT INTO `sys_area` VALUES (820400, 820000, 2, '820400', 'dzd', 820400, b'0', b'1', '2018-08-22 17:20:57.000000', NULL, NULL, NULL, NULL, NULL, '凼仔岛', NULL);
INSERT INTO `sys_area` VALUES (830000, 0, 1, '830000', 'tws', 830000, b'0', b'1', '2018-08-22 17:20:57.000000', NULL, NULL, NULL, NULL, NULL, '台湾省', NULL);
INSERT INTO `sys_area` VALUES (830100, 830000, 2, '830100', 'tbs', 830100, b'0', b'1', '2018-08-22 17:20:57.000000', NULL, NULL, NULL, NULL, NULL, '台北市', NULL);
INSERT INTO `sys_area` VALUES (830200, 830000, 2, '830200', 'gxs', 830200, b'0', b'1', '2018-08-22 17:20:57.000000', NULL, NULL, NULL, NULL, NULL, '高雄市', NULL);
INSERT INTO `sys_area` VALUES (830300, 830000, 2, '830300', 'tns', 830300, b'0', b'1', '2018-08-22 17:20:57.000000', NULL, NULL, NULL, NULL, NULL, '台南市', NULL);
INSERT INTO `sys_area` VALUES (830400, 830000, 2, '830400', 'tzs', 830400, b'0', b'1', '2018-08-22 17:20:57.000000', NULL, NULL, NULL, NULL, NULL, '台中市', NULL);
INSERT INTO `sys_area` VALUES (830500, 830000, 2, '830500', 'ntx', 830500, b'0', b'1', '2018-08-22 17:20:57.000000', NULL, NULL, NULL, NULL, NULL, '南投县', NULL);
INSERT INTO `sys_area` VALUES (830600, 830000, 2, '830600', 'jls', 830600, b'0', b'1', '2018-08-22 17:20:57.000000', NULL, NULL, NULL, NULL, NULL, '基隆市', NULL);
INSERT INTO `sys_area` VALUES (830700, 830000, 2, '830700', 'xzs', 830700, b'0', b'1', '2018-08-22 17:20:57.000000', NULL, NULL, NULL, NULL, NULL, '新竹市', NULL);
INSERT INTO `sys_area` VALUES (830800, 830000, 2, '830800', 'jys', 830800, b'0', b'1', '2018-08-22 17:20:57.000000', NULL, NULL, NULL, NULL, NULL, '嘉义市', NULL);
INSERT INTO `sys_area` VALUES (830900, 830000, 2, '830900', 'ylx', 830900, b'0', b'1', '2018-08-22 17:20:57.000000', NULL, NULL, NULL, NULL, NULL, '宜兰县', NULL);
INSERT INTO `sys_area` VALUES (831000, 830000, 2, '831000', 'xzx', 831000, b'0', b'1', '2018-08-22 17:20:57.000000', NULL, NULL, NULL, NULL, NULL, '新竹县', NULL);
INSERT INTO `sys_area` VALUES (831100, 830000, 2, '831100', 'tyx', 831100, b'0', b'1', '2018-08-22 17:20:57.000000', NULL, NULL, NULL, NULL, NULL, '桃园县', NULL);
INSERT INTO `sys_area` VALUES (831200, 830000, 2, '831200', 'mlx', 831200, b'0', b'1', '2018-08-22 17:20:57.000000', NULL, NULL, NULL, NULL, NULL, '苗栗县', NULL);
INSERT INTO `sys_area` VALUES (831300, 830000, 2, '831300', 'zhx', 831300, b'0', b'1', '2018-08-22 17:20:57.000000', NULL, NULL, NULL, NULL, NULL, '彰化县', NULL);
INSERT INTO `sys_area` VALUES (831400, 830000, 2, '831400', 'jyx', 831400, b'0', b'1', '2018-08-22 17:20:57.000000', NULL, NULL, NULL, NULL, NULL, '嘉义县', NULL);
INSERT INTO `sys_area` VALUES (831500, 830000, 2, '831500', 'ylx', 831500, b'0', b'1', '2018-08-22 17:20:57.000000', NULL, NULL, NULL, NULL, NULL, '云林县', NULL);
INSERT INTO `sys_area` VALUES (831600, 830000, 2, '831600', 'pdx', 831600, b'0', b'1', '2018-08-22 17:20:57.000000', NULL, NULL, NULL, NULL, NULL, '屏东县', NULL);
INSERT INTO `sys_area` VALUES (831700, 830000, 2, '831700', 'tdx', 831700, b'0', b'1', '2018-08-22 17:20:57.000000', NULL, NULL, NULL, NULL, NULL, '台东县', NULL);
INSERT INTO `sys_area` VALUES (831800, 830000, 2, '831800', 'hlx', 831800, b'0', b'1', '2018-08-22 17:20:57.000000', NULL, NULL, NULL, NULL, NULL, '花莲县', NULL);
INSERT INTO `sys_area` VALUES (831900, 830000, 2, '831900', 'phx', 831900, b'0', b'1', '2018-08-22 17:20:57.000000', NULL, NULL, NULL, NULL, NULL, '澎湖县', NULL);
INSERT INTO `sys_area` VALUES (832000, 830000, 2, '832000', 'xbs', 832000, b'0', b'1', '2018-08-22 17:20:57.000000', NULL, NULL, NULL, NULL, NULL, '新北市', NULL);
INSERT INTO `sys_area` VALUES (832100, 830000, 2, '832100', 'tzx', 832100, b'0', b'1', '2018-08-22 17:20:57.000000', NULL, NULL, NULL, NULL, NULL, '台中县', NULL);
INSERT INTO `sys_area` VALUES (832200, 830000, 2, '832200', 'ljx', 832200, b'0', b'1', '2018-08-22 17:20:57.000000', NULL, NULL, NULL, NULL, NULL, '连江县', NULL);

-- ----------------------------
-- Table structure for sys_attach
-- ----------------------------
DROP TABLE IF EXISTS `sys_attach`;
CREATE TABLE `sys_attach`  (
  `Id` bigint(20) NOT NULL,
  `FileName` varchar(255) CHARACTER SET utf8 COLLATE utf8_general_ci NULL DEFAULT NULL,
  `FilePath` varchar(255) CHARACTER SET utf8 COLLATE utf8_general_ci NULL DEFAULT NULL,
  `FileSize` bigint(20) NULL DEFAULT NULL,
  `FileExt` varchar(255) CHARACTER SET utf8 COLLATE utf8_general_ci NULL DEFAULT NULL,
  `ThumbPath` varchar(255) CHARACTER SET utf8 COLLATE utf8_general_ci NULL DEFAULT NULL,
  `Tags` varchar(255) CHARACTER SET utf8 COLLATE utf8_general_ci NULL DEFAULT NULL,
  `DeletedMark` bit(1) NULL DEFAULT NULL,
  `CreationTime` datetime(6) NULL DEFAULT NULL,
  `CreatorUserId` bigint(20) NULL DEFAULT NULL,
  `LastModificationTime` datetime(6) NULL DEFAULT NULL,
  `LastModifierUserId` bigint(20) NULL DEFAULT NULL,
  `DeletionTime` datetime(6) NULL DEFAULT NULL,
  `DeleterUserId` bigint(20) NULL DEFAULT NULL,
  PRIMARY KEY (`Id`) USING BTREE
) ENGINE = InnoDB CHARACTER SET = utf8 COLLATE = utf8_general_ci ROW_FORMAT = Compact;

-- ----------------------------
-- Table structure for sys_dict
-- ----------------------------
DROP TABLE IF EXISTS `sys_dict`;
CREATE TABLE `sys_dict`  (
  `Id` bigint(20) NOT NULL AUTO_INCREMENT,
  `ParentId` bigint(20) NOT NULL,
  `EnCode` longtext CHARACTER SET utf8 COLLATE utf8_general_ci NULL,
  `FullName` longtext CHARACTER SET utf8 COLLATE utf8_general_ci NULL,
  `IsTree` bit(1) NULL DEFAULT NULL,
  `Layers` int(11) NULL DEFAULT NULL,
  `SortCode` int(11) NULL DEFAULT NULL,
  `Description` longtext CHARACTER SET utf8 COLLATE utf8_general_ci NULL,
  `EnabledMark` bit(1) NULL DEFAULT NULL,
  `DeletedMark` bit(1) NULL DEFAULT NULL,
  `CreationTime` datetime(6) NULL DEFAULT NULL,
  `CreatorUserId` bigint(20) NULL DEFAULT NULL,
  `LastModificationTime` datetime(6) NULL DEFAULT NULL,
  `LastModifierUserId` bigint(20) NULL DEFAULT NULL,
  `DeletionTime` datetime(6) NULL DEFAULT NULL,
  `DeleterUserId` bigint(20) NULL DEFAULT NULL,
  PRIMARY KEY (`Id`) USING BTREE
) ENGINE = InnoDB AUTO_INCREMENT = 1039768959819321345 CHARACTER SET = utf8 COLLATE = utf8_general_ci ROW_FORMAT = Compact;

-- ----------------------------
-- Records of sys_dict
-- ----------------------------
INSERT INTO `sys_dict` VALUES (1, 0, 'Sys_Items', '通用字典', b'0', NULL, NULL, NULL, b'1', b'0', NULL, NULL, NULL, NULL, NULL, NULL);
INSERT INTO `sys_dict` VALUES (2, 1, '101', '婚姻', b'0', NULL, NULL, NULL, b'1', b'0', NULL, NULL, NULL, NULL, NULL, NULL);
INSERT INTO `sys_dict` VALUES (3, 1, '102', '生育', b'0', NULL, NULL, NULL, b'1', b'0', NULL, NULL, NULL, NULL, NULL, NULL);
INSERT INTO `sys_dict` VALUES (4, 1, '104', '性别', b'0', NULL, NULL, NULL, b'1', b'0', NULL, NULL, NULL, NULL, NULL, NULL);
INSERT INTO `sys_dict` VALUES (5, 1, 'Education', '学历', b'0', NULL, NULL, NULL, b'1', b'0', NULL, NULL, NULL, NULL, NULL, NULL);
INSERT INTO `sys_dict` VALUES (6, 1, 'RoleType', '角色类型', b'0', NULL, NULL, NULL, b'1', b'0', NULL, NULL, NULL, NULL, NULL, NULL);
INSERT INTO `sys_dict` VALUES (7, 1, 'OrganizeType', '组织机构类型', b'0', NULL, NULL, NULL, b'1', b'0', NULL, NULL, NULL, NULL, NULL, NULL);
INSERT INTO `sys_dict` VALUES (1039040492387569664, 0, 'Wx_Items', ' 微信字典', NULL, NULL, 2, NULL, b'1', NULL, '2018-09-10 14:38:52.482379', NULL, NULL, NULL, NULL, NULL);
INSERT INTO `sys_dict` VALUES (1039040683253567488, 1039040492387569664, 'WxAppType', '公众号类型', NULL, NULL, 1, NULL, b'1', NULL, '2018-09-10 14:39:37.987039', NULL, NULL, NULL, NULL, NULL);
INSERT INTO `sys_dict` VALUES (1039768959819321344, 1, 'ResourceModule ', '资源模块', NULL, NULL, 1, NULL, b'1', NULL, '2018-09-12 14:53:32.651707', NULL, NULL, NULL, NULL, NULL);

-- ----------------------------
-- Table structure for sys_dictitem
-- ----------------------------
DROP TABLE IF EXISTS `sys_dictitem`;
CREATE TABLE `sys_dictitem`  (
  `Id` bigint(20) NOT NULL AUTO_INCREMENT,
  `ParentId` bigint(20) NOT NULL,
  `ItemCode` longtext CHARACTER SET utf8 COLLATE utf8_general_ci NULL,
  `ItemName` longtext CHARACTER SET utf8 COLLATE utf8_general_ci NULL,
  `SimpleSpelling` longtext CHARACTER SET utf8 COLLATE utf8_general_ci NULL,
  `IsDefault` bit(1) NULL DEFAULT NULL,
  `Layers` int(11) NULL DEFAULT NULL,
  `SortCode` int(11) NULL DEFAULT NULL,
  `Description` longtext CHARACTER SET utf8 COLLATE utf8_general_ci NULL,
  `EnabledMark` bit(1) NULL DEFAULT NULL,
  `DeletedMark` bit(1) NULL DEFAULT NULL,
  `CreationTime` datetime(6) NULL DEFAULT NULL,
  `CreatorUserId` bigint(20) NULL DEFAULT NULL,
  `LastModificationTime` datetime(6) NULL DEFAULT NULL,
  `LastModifierUserId` bigint(20) NULL DEFAULT NULL,
  `DeletionTime` datetime(6) NULL DEFAULT NULL,
  `DeleterUserId` bigint(20) NULL DEFAULT NULL,
  `DictId` bigint(20) NOT NULL,
  PRIMARY KEY (`Id`) USING BTREE,
  INDEX `IX_Sys_DictItem_DictId`(`DictId`) USING BTREE,
  CONSTRAINT `FK_Sys_DictItem_Sys_Dict_DictId` FOREIGN KEY (`DictId`) REFERENCES `sys_dict` (`Id`) ON DELETE CASCADE ON UPDATE RESTRICT
) ENGINE = InnoDB AUTO_INCREMENT = 1082841865742585857 CHARACTER SET = utf8 COLLATE = utf8_general_ci ROW_FORMAT = Compact;

-- ----------------------------
-- Records of sys_dictitem
-- ----------------------------
INSERT INTO `sys_dictitem` VALUES (1, 0, '1', '已婚', NULL, NULL, NULL, NULL, NULL, b'1', b'0', NULL, NULL, NULL, NULL, NULL, NULL, 2);
INSERT INTO `sys_dictitem` VALUES (2, 0, '2', '未婚', NULL, NULL, NULL, NULL, NULL, b'1', b'0', NULL, NULL, NULL, NULL, NULL, NULL, 2);
INSERT INTO `sys_dictitem` VALUES (3, 0, '3', '离异', NULL, NULL, NULL, NULL, NULL, b'1', b'0', NULL, NULL, NULL, NULL, NULL, NULL, 2);
INSERT INTO `sys_dictitem` VALUES (4, 0, '4', '丧偶', NULL, NULL, NULL, NULL, NULL, b'1', b'0', NULL, NULL, NULL, NULL, NULL, NULL, 2);
INSERT INTO `sys_dictitem` VALUES (5, 0, '5', '其它', NULL, NULL, NULL, NULL, NULL, b'1', b'0', NULL, NULL, NULL, NULL, NULL, NULL, 2);
INSERT INTO `sys_dictitem` VALUES (6, 0, '1', '未育', NULL, NULL, NULL, NULL, NULL, b'1', b'0', NULL, NULL, NULL, NULL, NULL, NULL, 3);
INSERT INTO `sys_dictitem` VALUES (7, 0, '2', '已育', NULL, NULL, NULL, NULL, NULL, b'1', b'0', NULL, NULL, NULL, NULL, NULL, NULL, 3);
INSERT INTO `sys_dictitem` VALUES (8, 0, '3', '其它', NULL, NULL, NULL, NULL, NULL, b'1', b'0', NULL, NULL, NULL, NULL, NULL, NULL, 3);
INSERT INTO `sys_dictitem` VALUES (9, 0, '1', '男', NULL, NULL, NULL, NULL, NULL, b'1', b'0', NULL, NULL, NULL, NULL, NULL, NULL, 4);
INSERT INTO `sys_dictitem` VALUES (10, 0, '0', '女', NULL, NULL, NULL, NULL, NULL, b'1', b'0', NULL, NULL, NULL, NULL, NULL, NULL, 4);
INSERT INTO `sys_dictitem` VALUES (11, 0, '1', '小学', NULL, NULL, NULL, NULL, NULL, b'1', b'0', NULL, NULL, NULL, NULL, NULL, NULL, 5);
INSERT INTO `sys_dictitem` VALUES (12, 0, '2', '初中', NULL, NULL, NULL, NULL, NULL, b'1', b'0', NULL, NULL, NULL, NULL, NULL, NULL, 5);
INSERT INTO `sys_dictitem` VALUES (13, 0, '3', '高中', NULL, NULL, NULL, NULL, NULL, b'1', b'0', NULL, NULL, NULL, NULL, NULL, NULL, 5);
INSERT INTO `sys_dictitem` VALUES (14, 0, '4', '中专', NULL, NULL, NULL, NULL, NULL, b'1', b'0', NULL, NULL, NULL, NULL, NULL, NULL, 5);
INSERT INTO `sys_dictitem` VALUES (15, 0, '5', '大专', NULL, NULL, NULL, NULL, NULL, b'1', b'0', NULL, NULL, NULL, NULL, NULL, NULL, 5);
INSERT INTO `sys_dictitem` VALUES (16, 0, '6', '本科', NULL, NULL, NULL, NULL, NULL, b'1', b'0', NULL, NULL, NULL, NULL, NULL, NULL, 5);
INSERT INTO `sys_dictitem` VALUES (17, 0, '7', '硕士', NULL, NULL, NULL, NULL, NULL, b'1', b'0', NULL, NULL, NULL, NULL, NULL, NULL, 5);
INSERT INTO `sys_dictitem` VALUES (18, 0, '8', '博士', NULL, NULL, NULL, NULL, NULL, b'1', b'0', NULL, NULL, NULL, NULL, NULL, NULL, 5);
INSERT INTO `sys_dictitem` VALUES (19, 0, '9', '其它', NULL, NULL, NULL, NULL, NULL, b'1', b'0', NULL, NULL, NULL, NULL, '2019-01-09 14:58:03.739566', NULL, 5);
INSERT INTO `sys_dictitem` VALUES (20, 0, 'SystemRole', '系统角色', NULL, b'0', NULL, 1, '&nbsp;', b'1', b'0', NULL, NULL, NULL, NULL, NULL, NULL, 6);
INSERT INTO `sys_dictitem` VALUES (21, 0, 'BusinessRole', '业务角色', NULL, b'0', NULL, 2, '&nbsp;', b'1', b'0', NULL, NULL, NULL, NULL, NULL, NULL, 6);
INSERT INTO `sys_dictitem` VALUES (22, 0, 'OtherRole', '其他角色', NULL, b'0', NULL, 3, '&nbsp;', b'1', b'0', NULL, NULL, NULL, NULL, NULL, NULL, 6);
INSERT INTO `sys_dictitem` VALUES (23, 0, 'Group', '集团', NULL, NULL, NULL, NULL, NULL, b'1', b'0', NULL, NULL, NULL, NULL, NULL, NULL, 7);
INSERT INTO `sys_dictitem` VALUES (24, 0, 'Company', '公司', NULL, NULL, NULL, NULL, NULL, b'1', b'0', NULL, NULL, NULL, NULL, NULL, NULL, 7);
INSERT INTO `sys_dictitem` VALUES (25, 0, 'Department', '部门', NULL, NULL, NULL, NULL, NULL, b'1', b'0', NULL, NULL, NULL, NULL, NULL, NULL, 7);
INSERT INTO `sys_dictitem` VALUES (26, 0, 'WorkGroup', '小组', NULL, NULL, NULL, NULL, NULL, b'1', b'0', NULL, NULL, NULL, NULL, NULL, NULL, 7);
INSERT INTO `sys_dictitem` VALUES (1039040761267621888, 0, 'Subscribe', '订阅号', NULL, b'0', NULL, 1, '&nbsp;', b'1', NULL, '2018-09-10 14:39:56.587612', 1, NULL, NULL, NULL, NULL, 1039040683253567488);
INSERT INTO `sys_dictitem` VALUES (1039040812123557888, 0, 'Service', '服务号', NULL, b'0', NULL, 2, '&nbsp;', b'1', NULL, '2018-09-10 14:40:08.712272', 1, NULL, NULL, NULL, NULL, 1039040683253567488);
INSERT INTO `sys_dictitem` VALUES (1039040847762558976, 0, 'Enterprise', '企业号', NULL, b'0', NULL, 3, '&nbsp;', b'1', NULL, '2018-09-10 14:40:17.209378', 1, NULL, NULL, NULL, NULL, 1039040683253567488);
INSERT INTO `sys_dictitem` VALUES (1039040879412776960, 0, 'Test', '测试号', NULL, b'0', NULL, 4, '&nbsp;', b'1', NULL, '2018-09-10 14:40:24.755513', 1, NULL, NULL, NULL, NULL, 1039040683253567488);
INSERT INTO `sys_dictitem` VALUES (1039769040232517632, 0, 'System', '系统管理', NULL, b'0', NULL, 1, '&nbsp;', b'1', NULL, '2018-09-12 14:53:51.824083', 1, NULL, NULL, NULL, NULL, 1039768959819321344);
INSERT INTO `sys_dictitem` VALUES (1039769157958242304, 0, 'Weixin', '微信管理', NULL, b'0', NULL, 4, '&nbsp;', b'1', NULL, '2018-09-12 14:54:19.891318', 1, NULL, NULL, NULL, NULL, 1039768959819321344);
INSERT INTO `sys_dictitem` VALUES (1055092012904222720, 0, 'Example', 'Example', NULL, b'0', NULL, 3, NULL, b'1', NULL, '2018-10-24 21:41:53.195257', 1, NULL, NULL, NULL, NULL, 1039768959819321344);
INSERT INTO `sys_dictitem` VALUES (1082841865742585856, 0, 'Security', '系统安全', NULL, b'0', NULL, 2, NULL, b'1', NULL, '2019-01-09 11:29:53.679628', 1, NULL, NULL, NULL, NULL, 1039768959819321344);

-- ----------------------------
-- Table structure for sys_loginlog
-- ----------------------------
DROP TABLE IF EXISTS `sys_loginlog`;
CREATE TABLE `sys_loginlog`  (
  `Id` bigint(20) NOT NULL AUTO_INCREMENT,
  `UserId` bigint(20) NOT NULL,
  `UserName` longtext CHARACTER SET utf8 COLLATE utf8_general_ci NULL,
  `OperateTime` datetime(6) NULL DEFAULT NULL,
  `IpAddress` longtext CHARACTER SET utf8 COLLATE utf8_general_ci NULL,
  `IpAddressLocation` longtext CHARACTER SET utf8 COLLATE utf8_general_ci NULL,
  `DeletedMark` bit(1) NULL DEFAULT NULL,
  `CreationTime` datetime(6) NULL DEFAULT NULL,
  `CreatorUserId` bigint(20) NULL DEFAULT NULL,
  `LastModificationTime` datetime(6) NULL DEFAULT NULL,
  `LastModifierUserId` bigint(20) NULL DEFAULT NULL,
  `DeletionTime` datetime(6) NULL DEFAULT NULL,
  `DeleterUserId` bigint(20) NULL DEFAULT NULL,
  `Description` longtext CHARACTER SET utf8 COLLATE utf8_general_ci NULL,
  `OperateResult` bit(1) NULL DEFAULT NULL,
  `OperateType` longtext CHARACTER SET utf8 COLLATE utf8_general_ci NULL,
  PRIMARY KEY (`Id`) USING BTREE
) ENGINE = InnoDB AUTO_INCREMENT = 1088820220522532865 CHARACTER SET = utf8 COLLATE = utf8_general_ci ROW_FORMAT = Compact;

-- ----------------------------
-- Records of sys_loginlog
-- ----------------------------
INSERT INTO `sys_loginlog` VALUES (1081093697954779136, 1032079319188508672, 'admin', '2019-01-04 15:43:17.498042', '127.0.0.1', 'Localhost', b'0', '2019-01-04 15:43:17.999975', NULL, NULL, NULL, NULL, NULL, '安全退出。', b'1', 'Logout');
INSERT INTO `sys_loginlog` VALUES (1081093811314233344, 1035359633864265728, 'flyang', '2019-01-04 15:43:44.678381', '::1', '本地', b'0', '2019-01-04 15:43:45.026069', NULL, NULL, NULL, NULL, NULL, '系统登录，登录成功。', b'1', 'Login');
INSERT INTO `sys_loginlog` VALUES (1081093835913826304, 1035359633864265728, 'flyang', '2019-01-04 15:43:50.614365', '127.0.0.1', 'Localhost', b'0', '2019-01-04 15:43:50.891930', NULL, NULL, NULL, NULL, NULL, '安全退出。', b'1', 'Logout');
INSERT INTO `sys_loginlog` VALUES (1081093991551864832, 1032079319188508672, 'admin', '2019-01-04 15:44:27.660320', '222.240.1.188', '湖南省长沙市 电信', b'0', '2019-01-04 15:44:27.998476', NULL, NULL, NULL, NULL, NULL, '系统登录，登录成功。', b'1', 'Login');
INSERT INTO `sys_loginlog` VALUES (1081110642733223936, 1032079319188508672, 'admin', '2019-01-04 16:50:37.452182', '127.0.0.1', '', b'0', '2019-01-04 16:50:37.949447', NULL, NULL, NULL, NULL, NULL, '安全退出。', b'1', 'Logout');
INSERT INTO `sys_loginlog` VALUES (1081110672269512704, 1035359633864265728, 'flyang', '2019-01-04 16:50:44.587054', '127.0.0.1', '', b'0', '2019-01-04 16:50:44.991386', NULL, NULL, NULL, NULL, NULL, '系统登录，登录成功。', b'1', 'Login');
INSERT INTO `sys_loginlog` VALUES (1082083447603859456, 1035359633864265728, 'flyang', '2019-01-07 09:16:11.242545', '::1', '', b'0', '2019-01-07 09:16:12.704430', NULL, NULL, NULL, NULL, NULL, '系统登录，登录成功。', b'1', 'Login');
INSERT INTO `sys_loginlog` VALUES (1082083498543681536, 1035359633864265728, 'flyang', '2019-01-07 09:16:24.532516', '::1', '', b'0', '2019-01-07 09:16:24.849223', NULL, NULL, NULL, NULL, NULL, '安全退出。', b'1', 'Logout');
INSERT INTO `sys_loginlog` VALUES (1082083597789302784, 1032079319188508672, 'admin', '2019-01-07 09:16:48.208735', '::1', '', b'0', '2019-01-07 09:16:48.511115', NULL, NULL, NULL, NULL, NULL, '系统登录，登录成功。', b'1', 'Login');
INSERT INTO `sys_loginlog` VALUES (1082276019760664576, 1035359633864265728, 'flyang', '2019-01-07 22:01:24.262765', '::1', '', b'0', '2019-01-07 22:01:25.485052', NULL, NULL, NULL, NULL, NULL, '系统登录，登录成功。', b'1', 'Login');
INSERT INTO `sys_loginlog` VALUES (1082277629006057472, 1035359633864265728, 'flyang', '2019-01-07 22:07:48.084035', '::1', '', b'0', '2019-01-07 22:07:49.158361', NULL, NULL, NULL, NULL, NULL, '安全退出。', b'1', 'Logout');
INSERT INTO `sys_loginlog` VALUES (1082277669330096128, 1032079319188508672, 'admin', '2019-01-07 22:07:58.250065', '::1', '', b'0', '2019-01-07 22:07:58.772837', NULL, NULL, NULL, NULL, NULL, '系统登录，登录成功。', b'1', 'Login');
INSERT INTO `sys_loginlog` VALUES (1082277810736861184, 1032079319188508672, 'admin', '2019-01-07 22:08:32.019885', '::1', '', b'0', '2019-01-07 22:08:32.486103', NULL, NULL, NULL, NULL, NULL, '安全退出。', b'1', 'Logout');
INSERT INTO `sys_loginlog` VALUES (1082277849190240256, 1032079319188508672, 'admin', '2019-01-07 22:08:41.170402', '::1', '', b'0', '2019-01-07 22:08:41.654467', NULL, NULL, NULL, NULL, NULL, '系统登录，登录成功。', b'1', 'Login');
INSERT INTO `sys_loginlog` VALUES (1082278137821270016, 1032079319188508672, 'admin', '2019-01-07 22:09:49.798255', '::1', '', b'0', '2019-01-07 22:09:50.469729', NULL, NULL, NULL, NULL, NULL, '安全退出。', b'1', 'Logout');
INSERT INTO `sys_loginlog` VALUES (1082278181374922752, 1032079319188508672, 'admin', '2019-01-07 22:10:00.352150', '::1', '', b'0', '2019-01-07 22:10:00.853131', NULL, NULL, NULL, NULL, NULL, '系统登录，登录成功。', b'1', 'Login');
INSERT INTO `sys_loginlog` VALUES (1082444150563016704, 1032079319188508672, 'admin', '2019-01-08 09:09:29.536765', '::1', '', b'0', '2019-01-08 09:09:30.991913', NULL, NULL, NULL, NULL, NULL, '系统登录，登录成功。', b'1', 'Login');
INSERT INTO `sys_loginlog` VALUES (1082524344531423232, 1032079319188508672, 'admin', '2019-01-08 14:28:09.562487', '::1', '', b'0', '2019-01-08 14:28:10.724081', NULL, NULL, NULL, NULL, NULL, '系统登录，登录成功。', b'1', 'Login');
INSERT INTO `sys_loginlog` VALUES (1082531444569542656, 1032079319188508672, 'admin', '2019-01-08 14:56:23.117922', '127.0.0.1', '', b'0', '2019-01-08 14:56:23.504156', NULL, NULL, NULL, NULL, NULL, '安全退出。', b'1', 'Logout');
INSERT INTO `sys_loginlog` VALUES (1082531474240049152, 1032079319188508672, 'admin', '2019-01-08 14:56:30.279631', '127.0.0.1', '', b'0', '2019-01-08 14:56:30.578092', NULL, NULL, NULL, NULL, NULL, '系统登录，登录成功。', b'1', 'Login');
INSERT INTO `sys_loginlog` VALUES (1082534062586990592, 1032079319188508672, 'admin', '2019-01-08 15:06:47.279326', '127.0.0.1', '', b'0', '2019-01-08 15:06:47.688742', NULL, NULL, NULL, NULL, NULL, '安全退出。', b'1', 'Logout');
INSERT INTO `sys_loginlog` VALUES (1082534089401176064, 1035359633864265728, 'flyang', '2019-01-08 15:06:53.820788', '127.0.0.1', '', b'0', '2019-01-08 15:06:54.081261', NULL, NULL, NULL, NULL, NULL, '系统登录，登录成功。', b'1', 'Login');
INSERT INTO `sys_loginlog` VALUES (1082534110196535296, 1035359633864265728, 'flyang', '2019-01-08 15:06:58.857419', '127.0.0.1', '', b'0', '2019-01-08 15:06:59.039138', NULL, NULL, NULL, NULL, NULL, '安全退出。', b'1', 'Logout');
INSERT INTO `sys_loginlog` VALUES (1082534133336510464, 1032079319188508672, 'admin', '2019-01-08 15:07:04.305299', '127.0.0.1', '', b'0', '2019-01-08 15:07:04.556760', NULL, NULL, NULL, NULL, NULL, '系统登录，登录成功。', b'1', 'Login');
INSERT INTO `sys_loginlog` VALUES (1082542918411096064, 1032079319188508672, 'admin', '2019-01-08 15:41:58.893940', '127.0.0.1', '', b'0', '2019-01-08 15:41:59.081625', NULL, NULL, NULL, NULL, NULL, '安全退出。', b'1', 'Logout');
INSERT INTO `sys_loginlog` VALUES (1082542945627934720, 1032079319188508672, 'admin', '2019-01-08 15:42:05.455917', '127.0.0.1', '', b'0', '2019-01-08 15:42:05.570001', NULL, NULL, NULL, NULL, NULL, '系统登录，登录成功。', b'1', 'Login');
INSERT INTO `sys_loginlog` VALUES (1082543987203641344, 1032079319188508672, 'admin', '2019-01-08 15:46:13.820212', '127.0.0.1', '', b'0', '2019-01-08 15:46:13.901567', NULL, NULL, NULL, NULL, NULL, '安全退出。', b'1', 'Logout');
INSERT INTO `sys_loginlog` VALUES (1082544018912579584, 1032079319188508672, 'admin', '2019-01-08 15:46:21.363851', '127.0.0.1', '', b'0', '2019-01-08 15:46:21.461402', NULL, NULL, NULL, NULL, NULL, '系统登录，登录成功。', b'1', 'Login');
INSERT INTO `sys_loginlog` VALUES (1082565374442082304, 1032079319188508672, 'admin', '2019-01-08 17:11:12.556013', '127.0.0.1', '', b'0', '2019-01-08 17:11:13.016325', NULL, NULL, NULL, NULL, NULL, '安全退出。', b'1', 'Logout');
INSERT INTO `sys_loginlog` VALUES (1082565403835764736, 1032079319188508672, 'admin', '2019-01-08 17:11:19.631210', '127.0.0.1', '', b'0', '2019-01-08 17:11:20.024551', NULL, NULL, NULL, NULL, NULL, '系统登录，登录成功。', b'1', 'Login');
INSERT INTO `sys_loginlog` VALUES (1082805336844406784, 1032079319188508672, 'admin', '2019-01-09 09:04:42.583042', '127.0.0.1', '', b'0', '2019-01-09 09:04:44.511796', NULL, NULL, NULL, NULL, NULL, '系统登录，登录成功。', b'1', 'Login');
INSERT INTO `sys_loginlog` VALUES (1082827238656839680, 1032079319188508672, 'admin', '2019-01-09 10:31:45.148747', '::1', '', b'0', '2019-01-09 10:31:46.310990', NULL, NULL, NULL, NULL, NULL, '系统登录，登录成功。', b'1', 'Login');
INSERT INTO `sys_loginlog` VALUES (1082927761737256960, 1032079319188508672, 'admin', '2019-01-09 17:11:11.995717', '::1', '', b'0', '2019-01-09 17:11:12.880367', NULL, NULL, NULL, NULL, NULL, '系统登录，登录成功。', b'1', 'Login');
INSERT INTO `sys_loginlog` VALUES (1082928811970007040, 1032079319188508672, 'admin', '2019-01-09 17:15:22.300429', '::1', '', b'0', '2019-01-09 17:15:23.275916', NULL, NULL, NULL, NULL, NULL, '系统登录，登录成功。', b'1', 'Login');
INSERT INTO `sys_loginlog` VALUES (1082997807578746880, 1032079319188508672, 'admin', '2019-01-09 21:49:32.275851', '::1', '', b'0', '2019-01-09 21:49:33.110393', NULL, NULL, NULL, NULL, NULL, '系统登录，登录成功。', b'1', 'Login');
INSERT INTO `sys_loginlog` VALUES (1083008161570492416, 1032079319188508672, 'admin', '2019-01-09 22:30:40.689514', '::1', '', b'0', '2019-01-09 22:30:41.694384', NULL, NULL, NULL, NULL, NULL, '系统登录，登录成功。', b'1', 'Login');
INSERT INTO `sys_loginlog` VALUES (1083198990390005760, 1032079319188508672, 'admin', '2019-01-10 11:08:58.265100', '::1', '', b'0', '2019-01-10 11:08:58.830553', NULL, NULL, NULL, NULL, NULL, '系统登录，登录成功。', b'1', 'Login');
INSERT INTO `sys_loginlog` VALUES (1083251478031896576, 1032079319188508672, 'admin', '2019-01-10 14:37:32.120446', '::1', '', b'0', '2019-01-10 14:37:32.859449', NULL, NULL, NULL, NULL, NULL, '系统登录，登录成功。', b'1', 'Login');
INSERT INTO `sys_loginlog` VALUES (1083263212377477120, 1032079319188508672, 'admin', '2019-01-10 15:24:10.350349', '::1', '', b'0', '2019-01-10 15:24:10.545343', NULL, NULL, NULL, NULL, NULL, '安全退出。', b'1', 'Logout');
INSERT INTO `sys_loginlog` VALUES (1083263237417472000, 1032079319188508672, 'admin', '2019-01-10 15:24:16.358337', '::1', '', b'0', '2019-01-10 15:24:16.515888', NULL, NULL, NULL, NULL, NULL, '系统登录，登录成功。', b'1', 'Login');
INSERT INTO `sys_loginlog` VALUES (1087528435229790208, 0, 'admin', '2019-01-22 09:52:38.239231', '127.0.0.1', '', b'0', '2019-01-22 09:52:38.917099', NULL, NULL, NULL, NULL, NULL, '系统登录，验证码错误，请重新输入。', b'0', 'Login');
INSERT INTO `sys_loginlog` VALUES (1087530367298179072, 0, 'admin', '2019-01-22 10:00:18.376002', '127.0.0.1', '', b'0', '2019-01-22 10:00:19.558516', NULL, NULL, NULL, NULL, NULL, '系统登录，密码不正确，请重新输入。', b'0', 'Login');
INSERT INTO `sys_loginlog` VALUES (1087530420389679104, 1032079319188508672, 'admin', '2019-01-22 10:00:31.768765', '127.0.0.1', '', b'0', '2019-01-22 10:00:32.216577', NULL, NULL, NULL, NULL, NULL, '系统登录，登录成功。', b'1', 'Login');
INSERT INTO `sys_loginlog` VALUES (1087530466866761728, 1032079319188508672, 'admin', '2019-01-22 10:00:43.053672', '127.0.0.1', '', b'0', '2019-01-22 10:00:43.297610', NULL, NULL, NULL, NULL, NULL, '安全退出。', b'1', 'Logout');
INSERT INTO `sys_loginlog` VALUES (1087530515239669760, 1032079319188508672, 'admin', '2019-01-22 10:00:54.603846', '127.0.0.1', '', b'0', '2019-01-22 10:00:54.830053', NULL, NULL, NULL, NULL, NULL, '系统登录，登录成功。', b'1', 'Login');
INSERT INTO `sys_loginlog` VALUES (1087531089330835456, 1032079319188508672, 'admin', '2019-01-22 10:03:11.127331', '127.0.0.1', '', b'0', '2019-01-22 10:03:11.704834', NULL, NULL, NULL, NULL, NULL, '安全退出。', b'1', 'Logout');
INSERT INTO `sys_loginlog` VALUES (1087531175825772544, 1032079319188508672, 'admin', '2019-01-22 10:03:31.763542', '127.0.0.1', '', b'0', '2019-01-22 10:03:32.326681', NULL, NULL, NULL, NULL, NULL, '系统登录，登录成功。', b'1', 'Login');
INSERT INTO `sys_loginlog` VALUES (1087532414038839296, 1032079319188508672, 'admin', '2019-01-22 10:08:27.035825', '::1', '', b'0', '2019-01-22 10:08:27.539422', NULL, NULL, NULL, NULL, NULL, '安全退出。', b'1', 'Logout');
INSERT INTO `sys_loginlog` VALUES (1087532827341361152, 0, 'admin', '2019-01-22 10:10:05.715283', '127.0.0.1', '', b'0', '2019-01-22 10:10:06.078711', NULL, NULL, NULL, NULL, NULL, '系统登录，验证码错误，请重新输入。', b'0', 'Login');
INSERT INTO `sys_loginlog` VALUES (1087532852247138304, 0, 'admin', '2019-01-22 10:10:11.596563', '127.0.0.1', '', b'0', '2019-01-22 10:10:12.016520', NULL, NULL, NULL, NULL, NULL, '系统登录，验证码错误，请重新输入。', b'0', 'Login');
INSERT INTO `sys_loginlog` VALUES (1087533006333284352, 0, 'admin', '2019-01-22 10:10:43.328218', '127.0.0.1', '', b'0', '2019-01-22 10:10:48.753673', NULL, NULL, NULL, NULL, NULL, '系统登录，验证码错误，请重新输入。', b'0', 'Login');
INSERT INTO `sys_loginlog` VALUES (1087533371933986816, 1032079319188508672, 'admin', '2019-01-22 10:12:14.647537', '127.0.0.1', '', b'0', '2019-01-22 10:12:15.919123', NULL, NULL, NULL, NULL, NULL, '系统登录，登录成功。', b'1', 'Login');
INSERT INTO `sys_loginlog` VALUES (1087533930963406848, 1032079319188508672, 'admin', '2019-01-22 10:14:28.702801', '127.0.0.1', '', b'0', '2019-01-22 10:14:29.202490', NULL, NULL, NULL, NULL, NULL, '安全退出。', b'1', 'Logout');
INSERT INTO `sys_loginlog` VALUES (1087534871829680128, 1032079319188508672, 'admin', '2019-01-22 10:18:12.227317', '127.0.0.1', '', b'0', '2019-01-22 10:18:13.522884', NULL, NULL, NULL, NULL, NULL, '系统登录，登录成功。', b'1', 'Login');
INSERT INTO `sys_loginlog` VALUES (1087535005690892288, 1032079319188508672, 'admin', '2019-01-22 10:18:44.950775', '127.0.0.1', '', b'0', '2019-01-22 10:18:45.437481', NULL, NULL, NULL, NULL, NULL, '安全退出。', b'1', 'Logout');
INSERT INTO `sys_loginlog` VALUES (1087535042521075712, 1032079319188508672, 'admin', '2019-01-22 10:18:53.657070', '127.0.0.1', '', b'0', '2019-01-22 10:18:54.218209', NULL, NULL, NULL, NULL, NULL, '系统登录，登录成功。', b'1', 'Login');
INSERT INTO `sys_loginlog` VALUES (1087634413950472192, 1032079319188508672, 'admin', '2019-01-22 16:53:45.780115', '::1', '', b'0', '2019-01-22 16:53:46.213270', NULL, NULL, NULL, NULL, NULL, '安全退出。', b'1', 'Logout');
INSERT INTO `sys_loginlog` VALUES (1087638675350753280, 1032079319188508672, 'admin', '2019-01-22 17:10:40.965758', '127.0.0.1', '', b'0', '2019-01-22 17:10:42.210816', NULL, NULL, NULL, NULL, NULL, '系统登录，登录成功。', b'1', 'Login');
INSERT INTO `sys_loginlog` VALUES (1087644555513303040, 1032079319188508672, 'admin', '2019-01-22 17:34:02.915586', '::1', '', b'0', '2019-01-22 17:34:04.150740', NULL, NULL, NULL, NULL, NULL, '系统登录，登录成功。', b'1', 'Login');
INSERT INTO `sys_loginlog` VALUES (1087647460765077504, 1032079319188508672, 'admin', '2019-01-22 17:45:35.688446', '::1', '', b'0', '2019-01-22 17:45:36.816376', NULL, NULL, NULL, NULL, NULL, '系统登录，登录成功。', b'1', 'Login');
INSERT INTO `sys_loginlog` VALUES (1087648425928953856, 1032079319188508672, 'admin', '2019-01-22 17:49:26.366276', '::1', '', b'0', '2019-01-22 17:49:26.929504', NULL, NULL, NULL, NULL, NULL, '安全退出。', b'1', 'Logout');
INSERT INTO `sys_loginlog` VALUES (1087648489602682880, 1032079319188508672, 'admin', '2019-01-22 17:49:41.502056', '::1', '', b'0', '2019-01-22 17:49:42.110328', NULL, NULL, NULL, NULL, NULL, '系统登录，登录成功。', b'1', 'Login');
INSERT INTO `sys_loginlog` VALUES (1088815501540462592, 1032079319188508672, 'admin', '2019-01-25 23:06:58.415700', '::1', '', b'0', '2019-01-25 23:06:59.438591', NULL, NULL, NULL, NULL, NULL, '系统登录，登录成功。', b'1', 'Login');
INSERT INTO `sys_loginlog` VALUES (1088820220522532864, 1032079319188508672, 'admin', '2019-01-25 23:25:43.222216', '::1', '', b'0', '2019-01-25 23:25:44.531735', NULL, NULL, NULL, NULL, NULL, '系统登录，登录成功。', b'1', 'Login');

-- ----------------------------
-- Table structure for sys_operatelog
-- ----------------------------
DROP TABLE IF EXISTS `sys_operatelog`;
CREATE TABLE `sys_operatelog`  (
  `Id` bigint(20) NOT NULL AUTO_INCREMENT,
  `UserId` bigint(20) NOT NULL,
  `UserName` longtext CHARACTER SET utf8 COLLATE utf8_general_ci NULL,
  `Method` longtext CHARACTER SET utf8 COLLATE utf8_general_ci NULL,
  `OperateTime` datetime(6) NULL DEFAULT NULL,
  `Parameter` longtext CHARACTER SET utf8 COLLATE utf8_general_ci NULL,
  `Area` longtext CHARACTER SET utf8 COLLATE utf8_general_ci NULL,
  `Controller` longtext CHARACTER SET utf8 COLLATE utf8_general_ci NULL,
  `Action` longtext CHARACTER SET utf8 COLLATE utf8_general_ci NULL,
  `DeletedMark` bit(1) NULL DEFAULT NULL,
  `CreationTime` datetime(6) NULL DEFAULT NULL,
  `CreatorUserId` bigint(20) NULL DEFAULT NULL,
  `LastModificationTime` datetime(6) NULL DEFAULT NULL,
  `LastModifierUserId` bigint(20) NULL DEFAULT NULL,
  `DeletionTime` datetime(6) NULL DEFAULT NULL,
  `DeleterUserId` bigint(20) NULL DEFAULT NULL,
  `Description` longtext CHARACTER SET utf8 COLLATE utf8_general_ci NULL,
  PRIMARY KEY (`Id`) USING BTREE
) ENGINE = InnoDB AUTO_INCREMENT = 1088821295044497409 CHARACTER SET = utf8 COLLATE = utf8_general_ci ROW_FORMAT = Compact;

-- ----------------------------
-- Records of sys_operatelog
-- ----------------------------
INSERT INTO `sys_operatelog` VALUES (1087648565511196672, 1035359633864265728, 'flyang', 'Task', NULL, NULL, 'hangfire', 'OperateLog', 'TaskTest1', b'0', '2019-01-22 17:50:00.208709', NULL, NULL, NULL, NULL, NULL, NULL);
INSERT INTO `sys_operatelog` VALUES (1087648817458843648, 1035359633864265728, 'flyang', 'Task', NULL, NULL, 'hangfire', 'OperateLog', 'TaskTest1', b'0', '2019-01-22 17:51:00.277381', NULL, NULL, NULL, NULL, NULL, NULL);
INSERT INTO `sys_operatelog` VALUES (1087649069481988096, 1035359633864265728, 'flyang', 'Task', NULL, NULL, 'hangfire', 'OperateLog', 'TaskTest1', b'0', '2019-01-22 17:52:00.364142', NULL, NULL, NULL, NULL, NULL, NULL);
INSERT INTO `sys_operatelog` VALUES (1087649321442217984, 1035359633864265728, 'flyang', 'Task', NULL, NULL, 'hangfire', 'OperateLog', 'TaskTest1', b'0', '2019-01-22 17:53:00.436546', NULL, NULL, NULL, NULL, NULL, NULL);
INSERT INTO `sys_operatelog` VALUES (1087649573339533312, 1035359633864265728, 'flyang', 'Task', NULL, NULL, 'hangfire', 'OperateLog', 'TaskTest1', b'0', '2019-01-22 17:54:00.493565', NULL, NULL, NULL, NULL, NULL, NULL);
INSERT INTO `sys_operatelog` VALUES (1087649825291374592, 1035359633864265728, 'flyang', 'Task', NULL, NULL, 'hangfire', 'OperateLog', 'TaskTest1', b'0', '2019-01-22 17:55:00.563222', NULL, NULL, NULL, NULL, NULL, NULL);
INSERT INTO `sys_operatelog` VALUES (1087650077268381696, 1035359633864265728, 'flyang', 'Task', NULL, NULL, 'hangfire', 'OperateLog', 'TaskTest1', b'0', '2019-01-22 17:56:00.639385', NULL, NULL, NULL, NULL, NULL, NULL);
INSERT INTO `sys_operatelog` VALUES (1087650329174085632, 1035359633864265728, 'flyang', 'Task', NULL, NULL, 'hangfire', 'OperateLog', 'TaskTest1', b'0', '2019-01-22 17:57:00.698701', NULL, NULL, NULL, NULL, NULL, NULL);
INSERT INTO `sys_operatelog` VALUES (1088816511897964544, 1035359633864265728, 'flyang', 'Task', NULL, NULL, 'hangfire', 'OperateLog', 'TaskTest1', b'0', '2019-01-25 23:11:00.326198', NULL, NULL, NULL, NULL, NULL, NULL);
INSERT INTO `sys_operatelog` VALUES (1088816604541751296, 1035359633864265728, 'flyang', 'Task', NULL, NULL, 'hangfire', 'OperateLog', 'TaskTest1', b'0', '2019-01-25 23:11:22.414131', NULL, NULL, NULL, NULL, NULL, NULL);
INSERT INTO `sys_operatelog` VALUES (1088816604575305728, 1035359633864265728, 'flyang', 'Task', NULL, NULL, 'hangfire', 'OperateLog', 'TaskTest1', b'0', '2019-01-25 23:11:22.422188', NULL, NULL, NULL, NULL, NULL, NULL);
INSERT INTO `sys_operatelog` VALUES (1088816793482563584, 1035359633864265728, 'flyang', 'Task', NULL, NULL, 'hangfire', 'OperateLog', 'TaskTest1', b'0', '2019-01-25 23:12:07.461217', NULL, NULL, NULL, NULL, NULL, NULL);
INSERT INTO `sys_operatelog` VALUES (1088816856564895744, 1035359633864265728, 'flyang', 'Task', NULL, NULL, 'hangfire', 'OperateLog', 'TaskTest1', b'0', '2019-01-25 23:12:22.501666', NULL, NULL, NULL, NULL, NULL, NULL);
INSERT INTO `sys_operatelog` VALUES (1088817015961030656, 1035359633864265728, 'flyang', 'Task', NULL, NULL, 'hangfire', 'OperateLog', 'TaskTest1', b'0', '2019-01-25 23:13:00.504048', NULL, NULL, NULL, NULL, NULL, NULL);
INSERT INTO `sys_operatelog` VALUES (1088817045392461824, 1035359633864265728, 'flyang', 'Task', NULL, NULL, 'hangfire', 'OperateLog', 'TaskTest1', b'0', '2019-01-25 23:13:07.521417', NULL, NULL, NULL, NULL, NULL, NULL);
INSERT INTO `sys_operatelog` VALUES (1088817620230213632, 1035359633864265728, 'flyang', 'Task', NULL, NULL, 'hangfire', 'OperateLog', 'TaskTest1', b'0', '2019-01-25 23:15:24.573850', NULL, NULL, NULL, NULL, NULL, NULL);
INSERT INTO `sys_operatelog` VALUES (1088817771493593088, 1035359633864265728, 'flyang', 'Task', NULL, NULL, 'hangfire', 'OperateLog', 'TaskTest1', b'0', '2019-01-25 23:16:00.637663', NULL, NULL, NULL, NULL, NULL, NULL);
INSERT INTO `sys_operatelog` VALUES (1088818275560853504, 1035359633864265728, 'flyang', 'Task', NULL, NULL, 'hangfire', 'OperateLog', 'TaskTest1', b'0', '2019-01-25 23:18:00.816316', NULL, NULL, NULL, NULL, NULL, NULL);
INSERT INTO `sys_operatelog` VALUES (1088818527462363136, 1035359633864265728, 'flyang', 'Task', NULL, NULL, 'hangfire', 'OperateLog', 'TaskTest1', b'0', '2019-01-25 23:19:00.874238', NULL, NULL, NULL, NULL, NULL, NULL);
INSERT INTO `sys_operatelog` VALUES (1088818564422569984, 1035359633864265728, 'flyang', 'Task', NULL, NULL, 'hangfire', 'OperateLog', 'TaskTest1', b'0', '2019-01-25 23:19:09.686304', NULL, NULL, NULL, NULL, NULL, NULL);
INSERT INTO `sys_operatelog` VALUES (1088818690461405184, 1035359633864265728, 'flyang', 'Task', NULL, NULL, 'hangfire', 'OperateLog', 'TaskTest1', b'0', '2019-01-25 23:19:39.736719', NULL, NULL, NULL, NULL, NULL, NULL);
INSERT INTO `sys_operatelog` VALUES (1088818942228697088, 1035359633864265728, 'flyang', 'Task', NULL, NULL, 'hangfire', 'OperateLog', 'TaskTest1', b'0', '2019-01-25 23:20:39.762921', NULL, NULL, NULL, NULL, NULL, NULL);
INSERT INTO `sys_operatelog` VALUES (1088819027213684736, 1035359633864265728, 'flyang', 'Task', NULL, NULL, 'hangfire', 'OperateLog', 'TaskTest1', b'0', '2019-01-25 23:21:00.024084', NULL, NULL, NULL, NULL, NULL, NULL);
INSERT INTO `sys_operatelog` VALUES (1088819279098417152, 1035359633864265728, 'flyang', 'Task', NULL, NULL, 'hangfire', 'OperateLog', 'TaskTest1', b'0', '2019-01-25 23:22:00.078060', NULL, NULL, NULL, NULL, NULL, NULL);
INSERT INTO `sys_operatelog` VALUES (1088819783065014272, 1035359633864265728, 'flyang', 'Task', NULL, NULL, 'hangfire', 'OperateLog', 'TaskTest1', b'0', '2019-01-25 23:24:00.233293', NULL, NULL, NULL, NULL, NULL, NULL);
INSERT INTO `sys_operatelog` VALUES (1088820034958135296, 1035359633864265728, 'flyang', 'Task', NULL, NULL, 'hangfire', 'OperateLog', 'TaskTest1', b'0', '2019-01-25 23:25:00.289139', NULL, NULL, NULL, NULL, NULL, NULL);
INSERT INTO `sys_operatelog` VALUES (1088820287014834176, 1035359633864265728, 'flyang', 'Task', NULL, NULL, 'hangfire', 'OperateLog', 'TaskTest1', b'0', '2019-01-25 23:26:00.384935', NULL, NULL, NULL, NULL, NULL, NULL);
INSERT INTO `sys_operatelog` VALUES (1088820538949898240, 1035359633864265728, 'flyang', 'Task', NULL, NULL, 'hangfire', 'OperateLog', 'TaskTest1', b'0', '2019-01-25 23:27:00.450475', NULL, NULL, NULL, NULL, NULL, NULL);
INSERT INTO `sys_operatelog` VALUES (1088820790905933824, 1035359633864265728, 'flyang', 'Task', NULL, NULL, 'hangfire', 'OperateLog', 'TaskTest1', b'0', '2019-01-25 23:28:00.521523', NULL, NULL, NULL, NULL, NULL, NULL);
INSERT INTO `sys_operatelog` VALUES (1088821042962632704, 1035359633864265728, 'flyang', 'Task', NULL, NULL, 'hangfire', 'OperateLog', 'TaskTest1', b'0', '2019-01-25 23:29:00.616258', NULL, NULL, NULL, NULL, NULL, NULL);
INSERT INTO `sys_operatelog` VALUES (1088821295044497408, 1035359633864265728, 'flyang', 'Task', NULL, NULL, 'hangfire', 'OperateLog', 'TaskTest1', b'0', '2019-01-25 23:30:00.717772', NULL, NULL, NULL, NULL, NULL, NULL);

-- ----------------------------
-- Table structure for sys_organize
-- ----------------------------
DROP TABLE IF EXISTS `sys_organize`;
CREATE TABLE `sys_organize`  (
  `Id` bigint(20) NOT NULL AUTO_INCREMENT,
  `ParentId` bigint(20) NOT NULL,
  `Layers` int(11) NULL DEFAULT NULL,
  `EnCode` longtext CHARACTER SET utf8 COLLATE utf8_general_ci NULL,
  `FullName` longtext CHARACTER SET utf8 COLLATE utf8_general_ci NULL,
  `ShortName` longtext CHARACTER SET utf8 COLLATE utf8_general_ci NULL,
  `CategoryId` longtext CHARACTER SET utf8 COLLATE utf8_general_ci NULL,
  `ManagerId` longtext CHARACTER SET utf8 COLLATE utf8_general_ci NULL,
  `TelePhone` longtext CHARACTER SET utf8 COLLATE utf8_general_ci NULL,
  `MobilePhone` longtext CHARACTER SET utf8 COLLATE utf8_general_ci NULL,
  `WeChat` longtext CHARACTER SET utf8 COLLATE utf8_general_ci NULL,
  `Fax` longtext CHARACTER SET utf8 COLLATE utf8_general_ci NULL,
  `Email` longtext CHARACTER SET utf8 COLLATE utf8_general_ci NULL,
  `AreaId` longtext CHARACTER SET utf8 COLLATE utf8_general_ci NULL,
  `Address` longtext CHARACTER SET utf8 COLLATE utf8_general_ci NULL,
  `AllowEdit` bit(1) NULL DEFAULT NULL,
  `AllowDelete` bit(1) NULL DEFAULT NULL,
  `SortCode` int(11) NULL DEFAULT NULL,
  `DeletedMark` bit(1) NULL DEFAULT NULL,
  `EnabledMark` bit(1) NULL DEFAULT NULL,
  `CreationTime` datetime(6) NULL DEFAULT NULL,
  `CreatorUserId` bigint(20) NULL DEFAULT NULL,
  `LastModificationTime` datetime(6) NULL DEFAULT NULL,
  `LastModifierUserId` bigint(20) NULL DEFAULT NULL,
  `DeletionTime` datetime(6) NULL DEFAULT NULL,
  `DeleterUserId` bigint(20) NULL DEFAULT NULL,
  `Type` longtext CHARACTER SET utf8 COLLATE utf8_general_ci NULL,
  PRIMARY KEY (`Id`) USING BTREE
) ENGINE = InnoDB AUTO_INCREMENT = 1082559226045403137 CHARACTER SET = utf8 COLLATE = utf8_general_ci ROW_FORMAT = Compact;

-- ----------------------------
-- Records of sys_organize
-- ----------------------------
INSERT INTO `sys_organize` VALUES (100001, 0, NULL, 'Company', '上海贸易有限公司', NULL, '', '&nbsp;', '&nbsp;', '&nbsp;', '&nbsp;', '&nbsp;', '&nbsp;', NULL, '&nbsp;', NULL, NULL, 1, b'0', b'1', '2018-08-22 09:34:03.000000', NULL, '2018-08-22 09:13:40.306272', NULL, '2018-08-22 16:03:04.068905', NULL, 'Company');
INSERT INTO `sys_organize` VALUES (100001001, 100001, NULL, 'Network', '网络部', NULL, '', '&nbsp;', '&nbsp;', '&nbsp;', '&nbsp;', '&nbsp;', '&nbsp;', NULL, '&nbsp;', NULL, NULL, 2, b'0', b'1', '2018-08-22 09:34:16.000000', NULL, '2019-01-09 14:00:50.158796', NULL, '2019-01-08 16:44:29.788075', NULL, 'Department');
INSERT INTO `sys_organize` VALUES (100001002, 100001, NULL, 'Financial', '财务部', NULL, '', '&nbsp;', '&nbsp;', '&nbsp;', '&nbsp;', '&nbsp;', '&nbsp;', NULL, '&nbsp;', NULL, NULL, 3, b'0', b'1', '2018-08-22 09:34:18.000000', NULL, '2018-08-22 09:33:21.240061', NULL, '2019-01-08 16:44:25.897393', NULL, 'Department');
INSERT INTO `sys_organize` VALUES (100001003, 100001, NULL, 'HumanResourse', '人事部', NULL, NULL, NULL, '&nbsp;', '&nbsp;', '&nbsp;', '&nbsp;', '&nbsp;', NULL, '&nbsp;', NULL, NULL, 4, b'0', b'1', '2018-08-22 09:34:21.000000', NULL, '2018-08-22 09:33:25.823990', NULL, '2018-11-29 14:50:03.552823', NULL, 'Department');
INSERT INTO `sys_organize` VALUES (100001004, 100001, NULL, 'Purchase', '采购部', NULL, NULL, NULL, '&nbsp;', '&nbsp;', '&nbsp;', '&nbsp;', '&nbsp;', NULL, '&nbsp;', NULL, NULL, 5, b'0', b'1', '2018-08-22 09:34:23.000000', NULL, '2018-08-22 09:33:30.744567', NULL, '2018-11-29 14:50:07.242046', NULL, 'Department');
INSERT INTO `sys_organize` VALUES (100001005, 100001, NULL, 'Administration', '行政部', NULL, NULL, NULL, '&nbsp;', '&nbsp;', '&nbsp;', '&nbsp;', '&nbsp;', NULL, '&nbsp;', NULL, NULL, 66, b'0', b'1', '2018-08-22 09:34:27.000000', NULL, '2018-11-29 14:49:43.062071', NULL, '2018-08-22 15:20:49.056477', NULL, 'Department');
INSERT INTO `sys_organize` VALUES (100001006, 100001, NULL, 'Market', '市场部', NULL, NULL, NULL, '&nbsp;', '&nbsp;', '&nbsp;', '&nbsp;', '&nbsp;', NULL, '&nbsp;', NULL, NULL, 7, b'0', b'1', '2018-08-22 09:34:29.000000', NULL, '2018-08-22 09:33:40.666938', NULL, '2018-08-22 15:20:46.207397', NULL, 'Department');
INSERT INTO `sys_organize` VALUES (100001007, 100001, NULL, 'Sales', '营销部', NULL, NULL, NULL, '&nbsp;', '&nbsp;', '&nbsp;', '&nbsp;', '&nbsp;', NULL, '&nbsp;', NULL, NULL, 8, b'0', b'1', '2018-08-22 09:34:32.000000', NULL, '2018-08-22 09:33:45.258179', NULL, '2018-08-22 15:20:32.502221', NULL, 'Department');
INSERT INTO `sys_organize` VALUES (100001008, 100001, NULL, 'Ministry', '技术部', NULL, NULL, NULL, '&nbsp;', '&nbsp;', '&nbsp;', '&nbsp;', '&nbsp;', NULL, '&nbsp;', NULL, NULL, 9, b'0', b'1', '2018-08-22 09:34:34.000000', NULL, '2019-01-08 16:43:46.171812', NULL, NULL, NULL, 'Department');
INSERT INTO `sys_organize` VALUES (100001009, 100001, NULL, 'Manufacturing', '生产部', NULL, NULL, NULL, '&nbsp;', '&nbsp;', '&nbsp;', '&nbsp;', '&nbsp;', NULL, '&nbsp;', NULL, NULL, 99, b'0', b'1', '2018-08-22 09:34:36.000000', NULL, '2019-01-03 18:32:28.263129', NULL, NULL, NULL, 'Department');

-- ----------------------------
-- Table structure for sys_permission
-- ----------------------------
DROP TABLE IF EXISTS `sys_permission`;
CREATE TABLE `sys_permission`  (
  `Id` bigint(20) NOT NULL AUTO_INCREMENT,
  `ResourceId` bigint(20) NOT NULL,
  `ObjectId` bigint(20) NOT NULL,
  `ObjectType` longtext CHARACTER SET utf8 COLLATE utf8_general_ci NULL,
  `CreationTime` datetime(6) NULL DEFAULT NULL,
  `CreatorUserId` bigint(20) NULL DEFAULT NULL,
  `LastModificationTime` datetime(6) NULL DEFAULT NULL,
  `LastModifierUserId` bigint(20) NULL DEFAULT NULL,
  `DeletionTime` datetime(6) NULL DEFAULT NULL,
  `DeleterUserId` bigint(20) NULL DEFAULT NULL,
  `SortCode` int(11) NULL DEFAULT NULL,
  `DeletedMark` bit(1) NULL DEFAULT NULL,
  PRIMARY KEY (`Id`) USING BTREE,
  INDEX `IX_Sys_Permission_ResourceId`(`ResourceId`) USING BTREE,
  CONSTRAINT `FK_Sys_Permission_Sys_Resource_ResourceId` FOREIGN KEY (`ResourceId`) REFERENCES `sys_resource` (`Id`) ON DELETE CASCADE ON UPDATE RESTRICT
) ENGINE = InnoDB AUTO_INCREMENT = 1088819371020783617 CHARACTER SET = utf8 COLLATE = utf8_general_ci ROW_FORMAT = Compact;

-- ----------------------------
-- Records of sys_permission
-- ----------------------------
INSERT INTO `sys_permission` VALUES (1070729096037797891, 1055090255939637248, 1036862466061111296, 'RolePermission', '2018-12-07 01:18:04.337250', NULL, NULL, NULL, NULL, NULL, NULL, b'0');
INSERT INTO `sys_permission` VALUES (1070729096037797892, 1055091815180537856, 1036862466061111296, 'RolePermission', '2018-12-07 01:18:04.337332', NULL, NULL, NULL, NULL, NULL, NULL, b'0');
INSERT INTO `sys_permission` VALUES (1070729096037797893, 1055096967866224640, 1036862466061111296, 'RolePermission', '2018-12-07 01:18:04.337411', NULL, NULL, NULL, NULL, NULL, NULL, b'0');
INSERT INTO `sys_permission` VALUES (1070729096037797894, 1055352444604780544, 1036862466061111296, 'RolePermission', '2018-12-07 01:18:04.337491', NULL, NULL, NULL, NULL, NULL, NULL, b'0');
INSERT INTO `sys_permission` VALUES (1082559780796633088, 1, 1, 'RolePermission', '2019-01-08 16:48:59.387236', NULL, NULL, NULL, NULL, NULL, NULL, b'0');
INSERT INTO `sys_permission` VALUES (1082559780805021696, 2, 1, 'RolePermission', '2019-01-08 16:48:59.389833', NULL, NULL, NULL, NULL, NULL, NULL, b'0');
INSERT INTO `sys_permission` VALUES (1082559780817604608, 9, 1, 'RolePermission', '2019-01-08 16:48:59.392315', NULL, NULL, NULL, NULL, NULL, NULL, b'0');
INSERT INTO `sys_permission` VALUES (1082559780884713472, 10, 1, 'RolePermission', '2019-01-08 16:48:59.408994', NULL, NULL, NULL, NULL, NULL, NULL, b'0');
INSERT INTO `sys_permission` VALUES (1082559780897296384, 11, 1, 'RolePermission', '2019-01-08 16:48:59.411750', NULL, NULL, NULL, NULL, NULL, NULL, b'0');
INSERT INTO `sys_permission` VALUES (1082559809133350912, 1, 8, 'RolePermission', '2019-01-08 16:49:06.143533', NULL, NULL, NULL, NULL, NULL, NULL, b'0');
INSERT INTO `sys_permission` VALUES (1082559809145933824, 2, 8, 'RolePermission', '2019-01-08 16:49:06.146378', NULL, NULL, NULL, NULL, NULL, NULL, b'0');
INSERT INTO `sys_permission` VALUES (1082559809158516736, 9, 8, 'RolePermission', '2019-01-08 16:49:06.149477', NULL, NULL, NULL, NULL, NULL, NULL, b'0');
INSERT INTO `sys_permission` VALUES (1082559809171099648, 10, 8, 'RolePermission', '2019-01-08 16:49:06.152533', NULL, NULL, NULL, NULL, NULL, NULL, b'0');
INSERT INTO `sys_permission` VALUES (1082559809187876864, 11, 8, 'RolePermission', '2019-01-08 16:49:06.156668', NULL, NULL, NULL, NULL, NULL, NULL, b'0');
INSERT INTO `sys_permission` VALUES (1082559809200459776, 12, 8, 'RolePermission', '2019-01-08 16:49:06.159514', NULL, NULL, NULL, NULL, NULL, NULL, b'0');
INSERT INTO `sys_permission` VALUES (1082559809213042688, 3, 8, 'RolePermission', '2019-01-08 16:49:06.162021', NULL, NULL, NULL, NULL, NULL, NULL, b'0');
INSERT INTO `sys_permission` VALUES (1082559809221431296, 13, 8, 'RolePermission', '2019-01-08 16:49:06.164886', NULL, NULL, NULL, NULL, NULL, NULL, b'0');
INSERT INTO `sys_permission` VALUES (1082559809234014208, 14, 8, 'RolePermission', '2019-01-08 16:49:06.167669', NULL, NULL, NULL, NULL, NULL, NULL, b'0');
INSERT INTO `sys_permission` VALUES (1082559809246597120, 15, 8, 'RolePermission', '2019-01-08 16:49:06.170347', NULL, NULL, NULL, NULL, NULL, NULL, b'0');
INSERT INTO `sys_permission` VALUES (1082559809259180032, 16, 8, 'RolePermission', '2019-01-08 16:49:06.173350', NULL, NULL, NULL, NULL, NULL, NULL, b'0');
INSERT INTO `sys_permission` VALUES (1082559809267568640, 4, 8, 'RolePermission', '2019-01-08 16:49:06.175858', NULL, NULL, NULL, NULL, NULL, NULL, b'0');
INSERT INTO `sys_permission` VALUES (1082559809280151552, 17, 8, 'RolePermission', '2019-01-08 16:49:06.178585', NULL, NULL, NULL, NULL, NULL, NULL, b'0');
INSERT INTO `sys_permission` VALUES (1082559809292734464, 18, 8, 'RolePermission', '2019-01-08 16:49:06.181312', NULL, NULL, NULL, NULL, NULL, NULL, b'0');
INSERT INTO `sys_permission` VALUES (1082559809305317376, 19, 8, 'RolePermission', '2019-01-08 16:49:06.184238', NULL, NULL, NULL, NULL, NULL, NULL, b'0');
INSERT INTO `sys_permission` VALUES (1082559809317900288, 20, 8, 'RolePermission', '2019-01-08 16:49:06.187073', NULL, NULL, NULL, NULL, NULL, NULL, b'0');
INSERT INTO `sys_permission` VALUES (1082559809326288896, 5, 8, 'RolePermission', '2019-01-08 16:49:06.189928', NULL, NULL, NULL, NULL, NULL, NULL, b'0');
INSERT INTO `sys_permission` VALUES (1082559809338871808, 21, 8, 'RolePermission', '2019-01-08 16:49:06.192688', NULL, NULL, NULL, NULL, NULL, NULL, b'0');
INSERT INTO `sys_permission` VALUES (1082559809351454720, 22, 8, 'RolePermission', '2019-01-08 16:49:06.195449', NULL, NULL, NULL, NULL, NULL, NULL, b'0');
INSERT INTO `sys_permission` VALUES (1082559809364037632, 23, 8, 'RolePermission', '2019-01-08 16:49:06.198531', NULL, NULL, NULL, NULL, NULL, NULL, b'0');
INSERT INTO `sys_permission` VALUES (1082559809376620544, 24, 8, 'RolePermission', '2019-01-08 16:49:06.201289', NULL, NULL, NULL, NULL, NULL, NULL, b'0');
INSERT INTO `sys_permission` VALUES (1082559809385009152, 38, 8, 'RolePermission', '2019-01-08 16:49:06.203955', NULL, NULL, NULL, NULL, NULL, NULL, b'0');
INSERT INTO `sys_permission` VALUES (1082559809397592064, 39, 8, 'RolePermission', '2019-01-08 16:49:06.206610', NULL, NULL, NULL, NULL, NULL, NULL, b'0');
INSERT INTO `sys_permission` VALUES (1082559809410174976, 40, 8, 'RolePermission', '2019-01-08 16:49:06.209459', NULL, NULL, NULL, NULL, NULL, NULL, b'0');
INSERT INTO `sys_permission` VALUES (1082559809422757888, 6, 8, 'RolePermission', '2019-01-08 16:49:06.212411', NULL, NULL, NULL, NULL, NULL, NULL, b'0');
INSERT INTO `sys_permission` VALUES (1082559809435340800, 25, 8, 'RolePermission', '2019-01-08 16:49:06.215644', NULL, NULL, NULL, NULL, NULL, NULL, b'0');
INSERT INTO `sys_permission` VALUES (1082559809447923712, 26, 8, 'RolePermission', '2019-01-08 16:49:06.218164', NULL, NULL, NULL, NULL, NULL, NULL, b'0');
INSERT INTO `sys_permission` VALUES (1082559809456312320, 27, 8, 'RolePermission', '2019-01-08 16:49:06.220841', NULL, NULL, NULL, NULL, NULL, NULL, b'0');
INSERT INTO `sys_permission` VALUES (1082559809468895232, 28, 8, 'RolePermission', '2019-01-08 16:49:06.223269', NULL, NULL, NULL, NULL, NULL, NULL, b'0');
INSERT INTO `sys_permission` VALUES (1082559809477283840, 7, 8, 'RolePermission', '2019-01-08 16:49:06.225840', NULL, NULL, NULL, NULL, NULL, NULL, b'0');
INSERT INTO `sys_permission` VALUES (1082559809489866752, 29, 8, 'RolePermission', '2019-01-08 16:49:06.228554', NULL, NULL, NULL, NULL, NULL, NULL, b'0');
INSERT INTO `sys_permission` VALUES (1082559809502449664, 30, 8, 'RolePermission', '2019-01-08 16:49:06.231188', NULL, NULL, NULL, NULL, NULL, NULL, b'0');
INSERT INTO `sys_permission` VALUES (1082559809515032576, 31, 8, 'RolePermission', '2019-01-08 16:49:06.234003', NULL, NULL, NULL, NULL, NULL, NULL, b'0');
INSERT INTO `sys_permission` VALUES (1082559809523421184, 32, 8, 'RolePermission', '2019-01-08 16:49:06.236842', NULL, NULL, NULL, NULL, NULL, NULL, b'0');
INSERT INTO `sys_permission` VALUES (1082559809536004096, 37, 8, 'RolePermission', '2019-01-08 16:49:06.239349', NULL, NULL, NULL, NULL, NULL, NULL, b'0');
INSERT INTO `sys_permission` VALUES (1082559809544392704, 8, 8, 'RolePermission', '2019-01-08 16:49:06.241667', NULL, NULL, NULL, NULL, NULL, NULL, b'0');
INSERT INTO `sys_permission` VALUES (1082559809556975616, 33, 8, 'RolePermission', '2019-01-08 16:49:06.244232', NULL, NULL, NULL, NULL, NULL, NULL, b'0');
INSERT INTO `sys_permission` VALUES (1082559809565364224, 34, 8, 'RolePermission', '2019-01-08 16:49:06.246939', NULL, NULL, NULL, NULL, NULL, NULL, b'0');
INSERT INTO `sys_permission` VALUES (1082559809577947136, 35, 8, 'RolePermission', '2019-01-08 16:49:06.249805', NULL, NULL, NULL, NULL, NULL, NULL, b'0');
INSERT INTO `sys_permission` VALUES (1082559809590530048, 36, 8, 'RolePermission', '2019-01-08 16:49:06.252218', NULL, NULL, NULL, NULL, NULL, NULL, b'0');
INSERT INTO `sys_permission` VALUES (1088819369850572800, 1, 30, 'RolePermission', '2019-01-25 23:22:21.715824', NULL, NULL, NULL, NULL, NULL, NULL, b'0');
INSERT INTO `sys_permission` VALUES (1088819369871544320, 2, 30, 'RolePermission', '2019-01-25 23:22:21.720696', NULL, NULL, NULL, NULL, NULL, NULL, b'0');
INSERT INTO `sys_permission` VALUES (1088819369896710144, 9, 30, 'RolePermission', '2019-01-25 23:22:21.726027', NULL, NULL, NULL, NULL, NULL, NULL, b'0');
INSERT INTO `sys_permission` VALUES (1088819369917681664, 10, 30, 'RolePermission', '2019-01-25 23:22:21.731062', NULL, NULL, NULL, NULL, NULL, NULL, b'0');
INSERT INTO `sys_permission` VALUES (1088819369938653184, 11, 30, 'RolePermission', '2019-01-25 23:22:21.736102', NULL, NULL, NULL, NULL, NULL, NULL, b'0');
INSERT INTO `sys_permission` VALUES (1088819369959624704, 12, 30, 'RolePermission', '2019-01-25 23:22:21.741415', NULL, NULL, NULL, NULL, NULL, NULL, b'0');
INSERT INTO `sys_permission` VALUES (1088819369980596224, 3, 30, 'RolePermission', '2019-01-25 23:22:21.746979', NULL, NULL, NULL, NULL, NULL, NULL, b'0');
INSERT INTO `sys_permission` VALUES (1088819370005762048, 13, 30, 'RolePermission', '2019-01-25 23:22:21.752176', NULL, NULL, NULL, NULL, NULL, NULL, b'0');
INSERT INTO `sys_permission` VALUES (1088819370030927872, 14, 30, 'RolePermission', '2019-01-25 23:22:21.758052', NULL, NULL, NULL, NULL, NULL, NULL, b'0');
INSERT INTO `sys_permission` VALUES (1088819370051899392, 15, 30, 'RolePermission', '2019-01-25 23:22:21.763520', NULL, NULL, NULL, NULL, NULL, NULL, b'0');
INSERT INTO `sys_permission` VALUES (1088819370072870912, 16, 30, 'RolePermission', '2019-01-25 23:22:21.768658', NULL, NULL, NULL, NULL, NULL, NULL, b'0');
INSERT INTO `sys_permission` VALUES (1088819370093842432, 4, 30, 'RolePermission', '2019-01-25 23:22:21.773999', NULL, NULL, NULL, NULL, NULL, NULL, b'0');
INSERT INTO `sys_permission` VALUES (1088819370119008256, 17, 30, 'RolePermission', '2019-01-25 23:22:21.779939', NULL, NULL, NULL, NULL, NULL, NULL, b'0');
INSERT INTO `sys_permission` VALUES (1088819370144174080, 18, 30, 'RolePermission', '2019-01-25 23:22:21.785311', NULL, NULL, NULL, NULL, NULL, NULL, b'0');
INSERT INTO `sys_permission` VALUES (1088819370165145600, 19, 30, 'RolePermission', '2019-01-25 23:22:21.790859', NULL, NULL, NULL, NULL, NULL, NULL, b'0');
INSERT INTO `sys_permission` VALUES (1088819370190311424, 20, 30, 'RolePermission', '2019-01-25 23:22:21.796071', NULL, NULL, NULL, NULL, NULL, NULL, b'0');
INSERT INTO `sys_permission` VALUES (1088819370211282944, 5, 30, 'RolePermission', '2019-01-25 23:22:21.801528', NULL, NULL, NULL, NULL, NULL, NULL, b'0');
INSERT INTO `sys_permission` VALUES (1088819370236448768, 21, 30, 'RolePermission', '2019-01-25 23:22:21.807319', NULL, NULL, NULL, NULL, NULL, NULL, b'0');
INSERT INTO `sys_permission` VALUES (1088819370257420288, 22, 30, 'RolePermission', '2019-01-25 23:22:21.812715', NULL, NULL, NULL, NULL, NULL, NULL, b'0');
INSERT INTO `sys_permission` VALUES (1088819370278391808, 23, 30, 'RolePermission', '2019-01-25 23:22:21.817281', NULL, NULL, NULL, NULL, NULL, NULL, b'0');
INSERT INTO `sys_permission` VALUES (1088819370299363328, 38, 30, 'RolePermission', '2019-01-25 23:22:21.822317', NULL, NULL, NULL, NULL, NULL, NULL, b'0');
INSERT INTO `sys_permission` VALUES (1088819370324529152, 39, 30, 'RolePermission', '2019-01-25 23:22:21.828246', NULL, NULL, NULL, NULL, NULL, NULL, b'0');
INSERT INTO `sys_permission` VALUES (1088819370345500672, 40, 30, 'RolePermission', '2019-01-25 23:22:21.833365', NULL, NULL, NULL, NULL, NULL, NULL, b'0');
INSERT INTO `sys_permission` VALUES (1088819370366472192, 24, 30, 'RolePermission', '2019-01-25 23:22:21.838226', NULL, NULL, NULL, NULL, NULL, NULL, b'0');
INSERT INTO `sys_permission` VALUES (1088819370387443712, 6, 30, 'RolePermission', '2019-01-25 23:22:21.843289', NULL, NULL, NULL, NULL, NULL, NULL, b'0');
INSERT INTO `sys_permission` VALUES (1088819370408415232, 25, 30, 'RolePermission', '2019-01-25 23:22:21.848018', NULL, NULL, NULL, NULL, NULL, NULL, b'0');
INSERT INTO `sys_permission` VALUES (1088819370425192448, 26, 30, 'RolePermission', '2019-01-25 23:22:21.852885', NULL, NULL, NULL, NULL, NULL, NULL, b'0');
INSERT INTO `sys_permission` VALUES (1088819370446163968, 27, 30, 'RolePermission', '2019-01-25 23:22:21.857794', NULL, NULL, NULL, NULL, NULL, NULL, b'0');
INSERT INTO `sys_permission` VALUES (1088819370467135488, 28, 30, 'RolePermission', '2019-01-25 23:22:21.862666', NULL, NULL, NULL, NULL, NULL, NULL, b'0');
INSERT INTO `sys_permission` VALUES (1088819370488107008, 7, 30, 'RolePermission', '2019-01-25 23:22:21.867857', NULL, NULL, NULL, NULL, NULL, NULL, b'0');
INSERT INTO `sys_permission` VALUES (1088819370513272832, 29, 30, 'RolePermission', '2019-01-25 23:22:21.873390', NULL, NULL, NULL, NULL, NULL, NULL, b'0');
INSERT INTO `sys_permission` VALUES (1088819370534244352, 30, 30, 'RolePermission', '2019-01-25 23:22:21.878670', NULL, NULL, NULL, NULL, NULL, NULL, b'0');
INSERT INTO `sys_permission` VALUES (1088819370555215872, 31, 30, 'RolePermission', '2019-01-25 23:22:21.883790', NULL, NULL, NULL, NULL, NULL, NULL, b'0');
INSERT INTO `sys_permission` VALUES (1088819370576187392, 32, 30, 'RolePermission', '2019-01-25 23:22:21.888819', NULL, NULL, NULL, NULL, NULL, NULL, b'0');
INSERT INTO `sys_permission` VALUES (1088819370597158912, 37, 30, 'RolePermission', '2019-01-25 23:22:21.893736', NULL, NULL, NULL, NULL, NULL, NULL, b'0');
INSERT INTO `sys_permission` VALUES (1088819370622324736, 8, 30, 'RolePermission', '2019-01-25 23:22:21.899218', NULL, NULL, NULL, NULL, NULL, NULL, b'0');
INSERT INTO `sys_permission` VALUES (1088819370643296256, 33, 30, 'RolePermission', '2019-01-25 23:22:21.904597', NULL, NULL, NULL, NULL, NULL, NULL, b'0');
INSERT INTO `sys_permission` VALUES (1088819370664267776, 34, 30, 'RolePermission', '2019-01-25 23:22:21.909008', NULL, NULL, NULL, NULL, NULL, NULL, b'0');
INSERT INTO `sys_permission` VALUES (1088819370685239296, 35, 30, 'RolePermission', '2019-01-25 23:22:21.914214', NULL, NULL, NULL, NULL, NULL, NULL, b'0');
INSERT INTO `sys_permission` VALUES (1088819370706210816, 36, 30, 'RolePermission', '2019-01-25 23:22:21.919510', NULL, NULL, NULL, NULL, NULL, NULL, b'0');
INSERT INTO `sys_permission` VALUES (1088819370727182336, 41, 30, 'RolePermission', '2019-01-25 23:22:21.924260', NULL, NULL, NULL, NULL, NULL, NULL, b'0');
INSERT INTO `sys_permission` VALUES (1088819370748153856, 1088816067578564608, 30, 'RolePermission', '2019-01-25 23:22:21.929385', NULL, NULL, NULL, NULL, NULL, NULL, b'0');
INSERT INTO `sys_permission` VALUES (1088819370769125376, 1088816674792148992, 30, 'RolePermission', '2019-01-25 23:22:21.934173', NULL, NULL, NULL, NULL, NULL, NULL, b'0');
INSERT INTO `sys_permission` VALUES (1088819370790096896, 1082542708943360000, 30, 'RolePermission', '2019-01-25 23:22:21.939188', NULL, NULL, NULL, NULL, NULL, NULL, b'0');
INSERT INTO `sys_permission` VALUES (1088819370811068416, 1081090512116649984, 30, 'RolePermission', '2019-01-25 23:22:21.944433', NULL, NULL, NULL, NULL, NULL, NULL, b'0');
INSERT INTO `sys_permission` VALUES (1088819370832039936, 1082531367444680704, 30, 'RolePermission', '2019-01-25 23:22:21.949192', NULL, NULL, NULL, NULL, NULL, NULL, b'0');
INSERT INTO `sys_permission` VALUES (1088819370853011456, 1055090255939637248, 30, 'RolePermission', '2019-01-25 23:22:21.954186', NULL, NULL, NULL, NULL, NULL, NULL, b'0');
INSERT INTO `sys_permission` VALUES (1088819370873982976, 1088817307154780160, 30, 'RolePermission', '2019-01-25 23:22:21.959430', NULL, NULL, NULL, NULL, NULL, NULL, b'0');
INSERT INTO `sys_permission` VALUES (1088819370894954496, 1088817556858474496, 30, 'RolePermission', '2019-01-25 23:22:21.964604', NULL, NULL, NULL, NULL, NULL, NULL, b'0');
INSERT INTO `sys_permission` VALUES (1088819370915926016, 1088817721405214720, 30, 'RolePermission', '2019-01-25 23:22:21.969391', NULL, NULL, NULL, NULL, NULL, NULL, b'0');
INSERT INTO `sys_permission` VALUES (1088819370936897536, 1088818037307609088, 30, 'RolePermission', '2019-01-25 23:22:21.974785', NULL, NULL, NULL, NULL, NULL, NULL, b'0');
INSERT INTO `sys_permission` VALUES (1088819370962063360, 1088818336252432384, 30, 'RolePermission', '2019-01-25 23:22:21.980061', NULL, NULL, NULL, NULL, NULL, NULL, b'0');
INSERT INTO `sys_permission` VALUES (1088819370978840576, 1055096967866224640, 30, 'RolePermission', '2019-01-25 23:22:21.984659', NULL, NULL, NULL, NULL, NULL, NULL, b'0');
INSERT INTO `sys_permission` VALUES (1088819370999812096, 1055352444604780544, 30, 'RolePermission', '2019-01-25 23:22:21.989809', NULL, NULL, NULL, NULL, NULL, NULL, b'0');
INSERT INTO `sys_permission` VALUES (1088819371020783616, 1055091815180537856, 30, 'RolePermission', '2019-01-25 23:22:21.994927', NULL, NULL, NULL, NULL, NULL, NULL, b'0');

-- ----------------------------
-- Table structure for sys_position
-- ----------------------------
DROP TABLE IF EXISTS `sys_position`;
CREATE TABLE `sys_position`  (
  `Id` bigint(20) NOT NULL AUTO_INCREMENT,
  `OrganizeId` bigint(20) NOT NULL,
  `EnCode` longtext CHARACTER SET utf8 COLLATE utf8_general_ci NULL,
  `FullName` longtext CHARACTER SET utf8 COLLATE utf8_general_ci NULL,
  `AllowEdit` bit(1) NULL DEFAULT NULL,
  `AllowDelete` bit(1) NULL DEFAULT NULL,
  `SortCode` int(11) NULL DEFAULT NULL,
  `EnabledMark` bit(1) NULL DEFAULT NULL,
  `DeletedMark` bit(1) NULL DEFAULT NULL,
  `CreationTime` datetime(6) NULL DEFAULT NULL,
  `CreatorUserId` bigint(20) NULL DEFAULT NULL,
  `LastModificationTime` datetime(6) NULL DEFAULT NULL,
  `LastModifierUserId` bigint(20) NULL DEFAULT NULL,
  `DeletionTime` datetime(6) NULL DEFAULT NULL,
  `DeleterUserId` bigint(20) NULL DEFAULT NULL,
  `Description` longtext CHARACTER SET utf8 COLLATE utf8_general_ci NULL,
  PRIMARY KEY (`Id`) USING BTREE
) ENGINE = InnoDB AUTO_INCREMENT = 18 CHARACTER SET = utf8 COLLATE = utf8_general_ci ROW_FORMAT = Compact;

-- ----------------------------
-- Records of sys_position
-- ----------------------------
INSERT INTO `sys_position` VALUES (1, 100001, 'manager', '经理', b'0', b'0', 1, b'1', b'0', '2019-01-08 15:55:43.000000', NULL, '2019-01-08 15:57:56.636045', NULL, NULL, NULL, NULL);
INSERT INTO `sys_position` VALUES (2, 100001, '10024', '总经理助理', b'0', b'0', 10024, b'1', b'0', '2019-01-08 15:55:45.000000', NULL, '2019-01-08 16:04:19.236683', NULL, NULL, NULL, '总经理助理');
INSERT INTO `sys_position` VALUES (3, 100001, 'president', '董事长', b'0', b'0', 1, b'1', b'0', '2019-01-08 15:55:47.000000', NULL, '2019-01-08 16:04:54.033080', NULL, NULL, NULL, '董事长');
INSERT INTO `sys_position` VALUES (4, 100001, 'employee', '员工', b'0', b'0', 33, b'1', b'0', '2019-01-08 15:55:50.000000', NULL, '2019-01-08 16:04:40.445752', NULL, NULL, NULL, 'employee');
INSERT INTO `sys_position` VALUES (5, 100001, '10023', '行业顾问', b'0', b'0', 10023, b'1', b'0', '2019-01-08 15:55:52.000000', NULL, '2019-01-08 16:04:47.113011', NULL, NULL, NULL, '10023');
INSERT INTO `sys_position` VALUES (6, 100001, '10019', '总裁', NULL, NULL, NULL, b'1', b'1', '2019-01-08 15:55:55.000000', NULL, NULL, NULL, '2019-01-08 15:53:59.570478', NULL, NULL);
INSERT INTO `sys_position` VALUES (7, 100001, '10025', '大堂经理', NULL, NULL, NULL, b'1', b'1', '2019-01-08 15:55:57.000000', NULL, NULL, NULL, '2019-01-08 15:53:55.532002', NULL, NULL);
INSERT INTO `sys_position` VALUES (8, 100001, 'general', '总经理', b'0', b'0', 55, b'1', b'0', '2019-01-08 15:55:59.000000', NULL, '2019-01-08 16:04:33.416889', NULL, NULL, NULL, '总经理');
INSERT INTO `sys_position` VALUES (9, 100001, '10022', '人力资源专员', NULL, NULL, NULL, b'1', b'1', '2019-01-08 15:56:02.000000', NULL, NULL, NULL, '2019-01-08 15:51:22.805515', NULL, NULL);
INSERT INTO `sys_position` VALUES (10, 100001, 'chairman', '主任', b'0', b'0', 11, b'1', b'0', '2019-01-08 15:56:05.000000', NULL, '2019-01-08 16:04:27.264136', NULL, NULL, NULL, 'chairman');
INSERT INTO `sys_position` VALUES (11, 100001, '10018', '行政助理', b'0', b'0', 6, b'1', b'0', '2019-01-08 15:56:08.000000', NULL, '2019-01-08 16:04:12.052934', NULL, NULL, NULL, '行政助理');
INSERT INTO `sys_position` VALUES (12, 100001, 'fileattache', '档案专员', NULL, NULL, NULL, b'1', b'1', '2019-01-08 15:56:11.000000', NULL, NULL, NULL, '2019-01-08 15:51:18.835761', NULL, NULL);
INSERT INTO `sys_position` VALUES (13, 100001, '10020', '首席执行官', b'0', b'0', 6, b'1', b'0', '2019-01-08 15:56:13.000000', NULL, '2019-01-08 16:04:02.529579', NULL, NULL, NULL, '首席执行官');
INSERT INTO `sys_position` VALUES (14, 100001, 'director', '总监', b'0', b'0', 5, b'1', b'0', '2019-01-08 15:56:17.000000', NULL, '2019-01-08 16:03:55.289670', NULL, NULL, NULL, '总监');
INSERT INTO `sys_position` VALUES (15, 100001, 'charge', '主管', b'0', b'0', 4, b'1', b'0', '2019-01-08 15:56:20.000000', NULL, '2019-01-08 16:03:47.973164', NULL, NULL, NULL, '主管');
INSERT INTO `sys_position` VALUES (16, 100001, 'vicegeneral', '副总经理', b'0', b'0', 3, b'1', b'0', '2019-01-08 15:56:23.000000', NULL, '2019-01-08 16:03:42.157665', NULL, NULL, NULL, '副总经理');
INSERT INTO `sys_position` VALUES (17, 100001, 'engineer', '高级工程', b'0', b'0', 2, b'1', b'0', '2019-01-08 15:56:26.000000', NULL, '2019-01-08 16:03:33.804408', NULL, NULL, NULL, '高级工程');

-- ----------------------------
-- Table structure for sys_resource
-- ----------------------------
DROP TABLE IF EXISTS `sys_resource`;
CREATE TABLE `sys_resource`  (
  `Id` bigint(20) NOT NULL AUTO_INCREMENT,
  `ParentId` bigint(20) NOT NULL,
  `Layers` int(11) NULL DEFAULT NULL,
  `EnCode` longtext CHARACTER SET utf8 COLLATE utf8_general_ci NULL,
  `FullName` longtext CHARACTER SET utf8 COLLATE utf8_general_ci NULL,
  `Icon` longtext CHARACTER SET utf8 COLLATE utf8_general_ci NULL,
  `UrlAddress` longtext CHARACTER SET utf8 COLLATE utf8_general_ci NULL,
  `Target` longtext CHARACTER SET utf8 COLLATE utf8_general_ci NULL,
  `IsMenu` bit(1) NULL DEFAULT NULL,
  `IsExpand` bit(1) NULL DEFAULT NULL,
  `IsPublic` bit(1) NULL DEFAULT NULL,
  `IsDisplay` bit(1) NULL DEFAULT NULL,
  `AllowEdit` bit(1) NULL DEFAULT NULL,
  `AllowDelete` bit(1) NULL DEFAULT NULL,
  `SortCode` int(11) NULL DEFAULT NULL,
  `DeletedMark` bit(1) NULL DEFAULT NULL,
  `EnabledMark` bit(1) NULL DEFAULT NULL,
  `Description` longtext CHARACTER SET utf8 COLLATE utf8_general_ci NULL,
  `CreationTime` datetime(6) NULL DEFAULT NULL,
  `CreatorUserId` bigint(20) NULL DEFAULT NULL,
  `LastModificationTime` datetime(6) NULL DEFAULT NULL,
  `LastModifierUserId` bigint(20) NULL DEFAULT NULL,
  `DeletionTime` datetime(6) NULL DEFAULT NULL,
  `DeleterUserId` bigint(20) NULL DEFAULT NULL,
  `ObjectType` longtext CHARACTER SET utf8 COLLATE utf8_general_ci NULL,
  `Location` int(11) NULL DEFAULT NULL,
  `JsEvent` longtext CHARACTER SET utf8 COLLATE utf8_general_ci NULL,
  `Split` bit(1) NULL DEFAULT NULL,
  `PermissionCode` longtext CHARACTER SET utf8 COLLATE utf8_general_ci NULL,
  `Module` longtext CHARACTER SET utf8 COLLATE utf8_general_ci NULL,
  PRIMARY KEY (`Id`) USING BTREE
) ENGINE = InnoDB AUTO_INCREMENT = 1088818336252432385 CHARACTER SET = utf8 COLLATE = utf8_general_ci ROW_FORMAT = Compact;

-- ----------------------------
-- Records of sys_resource
-- ----------------------------
INSERT INTO `sys_resource` VALUES (1, 0, NULL, NULL, '系统管理', 'fa fa-th-large', '&nbsp;', 'expand', b'0', b'0', b'0', b'1', b'0', b'0', 1, b'0', b'1', '&nbsp;', NULL, NULL, '2018-08-26 19:38:11.839387', NULL, NULL, NULL, 'Menu', NULL, NULL, NULL, 'SystemManage', 'System');
INSERT INTO `sys_resource` VALUES (2, 1, NULL, NULL, '机构管理', 'fa fa-th-large', '/SystemManage/Organize/Index', 'iframe', b'0', b'0', b'0', b'1', b'0', b'0', 1, b'0', b'1', '&nbsp;', NULL, NULL, '2019-01-08 00:35:51.272271', NULL, NULL, NULL, 'Menu', NULL, NULL, NULL, 'SystemManage_Organize_Index', 'System');
INSERT INTO `sys_resource` VALUES (3, 1, NULL, NULL, '角色管理', 'fa fa-th-large', '/SystemManage/Role/Index', 'iframe', b'0', b'0', b'0', b'1', b'0', b'0', 1, b'0', b'1', '&nbsp;', NULL, NULL, '2018-08-26 19:38:52.760442', NULL, NULL, NULL, 'Menu', NULL, NULL, NULL, 'SystemManage_Role_Index', 'System');
INSERT INTO `sys_resource` VALUES (4, 1, NULL, NULL, '岗位管理', 'fa fa-th-large', '/SystemManage/Position/Index', 'iframe', b'0', b'0', b'0', b'1', b'0', b'0', 1, b'0', b'1', '&nbsp;', NULL, NULL, '2019-01-25 23:07:50.362036', NULL, NULL, NULL, 'Menu', NULL, NULL, NULL, 'SystemManage_Position_Index', 'System');
INSERT INTO `sys_resource` VALUES (5, 1, NULL, NULL, '用户管理', 'fa fa-th-large', '/SystemManage/User/Index', 'iframe', b'0', b'0', b'0', b'1', b'0', b'0', 1, b'0', b'1', '&nbsp;', NULL, NULL, '2018-08-26 19:39:33.150148', NULL, NULL, NULL, 'Menu', NULL, NULL, NULL, 'SystemManage_User_Index', 'System');
INSERT INTO `sys_resource` VALUES (6, 1, NULL, NULL, '区域管理', 'fa fa-th-large', '/SystemManage/Area/Index', 'iframe', b'0', b'0', b'0', b'1', b'0', b'0', 1, b'0', b'1', '&nbsp;', NULL, NULL, '2018-09-12 17:11:40.397998', NULL, NULL, NULL, 'Menu', NULL, NULL, NULL, 'SystemManage_Area_Index', 'System');
INSERT INTO `sys_resource` VALUES (7, 1, NULL, NULL, '数据字典', 'fa fa-th-large', '/SystemManage/DictItem/Index', 'iframe', b'0', b'0', b'0', b'1', b'0', b'0', 1, b'0', b'1', '&nbsp;', NULL, NULL, '2019-01-09 09:30:41.129507', NULL, NULL, NULL, 'Menu', NULL, NULL, NULL, 'SystemManage_DictItem_Index', 'System');
INSERT INTO `sys_resource` VALUES (8, 1, NULL, NULL, '系统菜单', 'fa fa-th-large', '/SystemManage/Menu/Index', 'iframe', b'0', b'0', b'0', b'1', b'0', b'0', 1, b'0', b'1', '&nbsp;', NULL, NULL, '2018-08-26 19:40:00.714633', NULL, NULL, NULL, 'Menu', NULL, NULL, NULL, 'SystemManage_Menu_Index', 'System');
INSERT INTO `sys_resource` VALUES (9, 2, NULL, 'NF-Add', '新增', 'fa fa-th-large', '&nbsp;', NULL, NULL, NULL, b'0', NULL, b'0', b'0', 1, b'0', b'1', '&nbsp;', NULL, NULL, '2019-01-04 09:05:33.407776', NULL, NULL, NULL, 'Button', 1, '&nbsp;', b'0', 'SystemManage_Organize_Form', NULL);
INSERT INTO `sys_resource` VALUES (10, 2, NULL, 'NF-Edit', '编辑', 'fa fa-th-large', '&nbsp;', NULL, NULL, NULL, b'0', NULL, b'0', b'0', 2, b'0', b'1', '&nbsp;', NULL, NULL, '2019-01-04 09:08:42.267620', NULL, NULL, NULL, 'Button', 2, '&nbsp;', b'0', 'SystemManage_Organize_Form', NULL);
INSERT INTO `sys_resource` VALUES (11, 2, NULL, 'NF-Details', '查看', 'fa fa-th-large', '&nbsp;', NULL, NULL, NULL, b'0', NULL, b'0', b'0', 3, b'0', b'1', '&nbsp;', NULL, NULL, '2019-01-04 09:09:02.186966', NULL, NULL, NULL, 'Button', 2, '&nbsp;', b'0', 'SystemManage_Organize_Details', NULL);
INSERT INTO `sys_resource` VALUES (12, 2, NULL, 'NF-Delete', '删除', 'fa fa-th-large', '&nbsp;', NULL, NULL, NULL, b'0', NULL, b'0', b'0', 4, b'0', b'1', '&nbsp;', NULL, NULL, '2019-01-04 09:15:25.265193', NULL, NULL, NULL, 'Button', 2, '&nbsp;', b'0', 'SystemManage_Organize_DeleteForm', NULL);
INSERT INTO `sys_resource` VALUES (13, 3, NULL, 'NF-Add', '新增', 'fa fa-th-large', NULL, NULL, NULL, NULL, NULL, b'1', NULL, NULL, NULL, b'0', b'1', NULL, NULL, NULL, NULL, NULL, NULL, NULL, 'Button', NULL, NULL, NULL, 'SystemManage_Role_Form', 'System');
INSERT INTO `sys_resource` VALUES (14, 3, NULL, 'NF-Edit', '编辑', 'fa fa-th-large', NULL, NULL, NULL, NULL, NULL, b'1', NULL, NULL, NULL, b'0', b'1', NULL, NULL, NULL, NULL, NULL, NULL, NULL, 'Button', NULL, NULL, NULL, 'SystemManage_Role_Form', 'System');
INSERT INTO `sys_resource` VALUES (15, 3, NULL, 'NF-Details', '查看', 'fa fa-th-large', NULL, NULL, NULL, NULL, NULL, b'1', NULL, NULL, NULL, b'0', b'1', NULL, NULL, NULL, NULL, NULL, NULL, NULL, 'Button', NULL, NULL, NULL, 'SystemManage_Role_Details', 'System');
INSERT INTO `sys_resource` VALUES (16, 3, NULL, 'NF-Delete', '删除', 'fa fa-th-large', NULL, NULL, NULL, NULL, NULL, b'1', NULL, NULL, NULL, b'0', b'1', NULL, NULL, NULL, NULL, NULL, NULL, NULL, 'Button', NULL, NULL, NULL, 'SystemManage_Role_Delete', 'System');
INSERT INTO `sys_resource` VALUES (17, 4, NULL, 'NF-Add', '新增', 'fa fa-th-large', '&nbsp;', NULL, NULL, NULL, b'0', NULL, b'0', b'0', 1, b'0', b'1', '&nbsp;', NULL, NULL, '2019-01-25 23:08:00.332550', NULL, NULL, NULL, 'Button', 1, '&nbsp;', b'0', 'SystemManage_Position_Form', NULL);
INSERT INTO `sys_resource` VALUES (18, 4, NULL, 'NF-Edit', '编辑', 'fa fa-th-large', '&nbsp;', NULL, NULL, NULL, b'0', NULL, b'0', b'0', 2, b'0', b'1', '&nbsp;', NULL, NULL, '2019-01-25 23:08:06.222805', NULL, NULL, NULL, 'Button', 2, '&nbsp;', b'0', 'SystemManage_Position_Form', NULL);
INSERT INTO `sys_resource` VALUES (19, 4, NULL, 'NF-Details', '查看', 'fa fa-th-large', '&nbsp;', NULL, NULL, NULL, b'0', NULL, b'0', b'0', 3, b'0', b'1', '&nbsp;', NULL, NULL, '2019-01-25 23:08:11.388386', NULL, NULL, NULL, 'Button', 2, '&nbsp;', b'0', 'SystemManage_Position_Details', NULL);
INSERT INTO `sys_resource` VALUES (20, 4, NULL, 'NF-Delete', '删除', 'fa fa-th-large', '&nbsp;', NULL, NULL, NULL, b'0', NULL, b'0', b'0', 4, b'0', b'1', '&nbsp;', NULL, NULL, '2019-01-25 23:08:17.230391', NULL, NULL, NULL, 'Button', 2, '&nbsp;', b'0', 'SystemManage_Position_Delete', NULL);
INSERT INTO `sys_resource` VALUES (21, 5, NULL, 'NF-Add', '新增', 'fa fa-th-large', '&nbsp;', NULL, NULL, NULL, b'0', NULL, b'0', b'0', 1, b'0', b'1', '&nbsp;', NULL, NULL, '2019-01-09 14:17:54.032972', NULL, NULL, NULL, 'Button', 1, '&nbsp;', b'0', 'SystemManage_User_Form', NULL);
INSERT INTO `sys_resource` VALUES (22, 5, NULL, 'NF-Edit', '编辑', 'fa fa-th-large', '&nbsp;', NULL, NULL, NULL, b'0', NULL, b'0', b'0', 2, b'0', b'1', '&nbsp;', NULL, NULL, '2019-01-09 14:18:05.267306', NULL, NULL, NULL, 'Button', 2, '&nbsp;', b'0', 'SystemManage_User_Form', NULL);
INSERT INTO `sys_resource` VALUES (23, 5, NULL, 'NF-Details', '查看', 'fa fa-th-large', '&nbsp;', NULL, NULL, NULL, b'0', NULL, b'0', b'0', 3, b'0', b'1', '&nbsp;', NULL, NULL, '2019-01-09 14:18:26.451911', NULL, NULL, NULL, 'Button', 2, '&nbsp;', b'0', 'SystemManage_User_Details', NULL);
INSERT INTO `sys_resource` VALUES (24, 5, NULL, 'NF-Delete', '删除', 'fa fa-th-large', '&nbsp;', NULL, NULL, NULL, b'0', NULL, b'0', b'0', 7, b'0', b'1', '&nbsp;', NULL, NULL, '2019-01-09 14:20:08.712749', NULL, NULL, NULL, 'Button', 2, '&nbsp;', b'0', 'SystemManage_User_Delete', NULL);
INSERT INTO `sys_resource` VALUES (25, 6, NULL, 'NF-Add', '新增', 'fa fa-th-large', '/SystemManage/Area/Form', NULL, NULL, NULL, NULL, b'1', NULL, NULL, NULL, b'0', b'1', NULL, NULL, NULL, NULL, NULL, NULL, NULL, 'Button', NULL, NULL, NULL, 'SystemManage_Area_Form', 'System');
INSERT INTO `sys_resource` VALUES (26, 6, NULL, 'NF-Edit', '编辑', 'fa fa-th-large', '/SystemManage/Area/Form', NULL, NULL, NULL, NULL, b'1', NULL, NULL, NULL, b'0', b'1', NULL, NULL, NULL, NULL, NULL, NULL, NULL, 'Button', NULL, NULL, NULL, 'SystemManage_Area_Form', 'System');
INSERT INTO `sys_resource` VALUES (27, 6, NULL, 'NF-Details', '查看', 'fa fa-th-large', '/SystemManage/Area/Details', NULL, NULL, NULL, NULL, b'1', NULL, NULL, NULL, b'0', b'1', NULL, NULL, NULL, NULL, NULL, NULL, NULL, 'Button', NULL, NULL, NULL, 'SystemManage_Area_Details', 'System');
INSERT INTO `sys_resource` VALUES (28, 6, NULL, 'NF-Delete', '删除', 'fa fa-th-large', '/SystemManage/Area/DeleteForm', NULL, NULL, NULL, NULL, b'1', NULL, NULL, NULL, b'0', b'1', NULL, NULL, NULL, NULL, NULL, NULL, NULL, 'Button', NULL, NULL, NULL, 'SystemManage_Area_DeleteForm', 'System');
INSERT INTO `sys_resource` VALUES (29, 7, NULL, 'NF-Add', '新增', 'fa fa-th-large', '&nbsp;', NULL, NULL, NULL, b'0', NULL, b'0', b'0', 1, b'0', b'1', '&nbsp;', NULL, NULL, '2019-01-09 09:31:07.352922', NULL, NULL, NULL, 'Button', 1, '&nbsp;', b'0', 'SystemManage_DictItem_Form', NULL);
INSERT INTO `sys_resource` VALUES (30, 7, NULL, 'NF-Edit', '编辑', 'fa fa-th-large', '&nbsp;', NULL, NULL, NULL, b'0', NULL, b'0', b'0', 2, b'0', b'1', '&nbsp;', NULL, NULL, '2019-01-09 09:31:43.588569', NULL, NULL, NULL, 'Button', 2, '&nbsp;', b'0', 'SystemManage_DictItem_Form', NULL);
INSERT INTO `sys_resource` VALUES (31, 7, NULL, 'NF-Details', '查看', 'fa fa-th-large', '&nbsp;', NULL, NULL, NULL, b'0', NULL, b'0', b'0', 3, b'0', b'1', '&nbsp;', NULL, NULL, '2019-01-09 14:47:38.553453', NULL, NULL, NULL, 'Button', 2, '&nbsp;', b'0', 'SystemManage_DictItem_Details', NULL);
INSERT INTO `sys_resource` VALUES (32, 7, NULL, 'NF-Delete', '删除', 'fa fa-th-large', '&nbsp;', NULL, NULL, NULL, b'0', NULL, b'0', b'0', 4, b'0', b'1', '&nbsp;', NULL, NULL, '2019-01-09 09:31:55.826814', NULL, NULL, NULL, 'Button', 2, '&nbsp;', b'0', 'SystemManage_DictItem_Delete', NULL);
INSERT INTO `sys_resource` VALUES (33, 8, NULL, 'NF-Add', '新增', 'fa fa-th-large', NULL, NULL, NULL, NULL, NULL, b'1', NULL, NULL, NULL, b'0', b'1', NULL, NULL, NULL, NULL, NULL, NULL, NULL, 'Button', NULL, NULL, NULL, 'SystemManage_Menu_Form', 'System');
INSERT INTO `sys_resource` VALUES (34, 8, NULL, 'NF-Edit', '编辑', 'fa fa-th-large', NULL, NULL, NULL, NULL, NULL, b'1', NULL, NULL, NULL, b'0', b'1', NULL, NULL, NULL, NULL, NULL, NULL, NULL, 'Button', NULL, NULL, NULL, 'SystemManage_Menu_Form', 'System');
INSERT INTO `sys_resource` VALUES (35, 8, NULL, 'NF-Details', '查看', 'fa fa-th-large', NULL, NULL, NULL, NULL, NULL, b'1', NULL, NULL, NULL, b'0', b'1', NULL, NULL, NULL, NULL, NULL, '2019-01-09 09:11:15.131038', NULL, 'Button', NULL, NULL, NULL, 'SystemManage_Menu_Details', 'System');
INSERT INTO `sys_resource` VALUES (36, 8, NULL, 'NF-Delete', '删除', 'fa fa-th-large', NULL, NULL, NULL, NULL, NULL, b'1', NULL, NULL, NULL, b'0', b'1', NULL, NULL, NULL, NULL, NULL, NULL, NULL, 'Button', NULL, NULL, NULL, 'SystemManage_Menu_Delete', 'System');
INSERT INTO `sys_resource` VALUES (37, 7, NULL, 'NF-Dict', '字典', 'fa fa-th-large', '&nbsp;', NULL, NULL, NULL, b'0', NULL, b'0', b'0', 5, b'0', b'1', '&nbsp;', NULL, NULL, '2019-01-09 09:32:19.023181', NULL, NULL, NULL, 'Button', 2, '&nbsp;', b'0', 'SystemManage_Dict_Index', NULL);
INSERT INTO `sys_resource` VALUES (38, 5, NULL, 'NF-ResetPassword', '重置密码', 'fa fa-th-large', '&nbsp;', NULL, NULL, NULL, b'0', NULL, b'0', b'0', 4, b'0', b'1', '&nbsp;', NULL, NULL, '2019-01-09 14:19:04.827876', NULL, NULL, NULL, 'Button', 2, '&nbsp;', b'0', 'SystemManage_User_ResetPassword', NULL);
INSERT INTO `sys_resource` VALUES (39, 5, NULL, 'NF-Enabled', '启用', 'fa fa-th-large', '&nbsp;', NULL, NULL, NULL, b'0', NULL, b'0', b'0', 6, b'0', b'1', '&nbsp;', NULL, NULL, '2019-01-09 14:19:22.358536', NULL, NULL, NULL, 'Button', 2, '&nbsp;', b'0', 'SystemManage_User_Enabled', NULL);
INSERT INTO `sys_resource` VALUES (40, 5, NULL, 'NF-Disabled', '禁用', 'fa fa-th-large', '&nbsp;', NULL, NULL, NULL, b'0', NULL, b'0', b'0', 6, b'0', b'1', '&nbsp;', NULL, NULL, '2019-01-09 14:19:45.980332', NULL, NULL, NULL, 'Button', 2, '&nbsp;', b'0', 'SystemManage_User_Disabled', NULL);
INSERT INTO `sys_resource` VALUES (41, 8, NULL, 'NF-MenuButton', '菜单按钮', 'fa fa-th-large', '/SystemManage/MenuButton/Index', 'iframe', b'0', b'0', b'0', b'1', b'0', b'0', NULL, b'0', b'1', NULL, NULL, NULL, NULL, NULL, NULL, NULL, 'Button', NULL, NULL, NULL, 'SystemManage_MenuButton_Index', 'System');
INSERT INTO `sys_resource` VALUES (1055090255939637248, 0, NULL, NULL, '常用示例', 'fa fa-th-large', '&nbsp;', 'expand', b'0', b'0', b'0', b'1', b'0', b'0', 3, b'0', b'1', '&nbsp;', NULL, NULL, '2019-01-25 23:14:22.104657', NULL, NULL, NULL, 'Menu', NULL, NULL, NULL, '1', 'Example');
INSERT INTO `sys_resource` VALUES (1055091815180537856, 1055090255939637248, NULL, NULL, '搜索结果', 'fa fa-th-large', '/ExampleManage/Home/SearchResults', 'iframe', b'0', b'0', b'0', b'1', b'0', b'0', 99, b'0', b'1', '&nbsp;', NULL, NULL, '2019-01-25 23:09:41.307360', NULL, NULL, NULL, 'Menu', NULL, NULL, NULL, '1', 'Example');
INSERT INTO `sys_resource` VALUES (1055096967866224640, 1055090255939637248, NULL, NULL, '论坛', 'fa fa-th-large', '/ExampleManage/Home/ForumMain', 'iframe', b'0', b'0', b'0', b'1', b'0', b'0', 97, b'0', b'1', '&nbsp;', NULL, NULL, '2019-01-25 23:09:53.990456', NULL, NULL, NULL, 'Menu', NULL, NULL, NULL, '/ExampleManage/Home/ForumMain', 'Example');
INSERT INTO `sys_resource` VALUES (1055352444604780544, 1055090255939637248, NULL, NULL, '客户管理', 'fa fa-th-large', '/ExampleManage/Home/Clients', 'iframe', b'0', b'0', b'0', b'0', b'0', b'0', 98, b'0', b'1', '3', NULL, NULL, '2019-01-25 23:09:47.596419', NULL, NULL, NULL, 'Menu', NULL, NULL, NULL, '3', 'Example');
INSERT INTO `sys_resource` VALUES (1081090512116649984, 1082542708943360000, NULL, NULL, '登录日志', 'fa fa-th-large', '/SystemManage/LoginLog/Index', 'iframe', b'0', b'0', b'0', b'1', b'0', b'0', 1, b'0', b'1', '&nbsp;', NULL, NULL, '2019-01-08 15:41:21.896606', NULL, NULL, NULL, 'Menu', NULL, NULL, NULL, 'SystemManage_LoginLog_Index', 'System');
INSERT INTO `sys_resource` VALUES (1082531367444680704, 1082542708943360000, NULL, NULL, '操作日志', 'fa fa-th-large', '/SystemManage/OperateLog/Index', 'iframe', b'0', b'0', b'0', b'1', b'0', b'0', 2, b'0', b'1', '&nbsp;', NULL, NULL, '2019-01-08 15:41:38.638508', NULL, NULL, NULL, 'Menu', NULL, NULL, NULL, 'SystemManage_OperateLog_Index', 'System');
INSERT INTO `sys_resource` VALUES (1082542708943360000, 1088816067578564608, NULL, NULL, '日志管理', 'fa fa-th-large', '&nbsp;', 'expand', b'0', b'0', b'0', b'1', b'0', b'0', 2, b'0', b'1', '&nbsp;', NULL, NULL, '2019-01-25 23:11:50.687651', NULL, NULL, NULL, 'Menu', NULL, NULL, NULL, '1', 'System');
INSERT INTO `sys_resource` VALUES (1088816067578564608, 0, NULL, NULL, '系统安全', 'fa fa-th-large', NULL, 'expand', b'0', b'0', b'0', b'1', b'0', b'0', 2, b'0', b'1', NULL, '2019-01-25 23:09:14.392333', NULL, NULL, NULL, NULL, NULL, 'Menu', NULL, NULL, NULL, '1', 'Security');
INSERT INTO `sys_resource` VALUES (1088816674792148992, 1088816067578564608, NULL, NULL, '服务器监控', 'fa fa-th-large', '/SystemSecurity/ServerMonitoring/Index', 'iframe', b'0', b'0', b'0', b'1', b'0', b'0', 1, b'0', b'1', '&nbsp;', NULL, NULL, '2019-01-25 23:28:00.016759', NULL, NULL, NULL, 'Menu', NULL, NULL, NULL, 'SystemSecurity_ServerMonitoring_Index', 'Security');
INSERT INTO `sys_resource` VALUES (1088817307154780160, 1055090255939637248, NULL, NULL, '外部邮件', 'fa fa-th-large', '/ExampleManage/SendMail/Index', 'iframe', b'0', b'0', b'0', b'1', b'0', b'0', 1, b'0', b'1', NULL, '2019-01-25 23:14:09.930774', NULL, NULL, NULL, NULL, NULL, 'Menu', NULL, NULL, NULL, 'ExampleManage_SendMail_Index', 'Example');
INSERT INTO `sys_resource` VALUES (1088817556858474496, 1055090255939637248, NULL, NULL, '短信工具', 'fa fa-th-large', '/ExampleManage/SendMessages/Index', 'iframe', b'0', b'0', b'0', b'1', b'0', b'0', 2, b'0', b'1', '&nbsp;', NULL, NULL, '2019-01-25 23:27:24.298757', NULL, NULL, NULL, 'Menu', NULL, NULL, NULL, 'ExampleManage_SendMessages_Index', 'Example');
INSERT INTO `sys_resource` VALUES (1088817721405214720, 1055090255939637248, NULL, NULL, '二维码生成', 'fa fa-th-large', '/ExampleManage/BarCode/Index', 'iframe', b'0', b'0', b'0', b'1', b'0', b'0', 3, b'0', b'1', '&nbsp;', NULL, NULL, '2019-01-25 23:15:56.023322', NULL, NULL, NULL, 'Menu', NULL, NULL, NULL, 'ExampleManage_BarCode_Index', 'Example');
INSERT INTO `sys_resource` VALUES (1088818037307609088, 1055090255939637248, NULL, NULL, '打印测试', 'fa fa-th-large', '/ExampleManage/Print/Index', 'iframe', b'0', b'0', b'0', b'1', b'0', b'0', 4, b'0', b'1', '&nbsp;', NULL, NULL, '2019-01-25 23:17:14.479594', NULL, NULL, NULL, 'Menu', NULL, NULL, NULL, 'ExampleManage_Print_Index', 'Example');
INSERT INTO `sys_resource` VALUES (1088818336252432384, 1055090255939637248, NULL, NULL, '电子签章', 'fa fa-th-large', '/ExampleManage/Signet/Index', 'iframe', b'0', b'0', b'0', b'1', b'0', b'0', 5, b'0', b'1', '&nbsp;', NULL, NULL, '2019-01-25 23:21:03.334623', NULL, NULL, NULL, 'Menu', NULL, NULL, NULL, 'ExampleManage_Signet_Index', 'Example');

-- ----------------------------
-- Table structure for sys_role
-- ----------------------------
DROP TABLE IF EXISTS `sys_role`;
CREATE TABLE `sys_role`  (
  `Id` bigint(20) NOT NULL AUTO_INCREMENT,
  `OrganizeId` bigint(20) NULL DEFAULT NULL,
  `FullName` longtext CHARACTER SET utf8 COLLATE utf8_general_ci NULL,
  `EnCode` longtext CHARACTER SET utf8 COLLATE utf8_general_ci NULL,
  `SortCode` int(11) NULL DEFAULT NULL,
  `AllowEdit` bit(1) NULL DEFAULT NULL,
  `AllowDelete` bit(1) NULL DEFAULT NULL,
  `Description` longtext CHARACTER SET utf8 COLLATE utf8_general_ci NULL,
  `Type` longtext CHARACTER SET utf8 COLLATE utf8_general_ci NULL,
  `EnabledMark` bit(1) NULL DEFAULT NULL,
  `DeletedMark` bit(1) NULL DEFAULT NULL,
  `CreationTime` datetime(6) NULL DEFAULT NULL,
  `CreatorUserId` bigint(20) NULL DEFAULT NULL,
  `LastModificationTime` datetime(6) NULL DEFAULT NULL,
  `LastModifierUserId` bigint(20) NULL DEFAULT NULL,
  `DeletionTime` datetime(6) NULL DEFAULT NULL,
  `DeleterUserId` bigint(20) NULL DEFAULT NULL,
  PRIMARY KEY (`Id`) USING BTREE,
  INDEX `IX_Sys_Role_OrganizeId`(`OrganizeId`) USING BTREE,
  CONSTRAINT `FK_Sys_Role_Sys_Organize_OrganizeId` FOREIGN KEY (`OrganizeId`) REFERENCES `sys_organize` (`Id`) ON DELETE NO ACTION ON UPDATE RESTRICT
) ENGINE = InnoDB AUTO_INCREMENT = 1082560217348182017 CHARACTER SET = utf8 COLLATE = utf8_general_ci ROW_FORMAT = Compact;

-- ----------------------------
-- Records of sys_role
-- ----------------------------
INSERT INTO `sys_role` VALUES (1, 100001, '普通会员', 'member', 1, b'0', b'0', '普通会员', 'SystemRole', b'1', b'0', '2018-08-31 00:33:32.000000', NULL, '2019-01-08 16:48:59.328484', NULL, NULL, NULL);
INSERT INTO `sys_role` VALUES (8, 100001, '测试人员', 'tester', 8, b'0', b'0', '测试人员', 'BusinessRole', b'1', b'0', '2018-08-22 11:18:30.767803', NULL, '2019-01-08 16:49:05.771260', NULL, NULL, NULL);
INSERT INTO `sys_role` VALUES (30, 100001, '超级管理员', 'administrator', 999, b'0', b'0', '超级管理员', 'SystemRole', b'1', b'0', '2018-08-22 11:18:30.767803', NULL, '2019-01-25 23:22:21.388221', NULL, NULL, NULL);
INSERT INTO `sys_role` VALUES (1036862466061111296, 100001, '微信公众号用户', 'weixin', 1, b'0', b'0', '微信用户专用', 'OtherRole', b'1', b'0', '2018-09-04 14:24:10.539870', NULL, '2018-12-07 01:18:04.099916', NULL, NULL, NULL);
INSERT INTO `sys_role` VALUES (1082560217348182016, 100001, '管理员', 'system', 5, b'0', b'0', '管理员', 'SystemRole', b'1', b'0', '2019-01-08 16:50:43.469818', NULL, NULL, NULL, '2019-01-08 16:51:19.605349', NULL);

-- ----------------------------
-- Table structure for sys_user
-- ----------------------------
DROP TABLE IF EXISTS `sys_user`;
CREATE TABLE `sys_user`  (
  `Id` bigint(20) NOT NULL AUTO_INCREMENT,
  `UserName` longtext CHARACTER SET utf8 COLLATE utf8_general_ci NULL,
  `Password` longtext CHARACTER SET utf8 COLLATE utf8_general_ci NULL,
  `NickName` longtext CHARACTER SET utf8 COLLATE utf8_general_ci NULL,
  `RealName` longtext CHARACTER SET utf8 COLLATE utf8_general_ci NULL,
  `Email` longtext CHARACTER SET utf8 COLLATE utf8_general_ci NULL,
  `TelePhone` longtext CHARACTER SET utf8 COLLATE utf8_general_ci NULL,
  `MobilePhone` longtext CHARACTER SET utf8 COLLATE utf8_general_ci NULL,
  `WeChat` longtext CHARACTER SET utf8 COLLATE utf8_general_ci NULL,
  `Birthday` datetime(6) NULL DEFAULT NULL,
  `Type` tinyint(3) UNSIGNED NULL DEFAULT NULL,
  `Gender` tinyint(3) UNSIGNED NULL DEFAULT NULL,
  `LastLoginTime` datetime(6) NULL DEFAULT NULL,
  `EnabledMark` bit(1) NULL DEFAULT NULL,
  `DeletedMark` bit(1) NULL DEFAULT NULL,
  `CreationTime` datetime(6) NULL DEFAULT NULL,
  `CreatorUserId` bigint(20) NULL DEFAULT NULL,
  `LastModificationTime` datetime(6) NULL DEFAULT NULL,
  `LastModifierUserId` bigint(20) NULL DEFAULT NULL,
  `DeletionTime` datetime(6) NULL DEFAULT NULL,
  `DeleterUserId` bigint(20) NULL DEFAULT NULL,
  `CompanyId` bigint(20) NOT NULL,
  `DepartmentId` bigint(20) NOT NULL,
  `PositionId` bigint(20) NOT NULL,
  `Description` longtext CHARACTER SET utf8 COLLATE utf8_general_ci NULL,
  `SecretKey` longtext CHARACTER SET utf8 COLLATE utf8_general_ci NULL,
  `IsAdministrator` bit(1) NULL DEFAULT NULL,
  PRIMARY KEY (`Id`) USING BTREE,
  INDEX `IX_Sys_User_CompanyId`(`CompanyId`) USING BTREE,
  INDEX `IX_Sys_User_DepartmentId`(`DepartmentId`) USING BTREE,
  INDEX `IX_Sys_User_DutyId`(`PositionId`) USING BTREE
) ENGINE = InnoDB AUTO_INCREMENT = 1036889488263090177 CHARACTER SET = utf8 COLLATE = utf8_general_ci ROW_FORMAT = Compact;

-- ----------------------------
-- Records of sys_user
-- ----------------------------
INSERT INTO `sys_user` VALUES (1032079319188508672, 'admin', '38f2190d1e0f6863c37a04ed25453b0f', 'admin', 'admin', 'admin', NULL, 'admin', 'admin', '2018-08-22 00:00:00.000000', 1, 1, '2019-01-25 23:25:44.368197', b'1', b'0', '2018-08-22 09:37:39.458569', 1, '2018-09-05 11:12:00.524980', NULL, NULL, NULL, 100001, 100001, 2, 'admin', '31c2cc5d9385c6e6', b'1');
INSERT INTO `sys_user` VALUES (1035199422839001088, 'tester', '38f2190d1e0f6863c37a04ed25453b0f', 'tester', 'tester', 'tester', NULL, 'tester', 'tester', '2018-08-31 00:00:00.000000', 1, 1, '2018-08-31 00:24:00.000000', b'1', b'0', '2018-08-31 00:15:50.138455', 1, '2019-01-04 15:34:18.925296', NULL, '2019-01-09 14:15:14.081182', NULL, 100001, 100001, 1, 'tester', '31c2cc5d9385c6e6', b'0');
INSERT INTO `sys_user` VALUES (1035204308993445888, 'member', '38f2190d1e0f6863c37a04ed25453b0f', 'member', 'member', 'member', NULL, 'member', 'member', '2018-08-31 00:00:00.000000', 1, 1, '2018-09-04 11:17:22.250833', b'1', b'0', '2018-08-31 00:35:15.087994', 1, '2018-09-04 17:06:28.597233', NULL, '2019-01-08 16:58:13.840008', NULL, 100001, 100001, 1, 'member', '31c2cc5d9385c6e6', b'0');
INSERT INTO `sys_user` VALUES (1035359633864265728, 'flyang', 'ca7719c580d06a44b0964b9904ebb85c', 'flyang', 'flyang', 'flyang', NULL, 'flyang', 'flyang', '2018-08-31 00:00:00.000000', 1, 1, '2019-01-08 15:06:54.034538', b'1', b'0', '2018-08-31 10:52:28.386479', 1, '2019-01-08 16:58:18.556037', NULL, NULL, NULL, 100001, 100001, 1, 'weixin', '465181f8d130037f', NULL);

-- ----------------------------
-- Table structure for sys_userrole
-- ----------------------------
DROP TABLE IF EXISTS `sys_userrole`;
CREATE TABLE `sys_userrole`  (
  `UserId` bigint(20) NOT NULL,
  `RoleId` bigint(20) NOT NULL,
  `DeletedMark` bit(1) NULL DEFAULT NULL,
  PRIMARY KEY (`UserId`, `RoleId`) USING BTREE,
  INDEX `IX_Sys_UserRole_RoleId`(`RoleId`) USING BTREE,
  CONSTRAINT `FK_Sys_UserRole_Sys_Role_RoleId` FOREIGN KEY (`RoleId`) REFERENCES `sys_role` (`Id`) ON DELETE CASCADE ON UPDATE RESTRICT,
  CONSTRAINT `FK_Sys_UserRole_Sys_User_UserId` FOREIGN KEY (`UserId`) REFERENCES `sys_user` (`Id`) ON DELETE CASCADE ON UPDATE RESTRICT
) ENGINE = InnoDB CHARACTER SET = utf8 COLLATE = utf8_general_ci ROW_FORMAT = Compact;

-- ----------------------------
-- Records of sys_userrole
-- ----------------------------
INSERT INTO `sys_userrole` VALUES (1032079319188508672, 30, b'1');
INSERT INTO `sys_userrole` VALUES (1035199422839001088, 8, NULL);
INSERT INTO `sys_userrole` VALUES (1035204308993445888, 1, NULL);
INSERT INTO `sys_userrole` VALUES (1035359633864265728, 1036862466061111296, b'1');

SET FOREIGN_KEY_CHECKS = 1;
